#
#model:
#
#<?xml version="1.0" encoding="UTF-8" standalone="no"?><input id="posterior" spec="beast.base.inference.CompoundDistribution">
#    <distribution id="prior" spec="beast.base.inference.CompoundDistribution">
#        <distribution conditionOnRhoSampling="true" id="srfbd" spec="sr.speciation.SRangesBirthDeathModel">
#            <parameter id="originFBD.t:tree" lower="0.0" name="origin" spec="beast.base.inference.parameter.RealParameter">50.0</parameter>
#            <parameter id="diversificationRateFBD.t:tree" lower="0.0" name="diversificationRate" spec="beast.base.inference.parameter.RealParameter">0.0851028889601494</parameter>
#            <parameter id="turnoverFBD.t:tree" lower="0.0" name="turnover" spec="beast.base.inference.parameter.RealParameter" upper="1.0">0.307897139129114</parameter>
#            <parameter id="samplingProportionFBD.t:tree" lower="0.0" name="samplingProportion" spec="beast.base.inference.parameter.RealParameter" upper="1.0">0.316646848401201</parameter>
#            <parameter id="RealParameter" lower="0.0" name="removalProbability" spec="beast.base.inference.parameter.RealParameter" upper="0.0">0.0</parameter>
#            <parameter id="RealParameter1" lower="0.0" name="rho" spec="beast.base.inference.parameter.RealParameter" upper="0.0">0.138888888888889</parameter>
#            <tree id="Tree.t:tree" nodetype="sr.evolution.tree.SRNode" spec="sr.evolution.tree.SRTree">
#                <trait id="dateTrait.t:tree" spec="beast.base.evolution.tree.TraitSet" traitname="date-backward" value="                 Aelurodon_asthenostylus_first = 17.6388951014867,                 Aelurodon_asthenostylus_last = 15.5291738258442,                 Aelurodon_ferox_first = 14.0435774251935,                 Aelurodon_ferox_last = 12.2207327952608,                 Aelurodon_mcgrewi_first = 14.4193823893182,                 Aelurodon_stirtoni_first = 15.5631675095204,                 Aelurodon_stirtoni_last = 11.8928663030732,                 Aelurodon_taxoides_first = 20.2768488994008,                 Aelurodon_taxoides_last = 5.71238406333141,                 Aenocyon_dirus_first = 2.27979533837317,                 Aenocyon_dirus_last = 0.0739652029814199,                 Archaeocyon_falkenbachi_first = 20.7002738420595,                 Archaeocyon_leptodus_first = 33.1968855309067,                 Archaeocyon_leptodus_last = 23.9249474272458,                 Archaeocyon_pavidus_first = 31.7991906106006,                 Archaeocyon_pavidus_last = 24.1917000091029,                 Borophagus_diversidens_first = 3.08350143520813,                 Borophagus_diversidens_last = 2.42726498155389,                 Borophagus_dudleyi_first = 7.53482148735784,                 Borophagus_dudleyi_last = 5.10446185935731,                 Borophagus_hilli_first = 5.27551536033861,                 Borophagus_hilli_last = 3.2299101293087,                 Borophagus_littoralis_first = 10.6521983150626,                 Borophagus_littoralis_last = 6.15764227760103,                 Borophagus_orc_first = 5.17221380588599,                 Borophagus_orc_last = 4.07150436453164,                 Borophagus_parvus_first = 8.71740390066989,                 Borophagus_pugnator_first = 12.1805460496806,                 Borophagus_pugnator_last = 10.0943317356519,                 Borophagus_secundus_first = 13.4368760929443,                 Borophagus_secundus_last = 9.01369230942801,                 Caedocyon_tedfordi_first = 23.4846384619689,                 Canis_armbrusteri_first = 0.849972266383935,                 Canis_armbrusteri_last = 0.104958486720663,                 Canis_edwardii_first = 3.76103117309185,                 Canis_edwardii_last = 1.15663823434152,                 Canis_latrans_first = 3.78627261997946,                 Canis_latrans_last = 0,                 Canis_lepophagus_first = 3.15840280940756,                 Canis_lepophagus_last = 2.44233065160969,                 Canis_lupus_first = 2.77065899678227,                 Canis_lupus_last = 0,                 Canis_thooides_first = 3.46207251674496,                 Carpocyon_compressus_first = 15.5265865651565,                 Carpocyon_compressus_last = 13.1765236646885,                 Carpocyon_limosus_first = 9.89213935770094,                 Carpocyon_robustus_first = 12.8498419329524,                 Carpocyon_webbi_first = 15.1780345318024,                 Carpocyon_webbi_last = 8.69295357186347,                 Cerdocyon_texanus_first = 10.1442399717867,                 Cerdocyon_texanus_last = 2.40875346499961,                 Cormocyon_copei_first = 27.8095915843267,                 Cormocyon_copei_last = 17.2852936050342,                 Cormocyon_haydeni_first = 21.1918586683855,                 Cormocyon_haydeni_last = 20.658055644682,                 Cuon_alpinus_first = 2.27704428873211,                 Cuon_alpinus_last = 0,                 Cynarctoides_acridens_first = 26.1074385337206,                 Cynarctoides_acridens_last = 14.8387939147418,                 Cynarctoides_emryi_first = 16.49938257623,                 Cynarctoides_gawnae_first = 17.2568375674635,                 Cynarctoides_harlowi_first = 22.0228648490156,                 Cynarctoides_lemur_first = 27.2124138687039,                 Cynarctoides_lemur_last = 26.4954681783075,                 Cynarctoides_luskensis_first = 24.2501825520792,                 Cynarctoides_roii_first = 27.1622978210915,                 Cynarctus_crucidens_first = 11.9335607969482,                 Cynarctus_crucidens_last = 9.65050739065371,                 Cynarctus_galushai_first = 14.6482947424101,                 Cynarctus_marylandica_first = 13.9414344269014,                 Cynarctus_saxatilis_first = 14.0388108713855,                 Cynarctus_voorhiesi_first = 13.4155692697968,                 Cynodesmus_martini_first = 23.0371602880722,                 Cynodesmus_thooides_first = 32.8807090139715,                 Cynodesmus_thooides_last = 25.0404001902067,                 Desmocyon_matthewi_first = 19.9207566640247,                 Desmocyon_thomsoni_first = 24.1937294742651,                 Desmocyon_thomsoni_last = 16.0743772443524,                 Ectopocynus_antiquus_first = 32.2800444192952,                 Ectopocynus_antiquus_last = 22.9021747907181,                 Ectopocynus_intermedius_first = 30.0517491810163,                 Ectopocynus_simplicidens_first = 18.8136123881955,                 Enhydrocyon_basilatus_first = 27.2210197159369,                 Enhydrocyon_basilatus_last = 24.0325080933864,                 Enhydrocyon_crassidens_first = 27.2291299484903,                 Enhydrocyon_crassidens_last = 24.3770162021625,                 Enhydrocyon_pahinsintewakpa_first = 28.2537976015126,                 Enhydrocyon_pahinsintewakpa_last = 24.0821550361672,                 Enhydrocyon_stenocephalus_first = 28.3203170650639,                 Enhydrocyon_stenocephalus_last = 24.4472938080399,                 Epicyon_aelurodontoides_first = 4.92456496306695,                 Epicyon_haydeni_first = 15.559875753657,                 Epicyon_haydeni_last = 5.2764167661313,                 Epicyon_saevus_first = 15.4118705424806,                 Epicyon_saevus_last = 10.20694451374,                 Eucyon_davisi_first = 10.4781959593687,                 Eucyon_davisi_last = 2.26775571531616,                 Eucyon_ferox_first = 7.4238353386987,                 Eucyon_ferox_last = 4.55482664324809,                 Euoplocyon_brachygnathus_first = 13.6453490062919,                 Euoplocyon_spissidens_first = 20.101979685002,                 Hesperocyon_coloradensis_first = 33.6146804714575,                 Hesperocyon_gregarius_first = 34.3921847686171,                 Hesperocyon_gregarius_last = 27.4570509198471,                 Leptocyon_douglassi_first = 26.3714118327014,                 Leptocyon_douglassi_last = 25.5005957289572,                 Leptocyon_gregorii_first = 21.6789797055256,                 Leptocyon_leidyi_first = 24.1308784571197,                 Leptocyon_leidyi_last = 14.6383875090978,                 Leptocyon_matthewi_first = 11.7790381998057,                 Leptocyon_matthewi_last = 6.30837314713684,                 Leptocyon_mollis_first = 27.074083898752,                 Leptocyon_vafer_first = 16.8985675960127,                 Leptocyon_vafer_last = 11.4009006983833,                 Leptocyon_vulpinus_first = 28.6075482165883,                 Leptocyon_vulpinus_last = 19.2433771007136,                 Lycaon_pictus_first = 2.54760122935106,                 Lycaon_pictus_last = 0,                 Mesocyon_brachyops_first = 28.6684542458504,                 Mesocyon_brachyops_last = 26.7414860642934,                 Mesocyon_coryphaeus_first = 27.9086828071857,                 Mesocyon_coryphaeus_last = 27.5889381694813,                 Mesocyon_temnodon_first = 33.6659311775118,                 Mesocyon_temnodon_last = 21.7018949828087,                 Metalopex_macconnelli_first = 13.0024642426521,                 Metalopex_macconnelli_last = 7.36712425900623,                 Metalopex_merriami_first = 13.0395820708945,                 Metalopex_merriami_last = 10.2253369280603,                 Metatomarctus_canavus_first = 20.0106213743589,                 Metatomarctus_canavus_last = 18.0110617333127,                 Microtomarctus_conferta_first = 17.2751225737808,                 Microtomarctus_conferta_last = 13.2537710438832,                 Osbornodon_brachypus_first = 24.4659802010329,                 Osbornodon_brachypus_last = 16.9755731155816,                 Osbornodon_fricki_first = 20.1388888533646,                 Osbornodon_fricki_last = 13.7066358034429,                 Osbornodon_iamonensis_first = 22.7799363379646,                 Osbornodon_iamonensis_last = 18.666266691722,                 Osbornodon_renjiei_first = 33.5181031739339,                 Osbornodon_renjiei_last = 32.9748317586025,                 Osbornodon_sesnoni_first = 31.9332046746975,                 Osbornodon_sesnoni_last = 30.2158014581772,                 Otarocyon_cooki_first = 26.909623377095,                 Otarocyon_cooki_last = 20.5909525206423,                 Otarocyon_macdonaldi_first = 36.7620125577785,                 Otarocyon_macdonaldi_last = 33.8098709093872,                 Oxetocyon_cuspidatus_first = 32.6384137528483,                 Paracynarctus_kelloggi_first = 16.784022442773,                 Paracynarctus_kelloggi_last = 11.2365657688279,                 Paracynarctus_sinclairi_first = 15.7892440386256,                 Paraenhydrocyon_josephi_first = 27.977723738947,                 Paraenhydrocyon_josephi_last = 24.4146271545277,                 Paraenhydrocyon_robustus_first = 24.4868225909327,                 Paraenhydrocyon_wallovianus_first = 24.110140229275,                 Paraenhydrocyon_wallovianus_last = 21.2496636213466,                 Paratomarctus_euthos_first = 17.1150351010659,                 Paratomarctus_euthos_last = 11.4975507254712,                 Paratomarctus_temerarius_first = 16.4019173367461,                 Paratomarctus_temerarius_last = 6.75345770732965,                 Philotrox_condoni_first = 30.7587284527952,                 Philotrox_condoni_last = 27.4673355377356,                 Phlaocyon_achoros_first = 23.4243062292226,                 Phlaocyon_annectens_first = 21.8536654611141,                 Phlaocyon_latidens_first = 31.7511993225897,                 Phlaocyon_latidens_last = 28.5760751033202,                 Phlaocyon_leucosteus_first = 22.1630137300165,                 Phlaocyon_leucosteus_last = 16.8204999030009,                 Phlaocyon_mariae_first = 17.2226218172442,                 Phlaocyon_marslandensis_first = 16.2950121659134,                 Phlaocyon_minor_first = 26.4400356083177,                 Phlaocyon_minor_last = 15.9913627090864,                 Phlaocyon_multicuspus_first = 22.4763104832172,                 Phlaocyon_yatkolai_first = 20.1625370863453,                 Prohesperocyon_wilsoni_first = 34.6696177950595,                 Protepicyon_raki_first = 14.2614949754206,                 Protomarctus_optatus_first = 16.352450560811,                 Protomarctus_optatus_last = 13.6562266110745,                 Psalidocyon_marianae_first = 14.4275619892846,                 Rhizocyon_oregonensis_first = 29.84998765036,                 Sunkahetanka_geringensis_first = 29.9300777912838,                 Sunkahetanka_geringensis_last = 27.6208145803878,                 Tephrocyon_rurestris_first = 18.3046888278285,                 Tephrocyon_rurestris_last = 15.6742414871138,                 Tomarctus_brevirostris_first = 19.568617036771,                 Tomarctus_brevirostris_last = 15.0303516401327,                 Tomarctus_hippophaga_first = 20.4142580354726,                 Tomarctus_hippophaga_last = 14.8008799105487,                 Urocyon_cinereoargenteus_first = 2.35131626598677,                 Urocyon_cinereoargenteus_last = 0,                 Urocyon_citrinus_first = 2.57600105357543,                 Urocyon_galushai_first = 1.90626016159076,                 Urocyon_minicephalus_first = 1.110667985701,                 Urocyon_webbi_first = 10.1909346390516,                 Vulpes_stenognathus_first = 8.11670672832988,                 Vulpes_stenognathus_last = 0.646368919825181,                 Xenocyon_falconeri_first = 2.37106256524893,                 Xenocyon_falconeri_last = 0.429500866065984,                 Xenocyon_texanus_first = 1.49411588453455">
#                    <taxa id="TaxonSet.morpho2" spec="beast.base.evolution.alignment.TaxonSet">
#                        <alignment filter="1,3,6-8,13-15,17-19,21,24-25,27,30,32,34-35,38-39,44-46,49,51-53,56,58,61-63,65,67-70,72-76,79-84,87-95,97-99,106,108-111,113-121,123-125" id="morpho2" spec="beast.base.evolution.alignment.FilteredAlignment">
#                            <userDataType ambiguities="" id="morphDataType.morpho2" nrOfStates="2" spec="beast.base.evolution.datatype.StandardData"/>
#                        </alignment>
#                    </taxa>
#                </trait>
#                <taxonset idref="TaxonSet.morpho2"/>
#            </tree>
#        </distribution>
#        <prior id="prior_diversificationRateFBD.t:tree" name="distribution" x="@diversificationRateFBD.t:tree">
#            <Exponential id="prior_diversificationRateFBD.t:tree_Exponential" name="distr">
#                <mean id="Function$Constant" spec="beast.base.core.Function$Constant" value="0.0767"/>
#            </Exponential>
#        </prior>
#        <prior id="prior_turnoverFBD.t:tree" name="distribution" x="@turnoverFBD.t:tree">
#            <Beta id="prior_turnoverFBD.t:tree_Beta" name="distr">
#                <alpha id="Function$Constant1" spec="beast.base.core.Function$Constant" value="2.0"/>
#                <beta id="Function$Constant2" spec="beast.base.core.Function$Constant" value="1.0"/>
#            </Beta>
#        </prior>
#        <prior id="prior_samplingProportionFBD.t:tree" name="distribution" x="@samplingProportionFBD.t:tree">
#            <Beta id="prior_samplingProportionFBD.t:tree_Beta" name="distr">
#                <alpha id="Function$Constant3" spec="beast.base.core.Function$Constant" value="3.1"/>
#                <beta id="Function$Constant4" spec="beast.base.core.Function$Constant" value="6.9"/>
#            </Beta>
#        </prior>
#        <prior id="prior_originFBD.t:tree" name="distribution" x="@originFBD.t:tree">
#            <Exponential id="prior_originFBD.t:tree_Exponential" name="distr" offset="37.0">
#                <mean id="Function$Constant5" spec="beast.base.core.Function$Constant" value="9.67"/>
#            </Exponential>
#        </prior>
#        <prior id="prior_ucldMean.c:morpho" name="distribution">
#            <parameter id="ucldMean.c:morpho" lower="0.0" name="x" spec="beast.base.inference.parameter.RealParameter">0.016523004136293</parameter>
#            <LogNormal id="prior_ucldMean.c:morpho_LogNormal" name="distr">
#                <M id="Function$Constant6" spec="beast.base.core.Function$Constant" value="-4.0"/>
#                <S id="Function$Constant7" spec="beast.base.core.Function$Constant" value="0.5"/>
#            </LogNormal>
#        </prior>
#        <prior id="prior_ucldStdev.c:morpho" name="distribution">
#            <parameter id="ucldStdev.c:morpho" lower="0.0" name="x" spec="beast.base.inference.parameter.RealParameter">0.13573908988693</parameter>
#            <Gamma id="prior_ucldStdev.c:morpho_Gamma" name="distr">
#                <alpha id="Function$Constant8" spec="beast.base.core.Function$Constant" value="0.5396"/>
#                <beta id="Function$Constant9" spec="beast.base.core.Function$Constant" value="0.3819"/>
#            </Gamma>
#        </prior>
#    </distribution>
#    <distribution id="likelihood" spec="beast.base.inference.CompoundDistribution" useThreads="true">
#        <distribution data="@morpho2" id="treeLikelihood.morpho2" spec="beast.base.evolution.likelihood.TreeLikelihood" tree="@Tree.t:tree">
#            <siteModel id="SiteModel.s:morpho2" spec="beast.base.evolution.sitemodel.SiteModel">
#                <parameter id="mutationRate.s:morpho2" name="mutationRate" spec="beast.base.inference.parameter.RealParameter">1.0</parameter>
#                <parameter id="RealParameter2" lower="0.0" name="shape" spec="beast.base.inference.parameter.RealParameter" upper="0.0">1.0</parameter>
#                <parameter id="RealParameter3" lower="0.0" name="proportionInvariant" spec="beast.base.inference.parameter.RealParameter" upper="0.0">0.0</parameter>
#                <substModel datatype="@morphDataType.morpho2" id="LewisMK.s:morpho2" spec="morphmodels.evolution.substitutionmodel.LewisMK"/>
#            </siteModel>
#            <branchRateModel clock.rate="@ucldMean.c:morpho" id="RelaxedClock.c:morpho" spec="beast.base.evolution.branchratemodel.UCRelaxedClockModel" tree="@Tree.t:tree">
#                <LogNormal S="@ucldStdev.c:morpho" id="LogNormalDistributionModel.c:morpho2" meanInRealSpace="true" name="distr">
#                    <M id="Function$Constant10" spec="beast.base.core.Function$Constant" value="1.0"/>
#                </LogNormal>
#                <rateCategories dimension="394" id="rateCategories.c:morpho" spec="beast.base.inference.parameter.IntegerParameter">1</rateCategories>
#            </branchRateModel>
#        </distribution>
#        <distribution branchRateModel="@RelaxedClock.c:morpho" id="treeLikelihood.morpho3" spec="beast.base.evolution.likelihood.TreeLikelihood" tree="@Tree.t:tree">
#            <data ascertained="true" data="@morpho" excludefrom="36" excludeto="39" filter="2,5,10-12,16,22-23,29,31,33,36-37,41-43,47-48,50,54-55,59-60,64,71,78,85-86,100-104,107,112,122,124-126" id="morpho3" spec="beast.base.evolution.alignment.FilteredAlignment">
#                <userDataType ambiguities="" id="morphDataType.morpho3" nrOfStates="3" spec="beast.base.evolution.datatype.StandardData"/>
#            </data>
#            <siteModel id="SiteModel.s:morpho3" spec="beast.base.evolution.sitemodel.SiteModel">
#                <parameter id="mutationRate.s:morpho3" name="mutationRate" spec="beast.base.inference.parameter.RealParameter">1.0</parameter>
#                <parameter id="RealParameter4" lower="0.0" name="shape" spec="beast.base.inference.parameter.RealParameter" upper="0.0">1.0</parameter>
#                <parameter id="RealParameter5" lower="0.0" name="proportionInvariant" spec="beast.base.inference.parameter.RealParameter" upper="0.0">0.0</parameter>
#                <substModel datatype="@morphDataType.morpho3" id="LewisMK.s:morpho3" spec="morphmodels.evolution.substitutionmodel.LewisMK"/>
#            </siteModel>
#        </distribution>
#        <distribution branchRateModel="@RelaxedClock.c:morpho" id="treeLikelihood.morpho4" spec="beast.base.evolution.likelihood.TreeLikelihood" tree="@Tree.t:tree">
#            <data ascertained="true" data="@morpho" excludefrom="7" excludeto="11" filter="4,9,20,26,40,57,96,124-127" id="morpho4" spec="beast.base.evolution.alignment.FilteredAlignment">
#                <userDataType ambiguities="" id="morphDataType.morpho4" nrOfStates="4" spec="beast.base.evolution.datatype.StandardData"/>
#            </data>
#            <siteModel id="SiteModel.s:morpho4" spec="beast.base.evolution.sitemodel.SiteModel">
#                <parameter id="mutationRate.s:morpho4" name="mutationRate" spec="beast.base.inference.parameter.RealParameter">1.0</parameter>
#                <parameter id="RealParameter6" lower="0.0" name="shape" spec="beast.base.inference.parameter.RealParameter" upper="0.0">1.0</parameter>
#                <parameter id="RealParameter7" lower="0.0" name="proportionInvariant" spec="beast.base.inference.parameter.RealParameter" upper="0.0">0.0</parameter>
#                <substModel datatype="@morphDataType.morpho4" id="LewisMK.s:morpho4" spec="morphmodels.evolution.substitutionmodel.LewisMK"/>
#            </siteModel>
#        </distribution>
#        <distribution branchRateModel="@RelaxedClock.c:morpho" id="treeLikelihood.morpho5" spec="beast.base.evolution.likelihood.TreeLikelihood" tree="@Tree.t:tree">
#            <data ascertained="true" data="@morpho" excludefrom="4" excludeto="9" filter="28,66,77,105,124-128" id="morpho5" spec="beast.base.evolution.alignment.FilteredAlignment">
#                <userDataType ambiguities="" id="morphDataType.morpho5" nrOfStates="5" spec="beast.base.evolution.datatype.StandardData"/>
#            </data>
#            <siteModel id="SiteModel.s:morpho5" spec="beast.base.evolution.sitemodel.SiteModel">
#                <parameter id="mutationRate.s:morpho5" name="mutationRate" spec="beast.base.inference.parameter.RealParameter">1.0</parameter>
#                <parameter id="RealParameter8" lower="0.0" name="shape" spec="beast.base.inference.parameter.RealParameter" upper="0.0">1.0</parameter>
#                <parameter id="RealParameter9" lower="0.0" name="proportionInvariant" spec="beast.base.inference.parameter.RealParameter" upper="0.0">0.0</parameter>
#                <substModel datatype="@morphDataType.morpho5" id="LewisMK.s:morpho5" spec="morphmodels.evolution.substitutionmodel.LewisMK"/>
#            </siteModel>
#        </distribution>
#    </distribution>
#</input>
#
Sample	posterior	likelihood	prior	diversificationRateFBD	turnoverFBD	samplingProportionFBD	originFBD	treeLikelihood.2	treeLikelihood.3	treeLikelihood.4	treeLikelihood.5	mutationRate.2	mutationRate.3	mutationRate.4	mutationRate.5	ucldMean	ucldStdev	rate.mean	rate.variance	rate.coefficientOfVariation	srfbd	SACountFBD	treeHeight	
0	-3388.751295527754	-2691.807224320998	-696.9440712067559	0.013095113959873925	0.9630302909333418	0.6431794677783008	38.02819736228561	-1033.5875741729283	-1079.530429775524	-347.25845637890006	-231.43076399364537	0.6016676337129423	1.5041390318395131	1.8597932441652492	2.5264254956099763	0.029433544356484286	0.8491747095073562	0.025559172994363406	0.0010766989103762428	1.0274605255010412	-696.9587208676081	19	37.61981930153872	
1000000	-3424.645424432151	-2697.7820428972896	-726.8633815348611	0.03217204794110565	0.8962682806427823	0.6291709704276424	37.123553789818395	-1045.7869170405997	-1072.191719185969	-355.864460900081	-223.93894577063972	0.6459636870875823	1.4777775521603282	1.7150016009577385	2.1754391742176606	0.02421058770537056	0.7682448145325158	0.021100175359063396	4.847064534235367E-4	0.9135727592759582	-727.5796931222357	16	37.03992253282316	
2000000	-3398.3170186387933	-2707.331840697872	-690.9851779409212	0.051814321377300514	0.8442370521359396	0.6871248906717439	38.95652785080204	-1025.9266337691172	-1103.2202611760254	-344.8367527661568	-233.34819298657237	0.5797047754755335	1.526951899336205	1.7871786406816665	2.865479550746871	0.030039563223832763	0.8407603194765035	0.02886986891687519	0.0010152585739313985	1.0177881708497165	-689.597459667548	15	36.90382050353482	
3000000	-3410.1907613517365	-2697.3753101854163	-712.8154511663201	0.08708923389684613	0.7359873580783698	0.6960024881197848	38.04630596597554	-1047.9578912776212	-1074.2033729120085	-344.3196897660391	-230.89435622974727	0.6870422459379552	1.3992388474109458	1.7065096784388394	2.1166557632131746	0.028342119817399543	0.9022340483114019	0.025377009292460097	0.0012621160472445383	1.1373342690323882	-710.7549180067842	16	35.285818445825896	
4000000	-3394.1350910575616	-2680.54389418159	-713.5911968759715	0.01587100163555575	0.942404370475192	0.6169219247926866	37.313357562374684	-1023.6735120726976	-1072.8962360627547	-353.77612865089475	-230.19801739524314	0.6326070017313122	1.5425376123108536	1.4949772987856729	2.231418183433268	0.03300245419581365	0.9832966601817709	0.023838339923479522	0.0017608073635839946	1.282798460280329	-713.1768113075011	23	36.377830434423906	
5000000	-3417.67445392917	-2687.3272422409123	-730.3472116882577	0.030316612085720313	0.8909039989249882	0.6592644894705557	37.967926121549795	-1036.7533310010592	-1074.9005088123927	-355.50544442292687	-220.16795800453372	0.6146563420293398	1.482593526912191	1.8598982748485546	2.473365778248636	0.024530650603275247	0.9649775034005141	0.020381084977911728	9.038074082736439E-4	1.216291997048204	-729.9449156352432	14	36.04878339574744	
6000000	-3390.161783178918	-2701.296448419943	-688.8653347589751	0.02549813959416485	0.9230081890322972	0.6628572588106797	37.14103599443741	-1031.8255420566986	-1089.8573335511144	-347.54541641111183	-232.06815640101777	0.5956645752111945	1.5343299884422432	1.7399792988213343	2.5784394020705	0.03655176546007866	0.9115426378671995	0.025856636971704785	0.001317972321684904	1.0881790656251118	-687.5788191084159	20	36.76039013860612	
7000000	-3405.6757442105372	-2710.1241736691586	-695.5515705413789	0.03617127541678078	0.886760024951468	0.6843058842740322	37.158016497627045	-1031.8656000785024	-1101.8869446507376	-344.9834065502761	-231.3882223896424	0.5767385600711973	1.494253305533881	2.0103325201505418	2.8256056985796048	0.0308705125273851	0.843299485171085	0.026551641852700134	0.0011259755780706872	1.0938564082724875	-694.5564082017721	16	36.82235238019768	
8000000	-3396.617576159883	-2700.616399474735	-696.0011766851479	0.0400712952130683	0.8879535444354535	0.6189110525326614	37.486747128518104	-1022.9543000845538	-1100.9236572863267	-350.8289723302319	-225.9094697736224	0.5801703622402823	1.4921858253773603	2.298096657716204	2.275421538035775	0.029668440243381528	0.8946890193588698	0.02494231930739565	0.0012488867237482903	1.1418028008424388	-695.7800168313349	16	36.98547644399858	
9000000	-3382.336275644085	-2676.348468825962	-705.9878068181232	0.007945184128961736	0.9774874418454762	0.6070273078067601	37.37355242003578	-1036.132037410046	-1060.5503020209196	-357.614379036151	-222.0517503588447	0.5835989754156079	1.4857175062475594	1.925974195614851	2.919707068550146	0.03133460054049412	0.9983203064412152	0.027795078692704887	0.0018841592159630498	1.2903903907307888	-705.945889771416	15	37.14608886224574	
10000000	-3391.152317342847	-2683.778952713198	-707.3733646296487	0.043409559001595335	0.8644332064749266	0.6376308334139672	39.104188706626275	-1029.932798723962	-1066.6793584571346	-358.63675942292485	-228.53003610917673	0.653819492021522	1.3949678873746487	1.9082423668783282	2.433294523182871	0.03010789088307003	0.8848697023332354	0.02249178107223169	0.001031376065775227	1.0585252476590716	-706.6672578116891	17	38.89212536567562	
11000000	-3390.503031360883	-2687.8289962203103	-702.674035140573	0.028313184895515906	0.9059683281724287	0.6760936081372078	37.909608168921515	-1040.6636780124634	-1073.866114841547	-353.1856326918299	-220.11357067446997	0.6678586407000453	1.3272031910829822	2.1907408426302615	2.282060632350059	0.031535902463821396	0.7879682602328107	0.024259480873709	7.638962017680435E-4	0.9339680937858691	-701.96055649156	16	37.16509184075948	
12000000	-3399.6548898681635	-2705.834467730661	-693.8204221375028	0.027810905807388417	0.9023156310228932	0.7062235762131689	37.344038713055326	-1039.326282829629	-1083.46791059912	-356.9062831424528	-226.13399115945919	0.5481532889617119	1.5479580199706902	2.2384737877329197	2.486136201459407	0.035014789304864825	0.9574515352956207	0.027696513523392044	0.001315928331019214	1.0571703928000247	-691.7959801065506	20	36.99035162154308	
13000000	-3388.1084432181897	-2695.5225126593473	-692.5859305588423	0.0434967093483511	0.8765821258996594	0.69403099869048	37.205042179744204	-1036.474158664144	-1081.0302729295893	-355.4429025943978	-222.57517847121673	0.680671626766072	1.3280083454941116	1.9170511059587394	2.5103245465705895	0.034390363388316816	0.9551067686763415	0.026438389128774685	9.17841669660377E-4	0.9790598975822031	-690.617027278996	15	37.01024334100761	
14000000	-3416.9385006123666	-2701.970475913468	-714.9680246988987	0.04784129603394077	0.8399428343860008	0.6970604121919329	37.33544073227111	-1020.5301467254	-1088.3122052288827	-357.65625341328115	-235.4718705459042	0.6505275802066282	1.3144004160111238	2.2130627792030193	2.6875123683694127	0.02994573872699633	0.7930364576962403	0.02318392623707661	6.584924189726142E-4	0.9142394484430663	-713.7955663815052	14	36.89782366344135	
15000000	-3393.9144159183165	-2708.2597691142864	-685.65464680403	0.07791011180564082	0.7803977597756743	0.6818334559303921	38.12136860981484	-1030.5183730185845	-1093.8659505600604	-356.3460706082884	-227.52937492735336	0.5962233911410513	1.4588370232520462	2.2404740393181517	2.3713927902455403	0.030598891433492433	0.8938465231231019	0.02526096571195619	0.0012034673066435605	1.1230942500407841	-683.7943126654858	21	36.2504823313612	
16000000	-3377.0244966891523	-2661.7695607164137	-715.2549359727384	0.016348846445126523	0.9471711660144616	0.6303165776882267	37.673138301033696	-1024.0230850654646	-1056.2888959754168	-356.92731709743555	-224.53026257809643	0.6154473155755897	1.5100101402872816	1.7320869361804776	2.4352576031630466	0.03310532592615961	0.9437244205959138	0.02610257526496735	0.0015252450365264676	1.1310609071895796	-714.7493448421883	20	37.191428319240586	
17000000	-3424.2371023764467	-2684.594476737529	-739.6426256389176	0.024006625209286002	0.9186963759898746	0.6236065510330927	39.02203288827478	-1031.8528497747673	-1078.0007204307165	-347.7440916658857	-226.9968148661598	0.5827417342970409	1.5172635525318994	1.9253319040470442	2.6532042434874086	0.02983509803268117	1.0222457287615363	0.022444781025861553	0.0013287211878468697	1.2279178302348621	-739.0370673915929	17	36.689406871412174	
18000000	-3383.8634156868693	-2680.9855298934585	-702.8778857934109	0.015638000198775287	0.95001280086518	0.6160572165242311	38.96841239073346	-1022.4225089846781	-1075.5971656570825	-354.8368579345133	-228.12899731718466	0.6484055508666988	1.3927999570785519	2.226597272115716	1.998549693623842	0.03688961005148585	0.9408104999579597	0.02767851796645291	0.0012895931729947222	1.001284213560024	-702.0469642537664	21	36.68231468914739	
19000000	-3414.8986757785624	-2675.578608977755	-739.3200668008074	0.0230107125111729	0.9248981690550393	0.6236565331877428	37.461021495155904	-1025.4060101476757	-1066.5002668183133	-349.1355699785663	-234.5367620331994	0.6042327524434054	1.4788392686275973	2.1193691031529522	2.2511283554098926	0.02666301181185241	0.8518579386953296	0.020713408350563622	7.199041779587551E-4	1.001675868705924	-739.7316667986755	12	37.27440293992454	
20000000	-3426.827509940218	-2701.8233683916824	-725.0041415485356	0.049358964859439	0.8580315250593886	0.6400821844794665	38.781676724346546	-1035.8510954412513	-1089.7479048701052	-350.697460495724	-225.52690758460176	0.6321038716296955	1.494094724375031	1.906197690618357	1.957327961079005	0.03264884147154716	0.834335006390864	0.02481928067266681	8.895957689738741E-4	0.9895511211160065	-724.1185610771164	16	37.03750242173249	
21000000	-3375.1080066500563	-2678.371002728347	-696.7370039217096	0.0164562394685782	0.9454404226982065	0.6796702216118026	37.73854598406254	-1019.2702310774051	-1071.75362422328	-356.3149457805794	-231.03220164708233	0.6519906134856285	1.4261148577060159	2.025453923026211	1.982600259123653	0.029985603692705892	0.8622566969864541	0.024521548953685853	0.0010384255785031292	0.992683532822533	-696.1029072655332	17	37.56383831765632	
22000000	-3438.849574144098	-2703.1039765487267	-735.7455975953711	0.030311315758598308	0.8914161708635568	0.680202753924943	38.315551517317864	-1043.0871352092802	-1070.3971638184762	-354.1878783433104	-235.43179917765966	0.6848580019265428	1.3212659741962525	2.12671042357159	2.124560954379755	0.02570449866808079	0.8395631017275278	0.02033376398784953	6.353776673656129E-4	0.9548267547205578	-735.2862361321186	18	37.828116233036425	
23000000	-3408.072368818358	-2703.0511145005826	-705.0212543177755	0.02167010972917777	0.9246696940002529	0.6691944975161281	37.64236235914701	-1040.4419013508616	-1071.6227864344419	-365.3333299766846	-225.6530967385947	0.6156087808010543	1.5055587403554012	1.932098961873588	2.122231318303218	0.02773899325026316	1.0376840756712413	0.023815192989761844	0.0017230296265211826	1.4281484465063217	-704.1388477677581	20	36.95110598274429	
24000000	-3391.816271429887	-2680.8080832631526	-711.008188166734	0.0336658963778795	0.9008852346793317	0.6428790471739125	39.292238986821	-1030.0568203354517	-1072.1508210981037	-349.3822964698912	-229.21814535970626	0.6764194189054339	1.3127908286322263	1.7816845637994376	2.96496559645833	0.0307743651980953	0.8450203315196256	0.02516367521101277	0.001189344164230888	1.0998141733522733	-710.4412905577087	17	36.354389040739036	
25000000	-3400.473159328073	-2702.6397861257515	-697.8333732023216	0.03477785046617426	0.8857268341758673	0.6709452744459106	37.28108038799858	-1052.4367291493977	-1076.9217666721843	-354.01771083147105	-219.26357947269824	0.6063726440264515	1.5010215390097383	2.0028147323708168	2.2148001307614904	0.029547329008766263	0.87124768728377	0.024486735821520084	9.223754781311393E-4	1.022018145333859	-697.0888923938727	11	37.16225549764357	
26000000	-3415.573310400773	-2695.449730720752	-720.123579680021	0.05475290617780671	0.8514019838226575	0.5874439560144253	38.86045429156358	-1019.1460832472676	-1092.06313738567	-360.5732312842117	-223.66727880360287	0.6054120804767921	1.4984800318417062	2.057178066088436	2.160788568711449	0.03159161033405983	0.9207261253029182	0.023341647930721687	8.264306548410632E-4	1.0415201310690538	-719.6121739356118	16	37.006597837947744	
27000000	-3446.5584386161663	-2692.004521280359	-754.5539173358075	0.012354653737133172	0.9553926883278289	0.6028692463286247	43.67548365989345	-1036.5238608459604	-1074.252588502091	-360.47482623529436	-220.75324569701309	0.6380990614409714	1.3868850397064685	2.2416702399864032	2.221229555287794	0.025927183235371316	0.8097383045343297	0.02203427525021488	5.63516184249025E-4	0.9285535433912361	-754.9423404195079	16	38.20831058115231	
28000000	-3387.681718769179	-2675.7208408882325	-711.9608778809466	0.018731290519952818	0.9405547503790579	0.6251386748836839	37.717347285269376	-1030.747812177462	-1065.1250275097834	-348.9619735734712	-230.88602762751538	0.6161144275048687	1.4391617148157265	2.001431537992234	2.5888652525802107	0.027718492722212166	0.7462335539070082	0.024408116626850048	6.964430004229217E-4	0.964922369115932	-712.6376267825331	21	37.285811001049325	
29000000	-3390.0767624751884	-2682.9158492531355	-707.1609132220528	0.03153723715655544	0.8975498945188065	0.6527784644405716	37.64607019252252	-1023.1470021444609	-1082.1084194201514	-350.7723339313828	-226.88809375714044	0.594023043753969	1.4702891546443666	2.184464952593139	2.408146109837993	0.02819386802490042	0.8768269114763154	0.023681351329955462	0.0010507076260485393	1.0908187908847016	-706.8082535178718	16	36.673147027514325	
30000000	-3425.5441304170995	-2701.823210918931	-723.7209194981684	0.028462641835291843	0.9041192627058652	0.612796953882623	37.541803764073684	-1036.8153039280783	-1074.7932530987864	-357.913571751556	-232.3010821405103	0.6385888940842219	1.4244613034234437	1.9882220241874071	2.317270739261439	0.02775652064348595	0.7732890963481595	0.023659938350310005	9.136696656408536E-4	1.0435049146415865	-724.3077946835305	22	37.11079826754112	
31000000	-3399.383667805989	-2691.6136382999375	-707.7700295060512	0.05824581088537858	0.8210099232768167	0.6515605141262172	37.47248841381858	-1030.1118210237648	-1075.6495130165217	-353.29801630164	-232.55428795801055	0.5843658719690571	1.5414715314622318	1.9175327911139148	2.4181222649790786	0.028375485769373474	0.8640702691483858	0.023925240298065795	9.440583954825347E-4	1.0343231114178228	-707.0372709678509	20	36.78000782833878	
32000000	-3400.242321800416	-2697.778530091896	-702.4637917085201	0.012502502572769327	0.9525321898226867	0.7102361600939154	38.44812016688033	-1044.6186909090345	-1074.4097412020433	-354.9123778562653	-223.83772012455313	0.7021361959579193	1.2852338562361993	1.5834900296870789	3.07120001872192	0.02864291524126155	0.7819409583062343	0.026926486038307048	7.963396104261187E-4	0.9327947141440696	-701.7033031869374	17	37.880943790577625	
33000000	-3392.311380118711	-2694.6966724557365	-697.6147076629744	0.03992526339928573	0.8706560655324793	0.7075016445565345	37.810428300970116	-1039.2292620380956	-1080.2420688247516	-344.6082216508996	-230.61711994199013	0.626132821456948	1.441990655398018	2.1586543876167985	2.0979153154070027	0.02985875773984131	0.8123902535464466	0.023516451145337836	8.153522910981572E-4	0.9501943997972924	-696.3033679538304	11	37.37512565463247	
34000000	-3434.06381950816	-2709.176595052222	-724.8872244559379	0.023757907410571277	0.9168746386381951	0.6535616229307645	38.714975347883076	-1041.130927287599	-1093.769709248973	-343.93745071112255	-230.3385078045274	0.5996437965855583	1.5475825395616494	1.673009633941287	2.5007581494228663	0.028530238799770256	0.8333731382266033	0.023865116095520285	8.306398803000657E-4	0.9631601199253339	-724.6405291610195	23	38.14259395451219	
35000000	-3420.473653300769	-2699.933792382741	-720.5398609180279	0.016569763894255123	0.929652999934659	0.7068214131374574	38.71086878266651	-1053.7292119064161	-1083.1731573347938	-333.6630217926071	-229.36840134892356	0.6518691722476725	1.4426598013966152	1.859515237971746	2.1263958482747474	0.03242672113448915	0.9294548845332905	0.024167653846266512	0.0014215132720928672	1.1836551274902134	-718.8912419940732	17	37.83800488938774	
36000000	-3409.8025006982703	-2686.5126059507315	-723.2898947475386	0.05495643502509306	0.8343445565766133	0.6281655590570455	37.874258264298085	-1021.9124905011416	-1081.3687607414276	-355.33727407401994	-227.89408063414223	0.6141618878068759	1.371039885665378	2.378359828320678	2.579435461120422	0.03183473015090751	0.9945049844023005	0.023396751735465043	0.0014260396183344236	1.2056943383826815	-722.132004815263	20	36.650653582064706	
37000000	-3399.2761812772233	-2684.9791894485343	-714.2969918286889	0.0718453071629469	0.7629280342806852	0.6821205536828041	37.91044571707741	-1029.8039852133593	-1075.210349901175	-352.6382064832594	-227.32664785074041	0.5978197544614812	1.5490609327698204	1.6206581531144058	2.6137245023539535	0.030832013058342263	0.8879094238285131	0.02326564554202464	0.0012885387192635336	1.1223908223459362	-712.5057883105198	17	37.14861027548596	
38000000	-3414.591835154424	-2698.9548267676205	-715.6370083868037	0.04697720290214067	0.8396707474007934	0.6751644740447196	38.32569940248171	-1029.0999878000412	-1076.0889863021348	-366.563861451001	-227.20199121444378	0.5984756019771718	1.4899886907601345	2.083050621884243	2.323726757295773	0.028933950712912337	0.8418850158543595	0.026862975977664783	9.655687874992694E-4	0.9896289359516245	-714.6619699730221	17	36.991717790899976	
39000000	-3403.433671813621	-2673.0911459838167	-730.3425258298045	0.06482601871184318	0.759043688814904	0.7061688017144025	37.53259764717488	-1035.1813030237647	-1067.6030965989153	-344.0196393097494	-226.28710705138715	0.594135193588575	1.422345215808262	2.3653720304618173	2.520923326235211	0.028311008248342685	0.8772314369110258	0.022183444597562052	6.866757461991256E-4	1.0168472460569271	-728.5674174350328	14	37.37899740709822	
40000000	-3402.127900470423	-2680.916366223535	-721.2115342468878	0.06373171155386484	0.7989482026249621	0.6769265948601139	39.49866819869503	-1039.0338698809019	-1066.9421128737877	-343.59836805664486	-231.34201541220068	0.5798861107712181	1.5706642796457724	1.9052200130061117	2.2620503557748086	0.027687616538766526	0.986918318537351	0.021558564624185598	0.001006400769423359	1.1486248201268905	-719.4881623490094	20	37.43460825958947	
41000000	-3412.781050092656	-2676.4031451026117	-736.3779049900443	0.023212034739603385	0.9129763576205804	0.6841603050355215	39.191214373626906	-1041.4953434662657	-1070.2437950910369	-337.92191910403466	-226.74208744127407	0.6001957360929451	1.4504705419710322	2.0879001636756525	2.638220850062938	0.033069502169759485	0.9088697619756803	0.022687880033378776	0.0017818106376059277	1.2900284527621806	-734.9447161337472	16	37.0247401261606	
42000000	-3403.7194305687276	-2698.3731619948203	-705.3462685739074	0.03552407560283598	0.8979417332777518	0.5820016832815532	37.68484812926202	-1042.425400311148	-1084.2310689461287	-347.4346621302224	-224.2820306073212	0.6299512988725136	1.5439038984150633	1.5417407635691118	2.1877438994412546	0.02955961863982063	0.8976148166268814	0.025507114584612117	8.299102558445393E-4	1.0036155605829185	-705.5929649316764	26	37.29899881483242	
43000000	-3401.751089578319	-2672.096694325441	-729.6543952528777	0.02019657401395333	0.9322332479965766	0.6131637309641454	37.5119877617536	-1022.5153755731293	-1061.16395609059	-357.6016848481992	-230.81567781352248	0.5696710710294645	1.521959968958888	2.063601843211411	2.6173067041907228	0.02879172024181187	0.8255020037019568	0.027805992615459817	0.0011885900097273123	1.1669896919140466	-730.1114235581258	18	36.963784797285015	
44000000	-3403.0820183748488	-2690.2219824757294	-712.8600358991193	0.018826493013775782	0.9339375776341987	0.6397369412989896	38.24232021484705	-1022.2436439052498	-1093.1705259476337	-346.0905353813126	-228.71727724153317	0.6556174920545714	1.4188236182902272	1.7973501044294777	2.378492403600056	0.0337428696008261	0.8470344143350285	0.026606870173947573	0.0015794455882221052	1.1587614750851096	-712.3660500574236	24	37.048976863043954	
45000000	-3399.219694580179	-2708.422780020688	-690.7969145594906	0.017563546759056848	0.9446140781680192	0.6526572576400655	38.145966413747786	-1041.3236306754882	-1086.8205360039813	-354.1209919302385	-226.15762141098017	0.6125993680352563	1.467632821317727	1.6539132832014656	3.007568369868527	0.029229462560789992	0.6888985050495243	0.024464921380930184	4.537549641008399E-4	0.790171231713796	-691.1297514013506	21	37.003003014098745	
46000000	-3418.760662538428	-2695.847000818608	-722.9136617198199	0.023253690422354326	0.929860925750507	0.6107406454605236	39.719257440033466	-1024.4971783654569	-1079.193125927625	-362.35721315942544	-229.79948336610113	0.6618616979814295	1.3415306326539516	2.0908258493444385	2.4419068081149797	0.029615807534260314	0.7714665410319127	0.026474536084917743	0.0010202762747228396	0.9812263114802384	-723.220336925438	17	35.813203434340984	
47000000	-3404.5404586877617	-2684.679726934653	-719.8607317531087	0.016858322759075235	0.942867406818414	0.6408123347906782	37.05935339189672	-1016.2695689029173	-1083.7897375691418	-350.7254358706698	-233.8949845919238	0.602462395465441	1.5067053821872016	1.651005038048732	2.8536072298870234	0.027241916787479305	0.7423269959582286	0.02419335377986384	6.031602068376626E-4	0.8873177902540229	-720.4905385000967	18	36.99372096168395	
48000000	-3430.4088466109747	-2690.6123570477516	-739.7964895632232	0.05756090651598003	0.8271541866880305	0.571372797755684	37.35005219415208	-1033.2405871010742	-1091.858716905931	-337.7223799943088	-227.79067304643723	0.5580423428378829	1.578540610146984	1.7201433769296828	2.9300790851309295	0.02831223488731812	0.9554327634404922	0.023500897092483583	0.0015432949268896134	1.301629093421103	-739.7596368078034	14	36.81505375043734	
49000000	-3385.635427772383	-2669.5715457070496	-716.0638820653337	0.014859464885832173	0.9532010150823522	0.6088908544241156	37.23332800858194	-1023.8694392715461	-1077.3930946138305	-344.92625332653284	-223.38275849514008	0.6788776548832834	1.3967094216809135	1.6457871005617293	2.4008123361068385	0.03159555137698347	0.9212585562430345	0.023633710676196094	0.0010627467593590744	1.076906519519532	-716.1120774800593	17	36.89417848401604	
50000000	-3385.5536084626565	-2686.9543216882394	-698.5992867744169	0.012279930286212078	0.9572675846680315	0.6661912843552779	37.87924258680778	-1039.6982501852576	-1084.1046980431809	-337.52929995373296	-225.6220735060684	0.585114461593998	1.5171030609426868	2.0017678441360047	2.4758039539923287	0.032857276784977636	1.0315151934431543	0.023081775454138375	0.0019644587351571683	1.3954782985571024	-697.4043980598011	19	37.21490374280327	
51000000	-3425.2825581521774	-2692.4626130501083	-732.8199451020693	0.023742923208853423	0.9232033032605939	0.5691457125597583	37.44557208502877	-1034.1037708753474	-1078.1044779014096	-355.6451436230749	-224.60922065027611	0.5852988030716217	1.4993263280727918	2.0425664210429235	2.5608945521594553	0.03109584037801759	0.8691445554230705	0.023353183547396225	8.555286333186501E-4	0.9782277845236524	-733.3411349213351	19	37.14302565249409	
52000000	-3427.139592569819	-2687.3542321184927	-739.7853604513264	0.05095531728817576	0.8248855022096703	0.6861583964683396	37.773360661557476	-1041.200950164909	-1069.5752983299967	-353.624709406211	-222.95327421737582	0.6427728371013152	1.4470969429268412	1.6771798492490386	2.5783788725481323	0.02693820450336466	0.856484410227702	0.02108604776033196	9.161327369649423E-4	1.0574719849182226	-738.7744211217025	14	37.14075629902634	
53000000	-3392.619024289107	-2677.860458759069	-714.7585655300383	0.02425528761942478	0.925565824759065	0.6166109384638495	39.890467713698136	-1035.660442029699	-1072.6534032474176	-346.27640218760894	-223.2702112943435	0.5811960434899269	1.444303816595038	2.341598230815453	2.610743920409476	0.02900145607479598	0.9537053921108902	0.02515376854886431	0.0011266800386021763	1.1323632160672332	-714.4458357522767	19	37.0602881369521	
54000000	-3381.893123612959	-2657.889340886418	-724.0037827265409	0.008349067775275009	0.9705951860791163	0.6478485101642758	37.06337083241325	-1026.2278157429046	-1055.1992908866346	-347.53404562111814	-228.9281886357605	0.6494779500662937	1.3284371573313125	2.3598345919775787	2.3242739967982926	0.03477704873161559	1.0023202337208392	0.026112730319643278	0.0025619177158556798	1.3362296512087428	-723.109009127935	13	36.569890871024775	
55000000	-3374.1028171721923	-2677.8060767394923	-696.2967404327	0.035113732052677586	0.8836572045568062	0.6743715346497349	37.00130583227018	-1024.4027709026313	-1068.2603042465987	-357.07244267331305	-228.07055891694864	0.6338584073584407	1.371045917675045	2.0934258172405	2.7037818209437408	0.03152576610486375	0.9204498775085822	0.024707097691789998	0.0012575717666070702	1.1040298513653084	-695.1720916444098	20	36.1266830017762	
56000000	-3405.3130565037673	-2687.2908042165277	-718.0222522872394	0.02912209600115308	0.9030420858278227	0.6700033967520408	37.793647703156026	-1021.806950357498	-1083.6782002642417	-349.84353012510167	-231.96212346968662	0.5909827952067903	1.469149509791129	2.018792178552085	2.7660949904850076	0.029953578123192503	0.8122770550088214	0.02336245424723257	6.427428989514119E-4	0.9014294958305021	-717.4783088702887	19	37.1911969474122	
57000000	-3413.7702388164307	-2684.6108404824545	-729.1593983339765	0.020220511721098948	0.9272728713859247	0.6271881978594862	38.92972240192956	-1035.1391688632564	-1070.4430779908926	-343.7697532755374	-235.25884035276786	0.6271832330259348	1.4868165240636309	1.709507130192305	2.4605323780983785	0.02899774988371255	0.8796646109441968	0.02715646278940078	0.0012841320767263066	1.172445463330232	-729.1025692549508	22	36.40322014769279	
58000000	-3462.751016365818	-2714.6996236382247	-748.0513927275932	0.06519518543836762	0.7851463429500051	0.6444359903872616	37.8612421195084	-1039.8167013651168	-1095.868051443405	-344.5260374833525	-234.48883334635025	0.5792356862159574	1.516520229857894	2.140618467437231	2.34975757516099	0.02696469743758883	0.8386420500846627	0.023364984279602184	7.300136553102308E-4	1.0096861446009344	-747.4549250218217	16	36.49757268007955	
59000000	-3425.412117600957	-2691.6806805308743	-733.7314370700827	0.056439838198755185	0.8091369203716908	0.6688202319385966	37.089615610807336	-1032.0130544556455	-1084.9158183324225	-351.83591903310867	-222.91588870969733	0.6306269908997272	1.428668775290985	1.9815960648097006	2.442275081869738	0.028448034157485206	0.8721243560160256	0.022928156828134323	6.492373384049039E-4	0.9540851465370184	-732.770017847678	21	36.430261498299885	
60000000	-3449.878764151717	-2707.628096964482	-742.2506671872346	0.02852520067398896	0.9072913539097804	0.5845778025203293	40.27372435654199	-1037.8549460736842	-1096.946615163513	-341.0078760227828	-231.8186597045019	0.6385700980364217	1.4468954540231789	1.7973500784639669	2.4497464137878193	0.02392728474128948	0.9230647344707977	0.019954256815147346	8.686393498440465E-4	1.182676244247445	-742.7512864911592	21	37.25631501816066	
61000000	-3390.0033331560708	-2676.550693366411	-713.45263978966	0.08235555972227117	0.7554115666714671	0.6859723278829154	37.11947858093301	-1036.782063919483	-1076.3364144195266	-346.6376713003232	-216.79454372707795	0.6470832914595981	1.4390870459686695	1.7536156078391119	2.4348067348315143	0.027941345049675638	0.7213655937504666	0.02472099177116557	4.592731308488209E-4	0.7778023480657009	-712.3520715985809	18	36.62040493052979	
62000000	-3425.9339506846163	-2695.3725566080934	-730.5613940765227	0.03036115800515667	0.9118140621851619	0.5587727583800887	39.296589489667646	-1033.1035255976863	-1088.627932369852	-344.03180361340577	-229.60929502714896	0.6349053656604444	1.3944748162748484	1.9871533932971803	2.6590062677082096	0.030249797955292427	0.8324267898106105	0.025719655511347785	0.0016265448842561038	1.2398367989302341	-731.0946841410278	19	37.11261450572862	
63000000	-3422.4478503386235	-2702.676010369327	-719.7718399692965	0.007185886814779728	0.9775981493980374	0.6337897172577331	37.64941628181458	-1049.52873062526	-1082.8348358924359	-347.50161127071596	-222.81083258091465	0.689566800464343	1.4020395778054993	1.7423826769196191	1.9807049063189879	0.02464637572088241	0.7205109819351818	0.023265147153297052	4.842050712289156E-4	0.8120189445042383	-720.90394314681	21	37.609071678526966	
64000000	-3392.4575525250775	-2688.1057826190486	-704.3517699060291	0.014462597863172257	0.9562286638631373	0.6026361155209072	37.55495477595746	-1038.5025523163577	-1078.5928388417715	-346.5873500410682	-224.42304141985156	0.6328247301633517	1.4606056083365815	1.8456038207654015	2.3510729655279596	0.028929517748978912	0.8965753760384803	0.023100096559030663	0.0012309360858565746	1.1577893217861248	-704.7889906753273	14	36.69819183777887	
65000000	-3453.709408614192	-2681.426752790331	-772.2826558238608	0.040123726648171876	0.8589132632208663	0.5911432099970655	37.91393371182957	-1021.2513312259752	-1090.332457572151	-341.3968301174858	-228.44613387471904	0.6260222173768147	1.5131765421753396	1.8076222914422528	2.073649980238884	0.023553678883163356	1.0481275813683018	0.02020882813967695	6.520867127849868E-4	1.0830696265221984	-772.3968484172042	14	37.87318478631483	
66000000	-3450.021958412933	-2694.2381391981835	-755.7838192147498	0.03984318998471832	0.8513843412363095	0.6735301888524183	40.15047854291386	-1044.7047431323115	-1074.04270161754	-348.19529123325725	-227.29540321507443	0.6429003781781973	1.4209553575244755	2.020007365822498	2.211281706704986	0.023063464119300256	0.8615829484078932	0.019504129839334035	5.663042963139678E-4	0.9830581257867846	-755.2279189740618	14	38.07303298242954	
67000000	-3406.9600516873925	-2676.561875113967	-730.3981765734259	0.014788150623214832	0.9466227989525117	0.6606500225482416	37.488385810647	-1031.4418411674296	-1079.5072756857676	-338.96892138211075	-226.6438368786588	0.6528331065151809	1.43173935666843	1.839757539848244	2.2409410714616773	0.0285325515877217	0.8742077683723342	0.022720400499316052	9.757876246543642E-4	1.0944861579585683	-730.1987112109725	22	36.16189442019259	
68000000	-3414.0992918372917	-2671.7804338026604	-742.3188580346315	0.05442563664265918	0.8181058654352321	0.6107532208534976	38.522264044071264	-1038.1716679157214	-1073.3376919617308	-336.2063730654148	-224.0647008597935	0.6130779253466851	1.4350107501197693	1.9048933818697844	2.8528592490633544	0.025349572977681683	0.9133291689556089	0.022349773286868754	9.65239369892577E-4	1.1291700923140406	-742.1716807166074	20	36.99803770050571	
69000000	-3385.071311432361	-2670.8720226357327	-714.1992887966285	0.015608827323482665	0.9469411514750491	0.6761985408650553	37.40961880304698	-1027.4042017315587	-1071.0679665947173	-344.0070888764818	-228.39276543297507	0.5889148100340608	1.505905852015691	2.0975556064157503	2.336743629984458	0.035303018316269946	0.9915049668309664	0.02771464300733246	0.0016239165897762617	1.2383409980998132	-712.7234883395648	16	36.75252666334355	
70000000	-3416.5827760395564	-2664.140352445163	-752.4424235943934	0.03271986043052577	0.873455251586358	0.6758286886800212	39.38317066798385	-1032.9202954031757	-1059.289676494357	-340.0608676512871	-231.86951289634305	0.5830862694809349	1.3972773070874847	2.3965382178232986	2.901923234884408	0.02175841301499784	1.0167414572393647	0.01836451104963378	0.0011399984048413559	1.3748323390517645	-751.6724583086724	13	38.60703493544326	
71000000	-3387.2658463747707	-2679.675415554427	-707.5904308203436	0.06129481561443452	0.8004096697018885	0.6641603977747963	37.88966874809535	-1015.5755846287292	-1085.147446135826	-347.92417968882216	-231.02820510104985	0.6197112504036166	1.3241766535559192	2.300104140544768	3.0327141143749596	0.029804921698742923	0.8610253463866245	0.02285843634743673	0.0011171910688900406	1.1144311168576764	-706.4418438980615	18	37.449112151074054	
72000000	-3410.8561387583554	-2705.165229073218	-705.6909096851373	0.029013103840106105	0.9071791486969814	0.7082957741952688	37.56046210132971	-1047.4008551337026	-1072.2824845727991	-356.3390214853185	-229.14286788139768	0.5739446203253122	1.5030865625527237	2.098123844606409	2.64555642278357	0.02903247225990625	0.8221831431474559	0.026351821211682433	0.001061035425898635	1.0521431119579212	-704.6252883645452	19	37.18512329231066	
73000000	-3382.5556246684323	-2682.710381450466	-699.8452432179664	0.06644075281400323	0.823840077477791	0.683456864176806	37.930301848403616	-1026.6327854535532	-1072.012128089133	-349.2159391741858	-234.8495287335935	0.706278492058847	1.2997844231660372	2.1015424877902644	1.954949488754818	0.025046444418260226	0.7318937740019216	0.022035320279987468	7.950190767440964E-4	0.9881053514234186	-699.2303822941716	19	36.84193262910603	
74000000	-3382.7663573436294	-2681.548967424499	-701.2173899191301	0.009000004346389269	0.9708910046636244	0.6512368833882514	37.32171575529507	-1031.0456401858999	-1083.0621010502323	-338.0834944381789	-229.35773175018807	0.6737910224626907	1.370294005382319	1.859398555572739	2.36137705251594	0.030794535820425337	0.8974467879177258	0.021284420360752697	9.94021921459909E-4	1.1097180176158445	-700.9710918360704	16	36.71143052347243	
75000000	-3377.251702250069	-2673.605051398372	-703.6466508516968	0.0640943688101236	0.7961030793011789	0.6864972841783281	37.08020656090694	-1034.18817897398	-1065.0231034555104	-349.094008725824	-225.29976024305756	0.6250178646850468	1.406531409969902	2.1584634444030857	2.438566853549778	0.03289816385802392	0.942822473500672	0.02456718337533621	0.0017925300582724174	1.2525999622815962	-701.6367398667688	21	36.896948663387576	
76000000	-3393.5038362030996	-2681.4986424796516	-712.0051937234481	0.01577036502063362	0.9385436810942746	0.6823012636363516	39.63418920688794	-1024.6683085236975	-1075.0073537312223	-348.2614445143267	-233.5615357104047	0.6207299460653097	1.5163191557253732	1.9090607128152193	1.968402375804306	0.03590826650772453	0.919259909774129	0.02598829584293596	0.0010400074112274114	0.9979857262443297	-710.3567465894449	12	36.436982590225874	
77000000	-3409.3339147215793	-2672.2422895357076	-737.0916251858719	0.008860348925729324	0.9652537660903292	0.6063611816712414	42.47722028847648	-1015.3961717494428	-1085.304505990416	-345.9722396306919	-225.56937216515698	0.5834631827531854	1.4182536791359115	2.3942821409403554	2.7099226688208784	0.026152344325695104	0.9338753401812908	0.022438031374954547	0.00105075575970177	1.1341436070915816	-737.2082757198023	23	35.7945454475997	
78000000	-3427.1724767296546	-2680.252462603391	-746.9200141262638	0.050415785673932095	0.8372688421139659	0.6103118721872431	37.091638003892605	-1028.8398516051068	-1061.0802337880525	-355.67931447995824	-234.6530627302738	0.648167522704451	1.3310807974691286	1.8569804562240524	3.2053740930014074	0.023738173076738762	0.8069195390544863	0.021176170630540305	5.931841172107679E-4	0.9576724492015768	-747.4794784575203	15	36.861717464468335	
79000000	-3421.5267991050346	-2676.0612598594657	-745.4655392455688	0.061382277797045394	0.8041056677457216	0.6289161938484586	38.46603864806514	-1037.3898822046997	-1069.7586034416813	-352.11593465171387	-216.79683956137063	0.5784137737175115	1.6027236836082859	1.7936538616350945	2.196730889031518	0.02165618463335558	0.8128385772265987	0.018715642644277483	5.834023037369318E-4	1.0205631694832016	-745.6252135436771	18	37.062738423434496	
80000000	-3433.8239792022678	-2705.3971366738874	-728.4268425283803	0.07349490329692729	0.7643408484137562	0.6711528921617269	37.22412707915426	-1034.352308571146	-1089.8392779983656	-349.65012999323557	-231.55542011114	0.6670603230788337	1.3580336333495957	1.930051693828441	2.475960697156311	0.025407760532881137	0.7554903126242278	0.023773782453753917	4.76502726673066E-4	0.8266591868299498	-727.7958526922938	20	35.962778563058265	
81000000	-3431.0118065122124	-2692.7484292980007	-738.2633772142118	0.015059570455572949	0.9459591558575339	0.6038063236355912	39.10114698782505	-1040.7601122099613	-1073.0205928483247	-342.1663216316438	-236.80140260807093	0.7014763417347899	1.355045563274529	1.7241233062186376	2.2093236516858865	0.032456156439394215	0.9112156724899697	0.023164100860188823	0.0010277278474740755	1.085952034416366	-738.1111914453327	16	37.80730274217051	
82000000	-3402.648114880687	-2692.7207167907313	-709.9273980899559	0.06568047704188379	0.7937631704477296	0.6729792583864748	39.9248181258162	-1035.7301673776942	-1076.8330628072276	-342.74514862184367	-237.41233798396576	0.5806464048837726	1.5698155134981135	1.7820940308933753	2.4707141316621604	0.0294333760307295	0.8758860199333185	0.023571176105566947	9.361819634482958E-4	1.0364658555118749	-708.3634052251095	16	37.686735611958916	
83000000	-3416.2868985878595	-2668.0656769052985	-748.2212216825609	0.06007209676667963	0.8388684680030807	0.5522969202918552	39.458594362401115	-1027.877120556997	-1069.8996289160739	-346.4859362528284	-223.80299117939936	0.6158923307062384	1.5233656760048218	1.8709094846894492	2.063663034331812	0.020091863418700777	0.6923860609807089	0.018949082081140767	3.05360142783685E-4	0.8122721588341258	-749.6755107114114	18	37.672472900032886	
84000000	-3417.9826223032633	-2686.7623542154397	-731.2202680878236	0.06974600393165341	0.778985321711294	0.64351825635181	37.71984408745434	-1039.129790770126	-1072.1908381688597	-348.6727653650037	-226.76895991145054	0.6128870136121102	1.4086892828690203	2.3301407020709797	2.3491969669247696	0.02882481440022073	0.8978255039068919	0.022466439743631564	7.915462276740379E-4	1.0980690805828401	-730.218249761931	13	37.49325798372424	
85000000	-3387.4072197563178	-2681.229866957002	-706.1773527993159	0.02170738128840588	0.9313893308846765	0.6305782218647279	37.454104616238176	-1036.5218674192508	-1072.2925997532775	-346.4195465679114	-225.99585321656212	0.6195664221028323	1.4581668046082552	1.8378682176795984	2.638467357632854	0.028753785992614876	0.8571141661418858	0.02306185801403008	0.0010324853194771904	1.0421977126997104	-706.310428606969	22	37.223575983017575	
86000000	-3419.3744483268574	-2694.196572355522	-725.1778759713353	0.030002871792978718	0.9033869751030982	0.6817572599438334	38.59079056040318	-1026.6066593956386	-1090.6718119240982	-349.26378217145776	-227.6543188643272	0.5419113648321094	1.4647153698276039	2.3494055570072834	3.159786014978968	0.029739510462859126	1.0041256034513146	0.022725509226552313	0.0015052713449272453	1.2497989128518965	-723.7841460267867	18	38.56163571340988	
87000000	-3387.948761858984	-2668.7547773282377	-719.1939845307464	0.029336036788883826	0.9101425417500694	0.6208443959315864	38.93781227012555	-1022.179243103782	-1069.780412216185	-347.5363947304524	-229.2587272778182	0.6263927064925746	1.4597840963560602	1.6749492983664014	2.779320437295599	0.04088585562435244	1.1450761163809857	0.02822683993935674	0.0035310247063840058	1.4321375156932676	-717.0495854687601	15	37.16024589204161	
88000000	-3417.9465395346406	-2692.6122324771595	-725.3343070574808	0.01154396639762089	0.9633280628830352	0.6275806056414955	38.87029225460582	-1040.3595749105675	-1088.2735751220416	-340.2902066787541	-223.68887576579598	0.5829265937467848	1.5244401567360117	1.9629801069855806	2.5192181209624427	0.03274899032313665	0.9090479392832546	0.023136239540285052	8.745203706247598E-4	0.9845915473451651	-724.9630908439179	15	37.26893898651875	
89000000	-3399.7960620119707	-2696.867378833165	-702.9286831788057	0.037513130593206226	0.895552711993052	0.6384368969145449	39.92227918178705	-1033.505723114847	-1077.9497547737635	-349.40629491533764	-236.0056060292168	0.5642449467627937	1.480263845231772	2.124010921757014	2.9899522913464405	0.03484406804069761	0.822251200915038	0.028537003741331526	0.0010117715245818392	0.9490479966227741	-701.9582495967882	21	37.99749486757896	
90000000	-3402.955197665284	-2687.890839182349	-715.0643584829348	0.06364098265916872	0.8194446718674497	0.6358136057868886	38.37370936941372	-1028.2371161608205	-1084.085324520876	-345.76856757418955	-229.7998309264633	0.63108850565519	1.3715340732825283	2.307623860269222	2.3771699775377924	0.03418150352488369	0.97101725303154	0.0222597379957795	0.0014128074297618098	1.1563704401084727	-713.460351433164	17	36.775869419946005	
91000000	-3399.0862410917043	-2684.5541024010995	-714.5321386906048	0.017603159227017655	0.9398505652929591	0.6404037283501947	38.507747917822364	-1029.9726354348875	-1076.6342808757363	-355.7417673213671	-222.20541876910818	0.6009540951268617	1.5366849778556393	1.8676130800271562	2.23338450184165	0.03271006302935985	0.8167761159997444	0.023928483213537584	8.83291635457294E-4	0.9241217424930748	-714.2253317740009	23	36.518979710533394	
92000000	-3424.14321257392	-2673.810797947453	-750.3324146264672	0.016452588636055282	0.9436404556061433	0.6057252873406855	37.224755860321	-1026.6020162026093	-1087.9755124493117	-344.58323985485	-214.65002944068175	0.6430745783746543	1.3792202820995172	2.0017395108217793	2.615556328048124	0.02850845695057569	1.0125724329301686	0.0259910088904962	0.0014480999650106708	1.2359079784354743	-750.4105630404365	15	37.17788526181612	
93000000	-3408.939171719334	-2677.4813157347553	-731.4578559845784	0.020225713174486067	0.9350538572120244	0.626536590962874	37.21929025107	-1025.8908665955541	-1071.0937223581984	-360.4342218244999	-220.0625049565023	0.5763436796207655	1.5418242709837826	1.9402607959793232	2.5275952553878893	0.03432801645161226	1.0167743496264958	0.025022438832348518	0.0015496653811784093	1.2824689697073604	-730.632788880198	13	37.188643437491315	
94000000	-3397.6174517230547	-2683.646712607	-713.9707391160543	0.01464032626614711	0.9496301692572837	0.6699513962064599	37.03431944786959	-1033.7450122525352	-1073.586258417398	-350.86150753421117	-225.45393440285534	0.5428353159434635	1.511705007048883	2.4405566944201706	2.5598097183992614	0.036461850215699684	0.9689990696793922	0.02449449501192533	0.0012591700585058534	1.1117173784032799	-712.592806511558	19	36.904098758874646	
95000000	-3387.7051516147085	-2663.654917621131	-724.0502339935776	0.03537403832620013	0.8883935146869686	0.6619084886237592	39.352345420295485	-1029.2202118307748	-1060.9667158797843	-346.399501158995	-227.06848875157732	0.6172627340461585	1.504785183820098	1.7729991097548168	2.376192956671478	0.030715679497156166	0.9624705146416306	0.02389360824656422	0.0021002157643767393	1.392932479745776	-722.8174779907682	25	36.29488525236903	
96000000	-3419.8860569559342	-2666.637822327445	-753.2482346284893	0.024124368692423456	0.9171927798267921	0.6054508800747231	37.69432672786646	-1030.9799089814203	-1067.010487302498	-338.56612994018565	-230.08129610334166	0.6344914162608115	1.3741178545043844	2.1592297200485566	2.5489503904204627	0.027372971631796562	1.048496176160527	0.020351248799799895	7.363682815822223E-4	1.1140890549463118	-753.1516822746825	20	37.14608607339478	
97000000	-3403.9074161543344	-2676.54095544399	-727.3664607103447	0.03020353910607903	0.894439620850761	0.6458701189052661	37.86687352815451	-1019.6575842246755	-1074.2929969282723	-350.627393200935	-231.96298109010706	0.6468018843021752	1.409168568913837	1.8833806916437028	2.4823308676579705	0.02530100474939478	0.888792766384143	0.0209211819700407	7.93186893734002E-4	1.0480860512768642	-727.3328149856559	13	37.037054749560596	
98000000	-3404.474763855278	-2676.1184417496293	-728.3563221056488	0.004768076495728914	0.9806923127915858	0.6627037728117919	37.17458212880598	-1016.5157452765036	-1073.5331336418553	-362.90532192854096	-223.1642409027292	0.6302941164716699	1.426934212394657	2.1167269839120397	2.2277316536406353	0.026168441461174228	0.8515953750525488	0.02070583860561759	5.733337692285082E-4	0.9527086875677538	-728.6221775417745	19	37.12136872914119	
99000000	-3409.506036471139	-2680.3534946581367	-729.152541813002	0.012168877515103264	0.9590379300557486	0.6482173951802013	37.438463222863696	-1019.4041771504416	-1084.2592031179702	-348.51479239183834	-228.1753219978865	0.6334895850738682	1.464201000836689	1.6730498242956453	2.60805168354923	0.0300591998103028	0.9607862301911291	0.02129455939602505	7.95477952302364E-4	1.0293964704200023	-728.7576514981507	19	36.88248688664619	
100000000	-3405.963219895059	-2690.1985404558627	-715.7646794391961	0.04463377070689269	0.864451358011151	0.6188720291444341	38.1787660340552	-1022.2621888721236	-1081.4542271642047	-360.31811046180627	-226.16401395772868	0.601650559369178	1.4287735785275573	2.350079912447505	2.3470373184546975	0.03441573293277805	0.9800639380608924	0.023815534965480945	0.001383110333509141	1.1716535938004984	-714.6417431837237	18	37.0627839990618	
101000000	-3416.233562101421	-2683.381363274586	-732.8521988268348	0.0015136787423683151	0.9944461403551678	0.6434933930467599	37.753387099322055	-1035.505584553883	-1077.2210334347162	-343.6184678992529	-227.0362773867339	0.6165927143801224	1.5148550243907122	1.8992760705395715	2.0773100838172374	0.03270008287449263	0.8696779222028304	0.024927542548850073	0.001183682854766204	1.1033873143123922	-732.6824305576204	13	37.572196332186806	
102000000	-3435.620912809431	-2683.932157428823	-751.6887553806081	0.0198376470491442	0.9343009279907264	0.5956044818893381	37.19376290630998	-1035.9818584027466	-1078.9330995110909	-338.45400405761984	-230.56319545736548	0.59667562022337	1.52904838409335	1.7057285718838828	2.666702758119221	0.03005719480594832	0.9638377796860755	0.0219430661380264	8.65826005194483E-4	1.0716807426580899	-751.8283812255684	15	36.884005045432644	
103000000	-3412.5382257034316	-2697.7717021727644	-714.7665235306673	0.007279684626339051	0.976661257796022	0.6623729593737042	37.25657350545888	-1045.7212757272123	-1073.8684871823532	-346.5849191309011	-231.59702013229804	0.6315814778894868	1.4050431986135696	2.0702213392335094	2.481675788919199	0.03195214196356993	0.7186056293327422	0.02853099369816853	6.825217198017867E-4	0.8033010173058127	-714.8537547701635	21	36.25000192733101	
104000000	-3416.205328987299	-2677.2582659967015	-738.9470629905973	0.017761377813676964	0.9375536390382834	0.5987433642197609	39.188912724892546	-1027.3578844703516	-1078.4703047010055	-346.1149308039327	-225.31514602141226	0.6261964303354423	1.5366369511872282	1.772558131250467	1.9205585332534472	0.02559492629950291	0.7511041153241886	0.0199509000454053	6.7397408310317E-4	1.0021688221594844	-739.9753073862688	17	39.07669523388154	
105000000	-3385.5198740154574	-2672.2244063033204	-713.2954677121369	0.01739130589692985	0.9384143870924134	0.6803381361169087	39.89645590319236	-1022.7035299622078	-1073.9752875193367	-348.1816907469802	-227.36389807479563	0.640052517245764	1.4175746115754322	1.8330502791776082	2.622992679591001	0.030359273417251254	1.0368917852991102	0.023890776243811293	0.001076980271360845	1.1239908500207803	-711.8290101864931	17	38.44614364903797	
106000000	-3407.0318866698826	-2700.9858240007793	-706.0460626691033	0.024962181650873164	0.918535643925078	0.6721772419684231	37.54095546040625	-1025.9368401531858	-1098.800952644913	-352.2981675473974	-223.94986365528294	0.6159099010637352	1.4165923428510592	2.403824264268543	2.0916883316597983	0.030438956690159842	0.9260489255118357	0.02399359651116988	6.813841671276654E-4	0.8890699389352611	-705.1608254526996	19	36.9917820834883	
107000000	-3400.073700523392	-2706.1917807073505	-693.8819198160413	0.0384140576662113	0.8782568583932587	0.6448805031717297	38.90847963430025	-1041.1395281815414	-1084.471460039022	-350.98617663453285	-229.59461585225358	0.6315555001693841	1.4228670713373612	1.844040032954007	2.717571797076178	0.03240676762549645	0.7031401861579367	0.029043903297000902	6.307529867328213E-4	0.7733021342180688	-693.5325554232534	18	37.70365527150382	
108000000	-3451.439550088732	-2699.0536740294333	-752.3858760592988	0.014261765842766167	0.9503799138256999	0.6226730649005552	38.26278346383633	-1040.4061549509527	-1066.3835428629757	-356.70824039410724	-235.55573582139772	0.5665145608327004	1.4774554827188877	2.1226400759716366	2.9745038667585932	0.022991044095192967	0.7909470963671159	0.021233079939175375	4.0537696425743956E-4	0.8674742175219434	-753.3883739261597	9	38.01081281547245	
109000000	-3394.488279755734	-2702.409752521665	-692.0785272340693	0.05931251628455486	0.8256631242425958	0.6627041011752495	37.07828898818404	-1043.300617367106	-1084.0066500636178	-344.53896786644344	-230.56351722449756	0.6094736634118985	1.4592788309337477	2.462468841242375	1.7271704445963265	0.04058886970970979	1.0016411652173243	0.03247330810240819	0.0016166915736624723	1.1720438091985548	-689.5527870147588	22	36.57606867227385	
110000000	-3429.6225336566145	-2683.6583813244806	-745.964152332134	0.006717558438872054	0.9723762660594343	0.6530993824100574	37.0353286469113	-1030.3682426343714	-1071.6653666035763	-352.2932358611182	-229.33153622541454	0.624527986357264	1.3021105412629803	2.271534193315576	3.189788549543188	0.0328465119505678	0.9068143900115355	0.028355358542626993	0.0013241230778959022	1.0899943740138591	-745.516952088721	22	36.946485814361715	
111000000	-3395.8645247714758	-2673.8209045962803	-722.0436201751954	0.020098157443586118	0.9312941818466589	0.618333860308908	37.15052746929294	-1018.4872417361789	-1074.8233839269844	-355.73195935639615	-224.77831957672046	0.5796914589752169	1.5248545256294395	2.0249753044028385	2.4684647661012273	0.02550533148904283	0.8128932939937337	0.020955486722096562	7.737290295260653E-4	1.052926924806375	-722.8277648160589	21	36.91843848150886	
112000000	-3410.323660484842	-2694.3301854831225	-715.9934750017197	0.05020055166815321	0.8211802487185116	0.7223278052046578	37.48200053978128	-1040.788614594586	-1068.6478181385671	-351.028763997062	-233.86498875290744	0.620518560670582	1.4820825977646004	2.0263069997355094	2.075366717840675	0.02664312158316632	0.7297946334071721	0.024050051721372874	5.348149391679463E-4	0.8354678109918988	-714.8366465928332	18	36.55661580000344	
113000000	-3365.2338650594443	-2667.4232927650146	-697.8105722944297	0.0549214962394969	0.8398035089372012	0.6472220931798303	37.73034487968238	-1029.022886181553	-1067.4923406708842	-345.74790289677054	-225.1601630158068	0.6507526992378462	1.414864538064256	1.909419652152739	2.310433480635611	0.030776430032976757	0.9923273112182007	0.030830101514989203	0.0018158016755650487	1.226923215515818	-696.5398951066676	17	36.70337921614459	
114000000	-3399.7629119137437	-2696.4532814797262	-703.3096304340172	0.01796762414753071	0.9368408180971102	0.7033587345167494	37.157732853895595	-1029.9997327752808	-1079.9296557887849	-353.20750698823605	-233.31638592742453	0.6119890163249302	1.4301330135211257	2.18204215186396	2.4324378023745834	0.0286092275919163	0.9555929646562878	0.025408965315538264	0.0017088753562305467	1.3076591953136516	-702.1689235321852	17	36.73156152116869	
115000000	-3445.550846519858	-2686.5905435802188	-758.9603029396393	0.031115987004753456	0.8934119275027705	0.5632070234748727	37.17460621288339	-1040.6271468665896	-1069.7491603104693	-351.4415684609026	-224.77266794225716	0.6145786229137284	1.4844123632932946	2.035894590450288	2.1504793617118874	0.026512829526786234	0.9685353286499885	0.019450646245072065	0.0011340496946172693	1.2134206886199919	-759.5754096503542	18	36.81730678048646	
116000000	-3397.2158356070768	-2684.4760615840823	-712.7397740229943	0.03879820573823673	0.8770363334394452	0.6558989673275191	39.761488187842765	-1021.6138615171722	-1079.7049653190975	-353.202114582369	-229.95512016544356	0.6147444219323781	1.445149911784513	1.995927538681954	2.5706335845311377	0.0270338067070205	0.8507315462572673	0.022724375389419006	7.180157907710759E-4	0.9842486670626724	-712.2005382382365	23	37.077491504371785	
117000000	-3430.4207519339143	-2682.931243574439	-747.4895083594749	0.02521982748696508	0.906614642469995	0.6330540532893532	39.766553303742455	-1040.5951608032256	-1071.1148636095686	-340.95154337306883	-230.2696757885761	0.5978340401147391	1.4894814756304096	1.9980054053857463	2.4893104977215628	0.03168199180003395	0.8887869145522075	0.020307414383003812	0.0011606444502597535	1.2093244602029427	-746.8888626452731	18	37.944097512603854	
118000000	-3373.7260203253672	-2677.7353866536478	-695.9906336717196	0.03945528624824979	0.8694129258379262	0.6598032255805173	39.57806630597347	-1027.5515037896541	-1082.2838835822672	-345.21349706682287	-222.68650221490307	0.6401315997795805	1.4602665167720181	2.0948338042794834	1.779141795751076	0.031692382977054956	0.8685746431194247	0.02477076626562528	0.0011861092472494116	1.126480675825566	-694.8847881897059	19	38.29889390790584	
119000000	-3407.9966179646194	-2689.6561275431463	-718.3404904214732	0.0066924056681712365	0.9751500002475754	0.6412646768173009	37.23220479115762	-1031.1315288060662	-1066.4428964007163	-361.0724384766053	-231.0092638597585	0.5788239443718557	1.5148869437357697	2.295578305986387	2.101100527837021	0.029928672691388696	0.8396837405291357	0.02593108314333939	8.735954736264868E-4	1.0066279085100265	-718.5398883418638	16	36.99276558309973	
120000000	-3420.602444660651	-2687.554094033819	-733.0483506268318	0.06255570173200871	0.8139293780203538	0.6196083940192064	37.972299578848315	-1040.923520619476	-1080.337858951097	-344.9739780395778	-221.3187364236689	0.6175844567338291	1.468255007788083	2.2175058669883585	1.920964984735258	0.0251586696449929	0.7245689246476866	0.021447977048246098	4.174961252999821E-4	0.8108776223905035	-733.3595166793759	14	37.890229460179725	
121000000	-3413.4734594346533	-2705.5014721801535	-707.9719872544998	0.030014750025412668	0.9006449081957842	0.6566774467593216	37.58676728002579	-1032.8440498214309	-1079.8609093223313	-358.5821263586032	-234.21438667778853	0.6000078587718385	1.5309267143897063	1.7787979275939787	2.458613880538652	0.030172227880208326	0.9263015134455294	0.023530379667899184	0.0011233553737856426	1.1284806163261778	-707.24578413317	20	37.14400573981398	
122000000	-3379.072699085046	-2689.782949429275	-689.2897496557714	0.07084727589185125	0.7694328233554689	0.7312001094231905	37.30496897666319	-1037.730285996993	-1077.785668708333	-347.89207007450466	-226.3749246494439	0.6406858852310456	1.4123341451972848	1.6286216471149413	3.015872991383872	0.03009245060040169	0.8608470836499598	0.02505241949153535	0.001098425365796422	1.0948762948709887	-686.897903783874	16	36.91233568917394	
123000000	-3414.754637071002	-2686.559661458956	-728.1949756120463	0.012236553540870188	0.9602642557790415	0.5898565142536231	37.1851691617199	-1046.2506702474666	-1065.6130953912013	-347.4707011895641	-227.22519463072354	0.6518343776673896	1.4105784246040467	2.0145138517396055	2.1445417623393257	0.028082477907995812	0.8586841075937955	0.020663432247943845	8.740407351173087E-4	1.0673275298866853	-729.0468050229534	17	36.98352006258168	
124000000	-3378.6045202810446	-2680.696596624341	-697.9079236567038	0.04280270620262603	0.8724465899844736	0.6674737274803964	38.412553510064974	-1045.9922852774248	-1064.1233447550967	-352.90763609119495	-217.67333050062476	0.6031888459828878	1.4680586815540762	2.0122765438174284	2.5553998406583713	0.03394249819951083	1.0992518056379343	0.025800331021684598	0.0028675361942759577	1.473439159499193	-695.8312628158458	14	36.88743426436194	
125000000	-3410.4580526537907	-2702.279221604416	-708.1788310493748	0.022724465103626145	0.9299440707167744	0.6274848946207152	38.031072016756994	-1041.9103445714265	-1075.0513268455823	-356.06231156234753	-229.2552386250595	0.6233961212647537	1.4825990977421668	1.7938183967240735	2.422899622023497	0.028192598976832343	0.8818730819533592	0.025665286120198874	0.0011876671285220603	1.0893429528864635	-708.252847374276	16	37.46866265951305	
126000000	-3418.0712776834707	-2696.3285696050584	-721.7427080784122	0.04255242563779754	0.8530430388079664	0.6589295473972846	39.4911549993593	-1036.9281092098975	-1093.9251538489473	-345.3615426308557	-220.1137639153579	0.6110882290286538	1.451989577005993	2.1698385706463577	2.2741999567709463	0.031098827502178145	0.7954301236913155	0.023303678053307124	0.001008437920712625	1.0892097439695572	-720.890500066372	17	37.732636472158326	
127000000	-3388.001103667069	-2678.226328370178	-709.7747752968908	0.013450400258555557	0.9493636870525533	0.6977303784150202	37.67508067074112	-1013.4552818860034	-1085.5502295483666	-354.8758107340314	-224.34500620177707	0.6406727952107164	1.4511700702886308	2.0901124726471783	1.8589894312665916	0.028451651834733502	0.8503695814301895	0.02280340458535516	8.529367576489491E-4	1.0118481702002957	-709.0913163373658	20	36.528802409605355	
128000000	-3403.0673949847746	-2674.6087273695025	-728.458667615272	0.011709451892131056	0.9585840207887857	0.6366632910987335	38.44714301126559	-1027.0443495118425	-1067.1548268758065	-348.3314999991049	-232.0780509827486	0.6478090240751406	1.4967178780956485	1.845803479661665	1.7410115503040398	0.0262660466907401	0.7639108380280366	0.021643611523330882	5.062290538185695E-4	0.8612879072508914	-729.1047769662734	19	37.11586704165817	
129000000	-3403.5078334449913	-2688.864514305642	-714.6433191393493	0.038199761245951515	0.8879812694448571	0.7269620052361618	37.90916771388602	-1035.3082530463232	-1072.8297267381818	-355.4729102653156	-225.25362425582188	0.6898657193251655	1.4575412412257502	1.6435187836127354	1.6485222904682466	0.03132233412248038	0.7557157921975642	0.023631207067749568	5.384939905121841E-4	0.8163821063330344	-713.0504616317129	21	36.91946999737896	
130000000	-3436.846995145824	-2695.267569428201	-741.5794257176232	0.019601082586227087	0.9366503652444959	0.6019663814434224	37.40871441641347	-1040.2729457485116	-1076.3842900497548	-352.42004469717267	-226.1902889327622	0.6185908701069369	1.4187361984735538	2.2953062842731593	2.211361684228641	0.02505933854105029	0.85513464718138	0.0222816460774645	7.019985620830257E-4	1.0272545937555442	-742.4469445874372	17	36.75848491495733	
131000000	-3400.685069953441	-2683.013253350874	-717.6718166025671	0.07710780020591022	0.7535279072389919	0.6809546611562332	37.391280848660436	-1036.2689662993603	-1072.6399300040719	-347.88187128099446	-226.222485766448	0.578333610003667	1.500938018312795	2.054916814196749	2.6571148202713077	0.030768244372958373	0.9167870885665387	0.025338191140428994	8.221897794699089E-4	0.9686186386233779	-715.7873235359629	18	37.190414034163865	
132000000	-3408.9179254337128	-2681.4291952304116	-727.4887302033011	0.03137717784083214	0.910736006531174	0.5893687858697488	38.29933991404298	-1045.7040595339497	-1065.3315291674842	-349.59250668283835	-220.80109984613915	0.6991313434580398	1.2914491786047009	1.9836071505365902	2.372149353416402	0.027686745000035953	1.1258651304694354	0.020885293032044675	0.002000372951853783	1.5372786475282256	-727.1418242283717	16	36.98165625868235	
133000000	-3377.6922235182733	-2672.003445814826	-705.688777703447	0.018003723917343926	0.9368337106058358	0.6366330685537216	39.24168433927617	-1036.9099860752785	-1052.807404722718	-349.12669915176434	-233.15935586506532	0.6433035728557529	1.473468006150277	1.7504172630729713	2.2027898500109995	0.03114843187607418	1.0294523141273653	0.026167728641808125	0.0019217219544612734	1.2397536747845967	-704.8409540033249	22	38.54840803995021	
134000000	-3426.7833806633416	-2707.3640352891475	-719.4193453741941	0.01122368099880255	0.962369812828778	0.6619952966242334	37.851791464472385	-1051.999207056947	-1081.5408898999772	-345.0923582013275	-228.73158013089608	0.6255197698369815	1.3991020884275545	2.171684371792008	2.472757926613874	0.02875151707725901	0.7814454155692199	0.027552761496506394	5.97923729564877E-4	0.8276369898882685	-719.4993302284082	16	37.014301495240495	
135000000	-3399.944188395594	-2666.131883122476	-733.8123052731181	0.02612329131920752	0.9111475636211964	0.63754302129549	38.15269637572305	-1033.2089647587575	-1062.561031522549	-339.28464217540187	-231.07724466576752	0.6844685924896751	1.2786495261260586	2.1728506057630446	2.434762447476852	0.028319692964248452	0.9638803165582502	0.022753453669013927	0.0012057870455345603	1.2198328132884342	-733.4129407485832	19	37.66543149758023	
136000000	-3407.3054930977055	-2682.6969110107475	-724.608582086958	0.02217119449057675	0.9180805966955667	0.7013322402648048	39.089387397659735	-1029.5769491031854	-1078.128685772751	-343.639720154109	-231.35155598070233	0.5878318588997617	1.4825464048819592	1.8677153898395364	2.969775104748253	0.03133042453872116	1.041451676740066	0.024030458292417827	0.0023990773335571002	1.4632683344737427	-722.693304471989	16	37.17677405224183	
137000000	-3432.6654075245488	-2694.835192700082	-737.8302148244663	0.044291629497294364	0.8429842678348509	0.6553612163590372	37.98862639904486	-1036.0077158645943	-1080.3309951243152	-353.77623443871556	-224.7202472724573	0.5688536599273588	1.564535419404132	2.0394078430875298	2.2919979613404227	0.02961864624480388	0.9017102845741205	0.021407896659298313	0.001283347326732802	1.2253461530978729	-736.9601005322445	21	37.1196956711817	
138000000	-3422.024010094754	-2679.884661710577	-742.1393483841773	0.08542489617896704	0.7663941510708684	0.5970250387406316	37.126739145223084	-1025.8444693276972	-1074.0058171446938	-343.29984384841356	-236.73453138977212	0.5905853039971194	1.5606399570721816	1.5267490109637758	2.8113088412190663	0.02726275467681542	0.8085390943524428	0.022670248132924255	8.378630080703294E-4	1.030467947845212	-741.9763485838262	15	36.54313079943075	
139000000	-3394.630531330925	-2683.415749591892	-711.2147817390326	0.053939044246860635	0.8371431788149223	0.6468089560036536	37.98143443407034	-1041.777453952851	-1070.1256350910162	-349.38052096901606	-222.13213957900882	0.6512783901635081	1.4048058328139066	1.8783446449904981	2.4453549628353555	0.029145456918363434	0.6788778622953368	0.025320970979272807	4.100861973627919E-4	0.7531144250412141	-711.0904333672285	20	36.833795221729574	
140000000	-3416.0371844289757	-2690.6828676990353	-725.3543167299406	0.06810857250113932	0.7985904865818555	0.655808688754721	37.53251154426869	-1045.5596776441766	-1067.2158864754722	-349.2422423107323	-228.66506126865409	0.6375378298107154	1.2691406515716486	2.4295251851882043	2.9628462953727053	0.03147060942904819	0.8957026332760043	0.024908109554688366	0.001100814000139197	1.0647710766704892	-723.9947140981678	17	37.02961447813717	
141000000	-3445.056055882918	-2705.4427680990325	-739.6132877838854	0.04775748862583221	0.8393230920709526	0.6160610898242505	38.18268064962998	-1047.5935657833054	-1077.637324635223	-352.8751775070638	-227.33670017344056	0.5561035453025066	1.4805866750401666	2.3371755582104203	2.76869533702313	0.029946336457677556	0.7559427010654334	0.024717575106648692	7.187898362485235E-4	0.8875575757633676	-739.611294612099	19	36.46838629511669	
142000000	-3431.490257952836	-2689.994738608499	-741.4955193443371	0.00230186039108226	0.991484778145245	0.628436628667783	38.84032577528798	-1037.9373954383173	-1079.7545788175926	-344.05879083267973	-228.24397351990942	0.6136137002914535	1.313575670444197	2.124371212902196	3.5515090378862384	0.024111976033239627	0.8585823674502256	0.019966963605264426	7.013161020696883E-4	1.095193000376068	-742.2547914944145	20	36.93970796273064	
143000000	-3420.5092500427754	-2689.0184067101477	-731.490843332628	0.06771765217494875	0.8082438612688184	0.613706063598294	39.220173103538336	-1037.4833500212383	-1073.8452314044512	-351.544831463538	-226.14499382092038	0.6383354831814874	1.4391598775246262	1.6336340572505557	2.8103273216420703	0.030292003495079368	0.8674556922220419	0.022972044829651744	8.121077851095612E-4	0.9867166897883359	-730.7219714874877	19	37.95141174330525	
144000000	-3467.95737539875	-2708.1991571691897	-759.7582182295605	0.004334399114416934	0.9853272992096161	0.552828564824436	37.53371001220698	-1046.6452039110432	-1095.7093731682328	-345.3138417922494	-220.53073829766436	0.679906423290334	1.3264649049798833	2.1413933245509886	2.14615549470087	0.026511319675130096	0.7650256161802643	0.021646260089405504	4.6076820192026807E-4	0.8562874379737333	-761.5244035489862	16	36.87190577399549	
145000000	-3442.2856709180523	-2704.8208610502734	-737.4648098677791	0.07567339517578171	0.7762462955753228	0.6375509261228024	37.70896496323775	-1043.4139447823864	-1075.6947346263794	-359.09769141490244	-226.6144902266051	0.6184780714466515	1.4557396211817524	2.2693756926480195	1.925852589744188	0.029228085413775855	0.7904552506224426	0.023817703546338217	6.673583122168807E-4	0.9137353139406378	-736.7618015408301	15	37.43275702066029	
146000000	-3427.6413488810867	-2672.0775050086663	-755.5638438724202	0.00467941830265648	0.9833903343969298	0.536198143818299	43.79100376774724	-1015.3451371838152	-1072.2054273498038	-355.9014793695134	-228.62546110553436	0.6044506032847604	1.4437442992545693	2.288305007215926	2.2672060816709063	0.02443710432624795	0.8934354658486539	0.020917226841816176	6.648733006777223E-4	1.050223139822904	-756.608809945196	16	39.07753841688269	
147000000	-3431.45879740061	-2668.9099341750634	-762.5488632255465	0.011900962855611829	0.942559636713872	0.6771097441246188	37.856799048402344	-1038.7679318129196	-1062.5146384495226	-341.3062948957989	-226.32106901682204	0.5994956466283607	1.4415372125650092	2.155952112951368	2.612831603311541	0.025165264345409315	0.978773587336053	0.020116727467781183	0.0010984282303868663	1.1995573090871172	-762.0938686157842	18	37.607610491609826	
148000000	-3416.202219577052	-2688.771306734311	-727.4309128427409	0.05683963926126046	0.8235304395794282	0.6003332359476277	37.94075124683373	-1029.6684248165782	-1079.5456963786748	-347.21432606635454	-232.3428594727033	0.6328511995424649	1.4276986429024816	2.328483667260077	1.8016930048660895	0.031436405431636616	0.9637043090364329	0.025820611934922407	0.0013666093820578725	1.1959633630834794	-726.6945060201929	15	37.731429215798016	
149000000	-3402.9811560020225	-2667.6651154083656	-735.3160405936567	0.06636280279626298	0.8037457626137784	0.6071544143518833	39.00380929699414	-1036.5052082287768	-1060.1774913860706	-342.95220785346976	-228.03020794004846	0.6092935422646271	1.4922567719594806	1.9878333259250436	2.2644034289682877	0.024889970832453825	0.7585051742899833	0.02278705970278776	6.884211600089835E-4	0.9427582126665947	-735.5199459600755	12	37.89708154716688	
150000000	-3386.7851626611173	-2689.796894438795	-696.9882682223226	0.01483084879231299	0.9553697598519806	0.633433144724155	37.03866017430437	-1028.4075867516542	-1075.5003681073267	-351.5481096739985	-234.34082990581533	0.5858248977976175	1.49721479322612	2.126147061662527	2.423636444901071	0.029241568630232445	0.8127718784277339	0.02449071459432889	8.194929618596239E-4	0.9775030544992205	-697.3359267512594	20	36.76666535381243	
151000000	-3399.5537434396306	-2688.9801513871835	-710.5735920524471	0.034021020133780965	0.882835159064984	0.6843567866482888	37.60330946692331	-1030.3415709776643	-1081.2192246300915	-344.9529251834774	-232.4664305959506	0.6284625437425514	1.463994628753631	2.0738343972441644	2.004049814931852	0.026114245257139894	0.941714143861138	0.02478255668807267	9.992550589860353E-4	1.144054670368739	-709.707392356893	13	36.743859791763	
152000000	-3408.5397350625435	-2693.65762536771	-714.8821096948337	0.026636577259959285	0.9036356987748739	0.6866227585058682	37.424585746803984	-1045.3041829821896	-1080.8867198246635	-345.9238296954038	-221.54289286545335	0.6297291734387519	1.406465571163943	2.2631245678880405	2.16648757038446	0.03924589931409615	1.059000521950295	0.030537977073494312	0.0023657415877688013	1.348714682578384	-712.4399635927684	16	36.06322669576028	
153000000	-3405.1127571045213	-2696.669710658009	-708.4430464465121	0.03570210973373177	0.8750054458786086	0.676823971602284	37.32097125308797	-1037.763835664775	-1086.5905105145769	-345.33637702042404	-226.97898745823346	0.6366698494838317	1.406167757615161	1.9385923838973163	2.605226369450735	0.035853071138313555	1.0002245393268028	0.02862923611962266	0.0014698359679070794	1.1233172246119874	-706.5425841167481	19	37.16828552409864	
154000000	-3393.886867097314	-2690.69757492402	-703.1892921732938	0.016264648170327044	0.9500622429200513	0.6224781100461464	38.09913895944356	-1038.990627473518	-1079.2092074605748	-346.21251420178754	-226.2852257881395	0.6145389167491939	1.506550522586285	1.643016316548633	2.6395273245288933	0.03140651136362626	0.6869163589117981	0.027968192601406337	8.117153009238937E-4	0.8824924078234858	-703.7318459146254	22	37.04598263912169	
155000000	-3419.3096676910545	-2703.6600356481144	-715.6496320429399	0.012464479321060436	0.9601514407520235	0.6625519703079941	38.739118167990306	-1040.638142839327	-1091.7423903484207	-344.69732531624857	-226.58217714411833	0.6875778857258332	1.3400220582834335	2.0266380443271355	2.0792050690859805	0.03231567928332534	0.9228546923540208	0.026734026260879357	8.516349603651896E-4	0.9270954778433614	-714.8095919921852	15	36.770511770244696	
156000000	-3415.9277944172436	-2688.179262102599	-727.7485323146446	0.032983196388894374	0.8854502558279512	0.6595682728916495	37.98611706420101	-1008.7068386504711	-1095.335414974932	-348.2980485311289	-235.8389599460667	0.5690936850052251	1.5725347894815807	1.9437644628442976	2.3828190695891274	0.03193588721603183	0.9143868398960793	0.022216545779081807	0.0011256890198043147	1.1149188571394477	-726.7451180220914	17	37.44259387302401	
157000000	-3368.6833021768175	-2681.3475392290193	-687.3357629477982	0.013118893926135657	0.9555163443982057	0.6721593565034594	37.58787360996782	-1019.3853001219912	-1089.9689494834554	-346.8758833612721	-225.1174062623008	0.625109342378118	1.4174773089028967	1.998704182251385	2.6178943957498797	0.032092497313577543	0.9307502005966648	0.02443903013385661	0.0011925734697499958	1.0870222783743189	-686.4592002198831	20	37.06361188179619	
158000000	-3395.166115098632	-2698.3089710637832	-696.8571440348488	0.007930628881584146	0.9733339475594318	0.6548033940173241	39.79719449966706	-1044.1615593377405	-1078.2247857233663	-350.3267928204513	-225.59583318222494	0.6101742324165171	1.4134801741700709	2.215474430053468	2.5582877639621304	0.030398663478542302	0.906745500182454	0.02492895844530436	0.0014462538035191466	1.2180310029388939	-696.3325300156024	15	36.34306445318781	
159000000	-3386.1513409815107	-2691.978937490522	-694.1724034909887	0.005481651951072417	0.9828520801075584	0.6458085496109564	38.49444911308564	-1034.9350547595354	-1079.8890888777833	-353.92870178352257	-223.2260920696807	0.5908620496278307	1.430446546377822	2.2256230782824176	2.7547617526767	0.02837039976410622	0.776778902875261	0.0259818580528817	6.99256644284231E-4	0.9352051045413152	-694.5578897049156	18	37.027132275749096	
160000000	-3410.6153466318187	-2689.997996022293	-720.6173506095257	0.0335479344023831	0.8961590681349265	0.6090463622008246	37.654843544741354	-1030.92051481001	-1076.013678740762	-358.4534405193342	-224.61036195218705	0.681289279114979	1.3365289685028985	1.95191352754658	2.360894307082871	0.024965447417312922	0.9678225726183962	0.02089854956554178	0.00118108129511938	1.248444774206382	-720.8084208248613	20	36.428742601107786	
161000000	-3406.507613676836	-2685.813474705237	-720.6941389715994	0.022355295176510633	0.9268053935599716	0.6532022489943051	38.479696051509876	-1041.4326248575742	-1069.6986148317628	-346.27568691267123	-228.4065481032283	0.640208544514834	1.4472166935156945	1.6280616370789591	2.7119795476887614	0.031219597519981858	0.8098432134090624	0.024789012257663213	8.474017892544485E-4	0.9051964316547942	-720.3145848455442	22	36.69988053340087	
162000000	-3434.064576444948	-2678.237266962451	-755.8273094824974	0.02718219379712134	0.8962773277032263	0.65708978177038	38.3018803446049	-1034.4844582960668	-1068.3878083734298	-348.3054704065853	-227.05952988636926	0.6310097465238014	1.5263456629461483	1.5734553309738948	2.270157020328158	0.02357369096800058	0.8647976539211029	0.022392801494367714	8.158051252213291E-4	1.103604962666037	-755.8638681086713	14	37.18701528394726	
163000000	-3379.4392382165106	-2665.8009412085157	-713.6382970079948	0.054386289605128445	0.8321787764846266	0.6494817959707204	38.35790134002374	-1019.5119580761262	-1071.5858923306314	-344.60413770848686	-230.09895309327123	0.6560521848419275	1.3649952707701816	1.9733919531801085	2.5466151330065547	0.02617422682092332	0.7792439123301631	0.02169962679130497	6.948512772120616E-4	0.9371627131108111	-713.3849899294221	22	36.92694014892882	
164000000	-3401.8766302325766	-2674.1732850850703	-727.7033451475061	0.03427560210449729	0.8837879173182562	0.6298197562434632	38.255762606123454	-1029.6477430304737	-1073.7696011501287	-348.9283376815863	-221.82760322288155	0.625848260177456	1.3671815991592449	2.1696004063149092	2.7574479531440748	0.029922699296714896	0.9927085895875116	0.02416761306958864	7.833926894802894E-4	0.9674587054706159	-727.0091897919225	22	36.94490893269491	
165000000	-3421.2533386800314	-2670.3719692594887	-750.8813694205426	0.03483877644824961	0.8666031213344766	0.6504545411248311	37.063817896926764	-1015.6390364567995	-1080.2270466622126	-345.95544976660585	-228.5504363738707	0.5515882907485815	1.61999452682493	1.92780120719361	2.3162196217637607	0.027267633269641836	0.9337231661905528	0.024111120919759275	7.933150577804753E-4	0.9770844538176114	-750.4535368611519	18	37.01166837013407	
166000000	-3416.627917454772	-2679.185787422162	-737.4421300326104	0.029859931193993442	0.9033447355172401	0.6469632051834691	37.16341754990083	-1044.5067540288599	-1056.8060088727445	-354.4352096295542	-223.43781489100337	0.6841603912151984	1.2753221738832838	2.6074225072053236	1.7100636143523684	0.02605105216362666	0.8036718887996303	0.02279861935285938	7.245771790168862E-4	0.9905180582467175	-737.681490595056	18	36.76409595935019	
167000000	-3410.9436781666377	-2687.443436943557	-723.5002412230805	0.01328475223713921	0.9541100230577858	0.6092368352328529	38.238786748255684	-1037.9109830492066	-1070.2256018992032	-347.0837535302673	-232.22309846487977	0.6334890423318762	1.460080484346469	2.0234798250904875	2.031894142667847	0.03082236890122214	0.7147201433105224	0.0264586020802384	6.740183537086538E-4	0.857932490000262	-724.1971900688701	18	36.91830341569962	
168000000	-3410.2051153860552	-2666.400264238604	-743.8048511474514	0.01795873200061471	0.9376648447496642	0.6278631989920189	37.18437102841702	-1023.7305434169797	-1068.9961580619452	-344.8617386148619	-228.81182414481717	0.5926172241606781	1.5180370218302108	1.9051818550936397	2.493871298061396	0.03615233533105167	1.0872368908615975	0.022525602114812963	0.002366100564367552	1.3759773698999398	-742.5965772320222	16	37.14887976407621	
169000000	-3396.8160515011245	-2683.674512978137	-713.1415385229876	0.01906664000443854	0.9333684557622522	0.6678066568113838	39.55809371286311	-1036.2426515442153	-1067.4090870577288	-348.70646303702677	-231.31631133916613	0.5907692099899884	1.382540340864249	2.3085530006377146	3.042554191296061	0.02897060844643271	0.8617891657939206	0.024228582693474682	6.94607483461228E-4	0.8897484368691706	-712.5514138224672	18	37.337374160705025	
170000000	-3405.035614866252	-2677.1308071260482	-727.9048077402042	0.01099678921005067	0.9599966055367894	0.6855073912216102	38.85555670628146	-1028.2787722888736	-1068.8444135359125	-350.0641899783782	-229.9434313228838	0.6428476918921892	1.3614632884202602	2.102940360440053	2.602578627496014	0.02619656295708458	0.8399095169564967	0.021236468671954046	8.002875787147215E-4	1.1163113811369267	-727.5866826214923	21	37.251480801103185	
171000000	-3438.8900148644543	-2685.385973585612	-753.5040412788421	0.026024923787928242	0.8909818772118854	0.735615727767082	37.49948829562966	-1039.1832827392427	-1071.393878103868	-351.5778826787049	-223.23093006379656	0.6104230943235953	1.4890084882048717	1.8624119378750328	2.4916639227266004	0.026313629362330934	0.9262720416578601	0.022092558597505158	7.586489882613118E-4	1.0861582509454866	-751.8976956063553	22	37.44816130045914	
172000000	-3420.8078016266927	-2691.4310244033854	-729.3767772233073	0.040034204774560406	0.8720507599177771	0.637024985455136	37.88425282022628	-1037.640090050675	-1078.7619308822032	-353.9268352733664	-221.10216819714046	0.6431787547956507	1.4494503645480887	1.482044396376936	2.890972684290245	0.030024060674731127	0.8892126743098506	0.021786930028534657	9.163700992769733E-4	1.0295153891484166	-728.8521575694306	12	36.96409737833909	
173000000	-3399.252863206838	-2669.386745397889	-729.8661178089486	0.0494096651133864	0.8434397819654081	0.6226980522612322	37.418098470389914	-1027.3346718497762	-1078.0618846750885	-345.61737847629314	-218.3728103967312	0.5781944951362651	1.582389973078467	1.707903450922181	2.533963795590963	0.026472409846726372	0.8149032279058057	0.020977421810092576	5.70518197738716E-4	0.9696979298997122	-729.9925861307562	17	36.45444790217748	
174000000	-3393.0501358818883	-2677.6587194257654	-715.3914164561227	0.021457676219804028	0.922681304462822	0.6679010063498968	37.360956389158616	-1032.1874708980663	-1075.1765057594412	-345.96439484221685	-224.3303479260411	0.6557705334248471	1.4596948088553245	1.764305635214607	2.06557172360441	0.02869311758834912	0.8610309312748513	0.02240774982162302	0.0010013493623189753	1.0851059492634605	-715.0139165174843	25	36.847882761353844	
175000000	-3396.6539286885854	-2677.131014326167	-719.5229143624183	0.023449210071708616	0.925858349076412	0.6475608510694764	38.22402923956129	-1026.3261804311162	-1081.3126389820331	-341.2581858448396	-228.2340090681777	0.6380405218809277	1.3458800359479677	2.2737166810617335	2.5353055688726607	0.028112893367415768	0.9611319767590446	0.02375569934116979	0.0014850608410430428	1.2670645568886398	-719.0629397065298	12	37.11224568080098	
176000000	-3425.039995030694	-2707.8654263129106	-717.1745687177835	0.04392910182253755	0.856372369268877	0.6799029796711404	37.20520502377233	-1039.6339298193127	-1088.5834487013249	-348.12805507560444	-231.519992716668	0.5467329974977897	1.5782922195932798	1.9256154849754517	2.78761597249547	0.027289392500561487	0.7822256628601126	0.02362128873577136	8.045960931467803E-4	0.9873222274208633	-716.6515837340964	18	36.67312026388866	
177000000	-3435.830356057028	-2688.720468021725	-747.109888035303	0.028341291108474557	0.8921993152596547	0.6488238560044319	39.427734132304195	-1031.4448486607969	-1087.0052902625052	-345.10460209258656	-225.16572700583689	0.6524667986694503	1.4315517965689055	1.9032830048380396	2.1384193976937556	0.026539178504293527	0.8645713010816846	0.02359803636980076	8.130084164481242E-4	1.0499041728136604	-746.8588211512633	14	38.09712630134946	
178000000	-3400.020770748828	-2670.4254029782433	-729.5953677705845	0.06732616188484865	0.7657123194227363	0.6766543245630469	40.123648945997495	-1030.1201113905809	-1063.5762032903167	-352.9733618126151	-223.75572648473073	0.5559658129141054	1.6176787603300395	1.971635639230281	2.1771783430086757	0.03169172300585953	1.0275544813535424	0.021985551948669434	0.0015522161094124797	1.3103598088054602	-727.2023360956789	16	37.07948089865274	
179000000	-3407.441013146445	-2691.7988524367443	-715.6421607097008	0.03371063126610063	0.8920542974834329	0.6380619509991294	37.60172255722262	-1038.8027221106954	-1093.411289687316	-340.97184760332317	-218.61299303540972	0.6275624570000784	1.459530919832723	2.0242355807646586	2.148122772165878	0.034521402067111774	1.08491820155147	0.028301798496974923	0.0021533022151701527	1.2955424079161881	-714.179889879523	20	37.43037798043545	
180000000	-3410.314772770436	-2677.1996101903646	-733.1151625800712	0.05262318391396888	0.8315078096983238	0.6450929864504509	38.61236889384217	-1022.3626186501731	-1075.5317272708373	-350.4705403311717	-228.83472393818238	0.6737762083851794	1.4060624417012049	1.9349660476912787	1.9074994819110545	0.02896525676634118	0.9578023698250895	0.022167792576449286	0.001132151557994555	1.1426301292155638	-732.0878056339571	14	38.58332048859564	
181000000	-3442.781570012785	-2678.150116868355	-764.6314531444299	0.01647929718285432	0.939168994203448	0.5908929751415648	39.2350119180188	-1031.748046637373	-1069.0424348648792	-350.8174730968046	-226.5421622692985	0.5867672553558633	1.5352608682539064	2.1179027419605165	2.077744535522543	0.024924376870053448	0.8417373820971978	0.018770756121013334	5.529141344583884E-4	0.9823933661980966	-765.5308685956611	18	37.10303023564854	
182000000	-3379.4476045397546	-2666.585341284778	-712.8622632549765	0.041808218995511674	0.875836842056879	0.6032738520290101	39.193940679522534	-1025.6672293248594	-1068.8448470407502	-344.0300018414813	-228.0432630776871	0.6387809161856689	1.4482963513347409	1.9591087665765416	2.1500550889507095	0.031506490302877506	0.9263992344412566	0.027163257288414136	0.0015297590471373074	1.127069683287969	-712.3293176867679	20	38.9531963534219	
183000000	-3433.1749872150835	-2685.2448732811704	-747.9301139339132	0.026389950861227376	0.9120343129906432	0.6260760153256705	38.85244925250726	-1030.3303739226574	-1080.9596219156792	-343.0283602539846	-230.9265171888487	0.574616380572893	1.557322993754502	1.59557579831458	3.024124178274012	0.027526586609686283	0.8979659315975758	0.02257485442445086	9.56414169365976E-4	1.1221992068888005	-747.8830488509855	14	37.689862900097715	
184000000	-3429.0382580302507	-2691.9297993892305	-737.1084586410201	0.054015515014815135	0.8258744470923886	0.6706677077908679	37.508861239066164	-1056.898057919369	-1067.4281448533234	-338.8763913565206	-228.72720526001763	0.6342843530144571	1.4837322896557357	1.773284727884246	2.2417584120262646	0.02729335702348208	1.1059273193547188	0.020767655332912163	0.0011292749681926088	1.3001277719373414	-735.5179783934866	17	37.48457203291667	
185000000	-3409.2327294099046	-2664.0560241943526	-745.1767052155518	0.03880460344969023	0.8581691470715688	0.67726635772676	39.85172546824147	-1029.660033007163	-1063.6795522612315	-340.8557743237944	-229.86066460216404	0.6682373118081757	1.3441547403084368	2.0002092401472864	2.4557322426109423	0.02965866422032128	0.9544684374803941	0.024837593874810375	8.152888077905365E-4	0.9680811890684595	-743.7166333232036	12	39.04455526053386	
186000000	-3376.178309845398	-2675.486407360933	-700.6919024844653	0.04834027869671442	0.8698321243831098	0.6496793413978227	37.34713187442349	-1029.943033667165	-1080.5169580768165	-336.8112260440739	-228.21518957287725	0.7141355670749756	1.3261823584249177	1.7135380482649336	2.2470914152875645	0.03534350853548575	0.9261826905288538	0.026574364814193934	0.0023836567956414902	1.3295439686933768	-699.2895678812854	18	37.31514465366496	
187000000	-3388.915978378267	-2677.460667222901	-711.455311155366	0.0139721224006572	0.951073651658677	0.6879082455127331	37.598537964946715	-1019.8770722920477	-1082.6134851237264	-346.8371463699145	-228.13296343721242	0.6568843405789235	1.3925168072431164	1.78983006568932	2.6043436488561045	0.02759127610291356	0.8523047472296347	0.025189983844128672	0.0012050991873534108	1.1413533279964039	-711.0104679962811	23	36.6471527252978	
188000000	-3420.510574215759	-2688.7877353731096	-731.7228388426494	0.06782849795429283	0.8052703130005237	0.602129753663387	37.593397811942	-1033.7621920591907	-1074.209549702396	-350.0197611506251	-230.79623246089787	0.6118808967916984	1.408642612634761	2.239602430776572	2.5271751933859545	0.030602171073304516	0.880875017691873	0.024433239320841908	8.374882072769639E-4	1.0240969776094535	-731.1781832944664	16	36.1837040197397	
189000000	-3390.708388432844	-2684.0067529269204	-706.7016355059236	0.03725893559476815	0.8816772287300214	0.663464919432922	38.13209788127184	-1036.2712978323498	-1069.24507357919	-350.14112684496615	-228.3492546704146	0.626218698590193	1.4762368560611474	1.8597129075741143	2.3112154339813684	0.03219777373394926	0.8781014333841382	0.027157155450049156	0.0016045391820781489	1.1701525533387853	-705.6547488475858	19	36.11703601553484	
190000000	-3411.7925440576364	-2696.1799339330346	-715.6126101246018	0.02481747369640643	0.9167961509947383	0.6171902872868636	38.31290727094039	-1025.4088800891122	-1084.5299633689588	-352.5052744544451	-233.73581602051843	0.645612678289094	1.3760664235376516	2.117700545814116	2.3927853454937305	0.024008222298092848	0.8092609500523104	0.021496512585110122	5.493520537198478E-4	0.9393425962352151	-716.3579626878934	19	37.623601532748445	
191000000	-3401.280139671979	-2680.9063667861724	-720.3737728858068	0.012234786307558768	0.9583385661515295	0.6600297695527406	37.99765970660757	-1017.5599137458374	-1085.8511751368712	-357.0894852716908	-220.40579263177312	0.6284285310010634	1.401224621203696	2.1092305599338825	2.507682840262336	0.025897973636114787	0.8567664430120581	0.020485986668717315	7.541980614023402E-4	1.0631442634491088	-720.4808770020378	17	37.096379087390986	
192000000	-3397.4411789409896	-2685.5158548303525	-711.9253241106369	0.01893158623440717	0.9371355937067128	0.6097865539900245	39.17105270803261	-1018.4235710829339	-1087.4417474461127	-348.9658184177858	-230.68471788351985	0.5861451740316505	1.5172524603832815	2.2168774344652116	2.0784340396351193	0.03209189119740451	0.9495282866131632	0.022853606928996326	0.0013075204171236186	1.2073057990020666	-711.55459614521	19	36.96287440234106	
193000000	-3433.3504614931812	-2700.0713874552644	-733.279074037917	0.02883101581443964	0.9151362510877444	0.6044296151446522	37.61949389732036	-1054.8707792665293	-1067.0517440452559	-345.4058255181981	-232.74303862528123	0.6257534566033601	1.4092488544156605	2.0151811097441414	2.6508776927431166	0.03472661312130199	0.9190541344254579	0.0258259404359	9.998537174069565E-4	1.0286121056753772	-732.8043405933352	17	36.45681426183344	
194000000	-3397.828433687852	-2685.1604476414223	-712.6679860464296	0.02082921897088454	0.9240093333099282	0.6519174296920809	37.14755970744641	-1029.3731773703576	-1075.9496390592253	-345.06335520336074	-234.7742760084784	0.6547444866396414	1.3478785624344085	1.7958001389410616	3.036297448790447	0.02817187090455718	0.7687997608073723	0.021769912529142923	6.036556884321551E-4	0.8807341199091853	-712.8929085969181	16	37.09626229749336	
195000000	-3397.091098326142	-2682.041187378989	-715.0499109471532	0.0196416325533172	0.9337602202812332	0.6439846935235504	37.48202175281112	-1031.5202844069124	-1074.4520586344306	-346.3593470906118	-229.70949724703385	0.6665410076183256	1.3343907420559882	1.925010116944495	2.707436472095239	0.028359328590105287	0.8557251212796328	0.022798192602676456	7.480241156113017E-4	0.9799974800867616	-715.0783948539816	16	36.60745145627268	
196000000	-3376.5755378826216	-2677.421182238134	-699.1543556444876	0.06464189887536935	0.8027571119714535	0.6727122053468378	37.61332233091413	-1047.531462262109	-1058.9885148072585	-343.5538787628041	-227.34732640596212	0.6435316744349527	1.3785356988306667	2.0414387584256763	2.543559069015147	0.03403388717937807	0.9517277410034853	0.02464481863366978	0.0020004247755705277	1.3331427231587811	-697.1583895858194	21	37.17942574141089	
197000000	-3400.2576816474098	-2689.33579220284	-710.9218894445698	0.026947681081282853	0.921713873017317	0.6120385102917372	37.025288521021636	-1041.3097450837502	-1076.4440655696676	-344.99661325586004	-226.585368293562	0.6293656045893062	1.4165323360278714	2.2841149235409777	2.0460613723557217	0.031219216305831885	0.932409555677453	0.024926064401472763	0.0012360029743080881	1.1223750410169488	-710.7666482094411	18	36.83363570182648	
198000000	-3413.2797445003016	-2710.073767896809	-703.2059766034928	0.041267996540267034	0.8680906048041317	0.6384891903612067	37.16928153309837	-1051.599740822439	-1091.3800814075826	-347.40423645877655	-219.6897092080108	0.6631583711202904	1.3232822302755491	2.3051280101451095	2.2064768584806416	0.032394333761696266	0.7255756250571458	0.0270052059272052	8.008023622663987E-4	0.8313784658552924	-702.9999921038459	21	36.937813951030854	
199000000	-3425.3241248137656	-2693.6840008884	-731.6401239253653	0.05012650364460827	0.852611339168763	0.6297529616193305	39.7049843541207	-1035.1535763635993	-1073.2107201076096	-354.9122499144877	-230.4074545027034	0.5467728867946402	1.383031258683093	2.63345308140233	3.3054909303000257	0.026077789414192885	0.8882748228321894	0.02016966781053317	8.535973093307986E-4	1.1126353958121018	-731.2487450298918	15	39.02610895540279	
200000000	-3380.682499437526	-2692.5416916809	-688.140807756626	0.019018455499961066	0.94243705953806	0.6726933818689288	37.61987590764924	-1033.0964655685827	-1081.7742409409555	-341.54329382285346	-236.12769134850782	0.6694082463912268	1.448254365487461	1.9928335973790479	1.5094952337663239	0.02965590911489179	0.8752093419967825	0.02285514097849879	8.448226233017889E-4	1.0294075630369601	-687.5796826394826	17	36.7061002066523	
201000000	-3404.7165131695474	-2685.2377342812915	-719.478778888256	0.021008293164630352	0.9280012683047231	0.6664025067569096	44.19264617235433	-1037.9285829797384	-1072.6940668178759	-348.10446688512206	-226.51061759855585	0.5988883069914422	1.4985248078910878	1.8830663275670345	2.589032822900638	0.028714656435570862	0.7807550690953373	0.024396700833477874	5.775645408913775E-4	0.8449265624349614	-718.6814107373602	14	37.0645751254715	
202000000	-3420.923014369844	-2693.4198238114927	-727.5031905583515	0.015028263819070325	0.9540483339231244	0.5990849155860078	38.1758771341897	-1041.350107608249	-1072.510323892776	-350.92799031293475	-228.63140199753303	0.5593383606782024	1.4882318267458223	2.3617239032387487	2.5954678757340814	0.03580772119377798	1.0475517644429087	0.026373188669477014	0.0018239622682663774	1.2517129497096553	-726.745341630791	17	36.73998140985406	
203000000	-3428.092767053786	-2699.2496516086044	-728.8431154451815	0.023473651718434307	0.9249772417821407	0.5740252488777384	38.344913158170634	-1033.2969318835746	-1097.8202144631448	-344.5553443627689	-223.57716089911588	0.6453161482226094	1.3672210128810025	2.1634333020791954	2.3979957892029584	0.03043597190294562	0.7875074815921778	0.022778114858150653	6.075280263563314E-4	0.8834057087212678	-729.5525793918598	16	36.64088830137935	
204000000	-3428.658931906753	-2701.7780101154963	-726.8809217912568	0.03298947289496713	0.8792936857195831	0.7018959401335727	38.317483524062254	-1053.4503439748405	-1085.4347497922356	-342.0423429293065	-220.85057341911408	0.6207404227964749	1.499113430276069	1.7765503230013384	2.3549480291301643	0.02992219214018599	0.9368503329762429	0.023370255748443505	0.0016596714982263872	1.2939312771684364	-725.3149399825362	19	36.97999228748844	
205000000	-3388.4000335779756	-2702.319095271694	-686.0809383062814	0.024284615274743186	0.9268618889345234	0.6479493061376884	38.25662667748181	-1056.2373366379386	-1075.2841824846175	-354.895322627993	-215.90225352114524	0.6327688508319527	1.3952766467077162	2.309329182866262	2.128575943807719	0.03251589375839689	0.9504033575604867	0.025168783333543943	0.0011038918079434173	1.0753524021641176	-685.1985837166844	23	37.09690232187903	
206000000	-3407.7309127144636	-2697.605995182689	-710.1249175317744	0.038295043586860304	0.8778223372829588	0.6603039897372688	38.755431809272004	-1048.6401951361802	-1078.5161260929435	-348.8386460657539	-221.61102788781145	0.631625501461933	1.459378994023551	1.7512548390500315	2.550008557673953	0.02798997330702004	0.8361885848596209	0.02523285877216592	8.347821680206481E-4	1.0050798376683274	-709.589930942949	21	38.63452088841653	
207000000	-3425.2884592774735	-2710.00835111118	-715.2801081662933	0.035641355121637214	0.8857073579812029	0.6503646066029163	37.20608231091286	-1025.2188243114606	-1085.9079895784064	-365.5427922776746	-233.33874494363894	0.581820017001943	1.4064306216642517	2.3795859027602573	2.8732687521545093	0.02344983441628442	0.7184913151295668	0.020211263463083443	5.238761922418413E-4	0.9188325401270447	-715.8797841143172	18	37.19648912389838	
208000000	-3424.589070758056	-2698.361388903008	-726.2276818550482	0.018322675807499956	0.9355725812550522	0.6572873242814504	37.91556834757863	-1028.9992944735334	-1093.6954980652133	-344.50359012176364	-231.1630062424978	0.5995808361128651	1.4393427780032284	2.0091241390761634	2.8879118684433576	0.024722181745269238	0.7664598588321205	0.020918327924513366	6.669268467577357E-4	0.985332762627581	-726.6727945233648	17	37.491061835500034	
209000000	-3377.7110267451635	-2683.4566447426555	-694.2543820025082	0.025404456341310555	0.9187409118228614	0.6684062670624479	37.75877100433655	-1021.0077995096186	-1082.6264750490134	-352.92263821612585	-226.8997319678976	0.6528824852159263	1.473148623715929	1.690600096678469	2.128344998266901	0.028674957222340296	0.8364407133165328	0.025713088360741005	7.302237895754926E-4	0.9213892879560317	-693.8521090435436	15	36.22941011548653	
210000000	-3413.693387924873	-2688.045044184678	-725.6483437401952	0.021820596062765554	0.9181268475060448	0.6594072131637936	37.25262880637882	-1033.443109638355	-1078.9395359092318	-351.22072589292026	-224.44167274417072	0.6090797407963767	1.4390654552068176	2.3172973366412553	2.1706254888855074	0.027670272267001885	0.89638245896767	0.021573182677280357	9.449452557302521E-4	1.109400443893656	-725.3822395942241	13	37.17967189228656	
211000000	-3431.8088542204778	-2689.60722500939	-742.2016292110878	0.03145755368510703	0.8871718775849686	0.6698035595560372	40.296652881218996	-1026.636532370164	-1074.8551516572556	-355.0640598292569	-233.05148115271294	0.5744140857558212	1.4862867307319896	1.9030696081471188	3.12917997979426	0.029632823086356428	0.955428879145109	0.02567872209065202	0.0010148342158005051	1.0737380065214062	-740.9357539789905	14	36.38552041703635	
212000000	-3427.348612047045	-2699.1621441708157	-728.1864678762295	0.052905880793403685	0.8155569298681518	0.6690300524820895	37.909585968885736	-1055.1644441856567	-1071.564815968843	-338.29803350397816	-234.13485051233806	0.6793556916059754	1.3359730713969138	1.4954237051031858	3.2014927329839127	0.027568255656819342	0.9383390367726959	0.02261086535672569	0.0014829725734821879	1.2998213416645679	-727.0688469889822	16	37.71009840356338	
213000000	-3434.9628504442426	-2702.4370727250857	-732.5257777191568	0.01825796474249953	0.9328148729179303	0.7050607222774727	38.27946992015208	-1052.5859515633001	-1077.1330542578564	-346.6526471054349	-226.0654197984947	0.6237550392227467	1.3946045239300864	2.234132155337652	2.437482267556376	0.027950616220374952	0.9283744215442666	0.02455001178003931	0.0012121754381242374	1.2096595900602398	-731.3804313571932	22	36.97458512012331	
214000000	-3402.7115804348887	-2678.523463647855	-724.1881167870338	0.021168087016491345	0.9225057265905395	0.6651943894824625	38.076710980871056	-1028.997239338742	-1075.452535371023	-346.7711517607496	-227.30253717734058	0.6034780438777607	1.4766480625619243	2.1752135548654388	2.1874608822509125	0.031418721516036315	0.9282064556789723	0.028545037697438398	0.0015711593322357957	1.205291198108617	-723.2988998420385	14	36.32218506012049	
215000000	-3417.410350003949	-2692.96958174904	-724.4407682549092	0.02616472657404017	0.9123601606568666	0.6587953388824751	39.04896216967258	-1047.6332697602109	-1065.5525205687838	-355.5723783712001	-224.2114130488451	0.6281407066346598	1.5006627243110755	1.5952862260901277	2.517611159484197	0.02606924992319732	0.6941821171395963	0.021907245612435202	4.2493021124332655E-4	0.7884618152843306	-724.7326199927127	15	38.88844884323293	
216000000	-3400.301822483669	-2694.8830499390874	-705.4187725445817	0.030869663163087382	0.907338665512834	0.6433306253795457	37.89922919310385	-1034.8542430912066	-1076.7427173297804	-355.07656935787014	-228.20952016023048	0.6318980979621607	1.275975505388245	2.4379454653499324	2.993752025862487	0.02821234403275675	0.7249216562130494	0.026112196215290748	6.788619925972965E-4	0.8747421750361757	-705.6708253763185	13	37.6735530978828	
217000000	-3389.1144991070705	-2675.1222821909782	-713.9922169160925	0.021057674897048115	0.9274023805545828	0.6739982541756664	40.418073207075565	-1038.301460598125	-1065.025857129223	-350.19050696543445	-221.6044574981962	0.6204378891539193	1.5162837729131633	1.7394769622122315	2.2710414659857383	0.029207557587744588	0.9202575906197455	0.022841866239592303	0.0014485652673125258	1.2922259078444052	-712.982624458177	15	36.56072924861148	
218000000	-3406.0122318624353	-2691.342086358149	-714.6701455042862	0.022376373796348825	0.9219108079306783	0.6351268373752887	39.69164590338152	-1037.8331657395152	-1079.0730425092768	-348.6830823850267	-225.75279572433067	0.5676903775436328	1.5163246338941103	2.142530375688266	2.5675329641695774	0.03211002560585722	1.0794189687212876	0.02410369190072832	0.001618828240205379	1.2845214581295694	-713.4726634585257	18	37.70564772546525	
219000000	-3422.428286583282	-2698.4548542790976	-723.9734323041841	0.08024355317971685	0.7378431149568254	0.6917180988668985	38.221083212259224	-1034.8152186209659	-1084.460520652666	-348.07109156199357	-231.10802344347232	0.5941113111326046	1.4715160262263813	1.687076462524899	3.2658570430245746	0.028347811373681264	0.8933663431673464	0.023552916089429016	0.0011273222432907053	1.1360587665313526	-722.0834160466117	16	35.554605813334845	
220000000	-3377.9869597361903	-2682.9186637477737	-695.0682959884164	0.039629450802196486	0.8662828655503687	0.7176087797448448	37.39244757938399	-1029.51540722701	-1073.7367211807766	-355.2674904376694	-224.39904490231748	0.6192481908050759	1.39788139504224	2.172462085872371	2.6015431690468196	0.032658512168187714	0.9688070918948765	0.027230882186462427	9.726267588328492E-4	1.0311812141710497	-692.8497624278674	19	36.66534430795884	
221000000	-3407.774586194218	-2707.162948550911	-700.6116376433071	0.013817844383965251	0.954486017064575	0.6790917375830762	37.627591468557235	-1051.6852580228174	-1086.400136523704	-338.6492708304464	-230.42828317394333	0.6286735818499473	1.4875391474464998	1.8668038242230818	2.1504429254421678	0.0309363020657367	0.8838677640719709	0.024992285904670092	7.678059493619776E-4	0.9569955151761104	-699.8790993606101	22	37.10704911237477	
222000000	-3385.3323976179927	-2705.5373225693047	-679.7950750486882	0.0421663228444634	0.8658237452024558	0.7336839578155597	37.25805842735496	-1028.9605260370038	-1099.7091783042754	-349.46054158377547	-227.40707664425028	0.6227510945580762	1.5052722575504542	1.6598835354945072	2.4654826983271376	0.03198060303612983	0.9655684396931711	0.02772143853230304	0.001938605232065713	1.2850221914773046	-677.3362033563961	11	36.44717722664308	
223000000	-3368.973951568798	-2690.4907650521573	-678.4831865166406	0.024227640743105707	0.9241804602213798	0.6679794738935303	37.13426212647236	-1026.163659896315	-1080.2124445789511	-348.03038689084667	-236.084273686044	0.608026383676582	1.4820600028789463	1.9658390799572802	2.418740294309304	0.03377375119333632	0.9427104292421624	0.025192398965460293	0.001610096538390085	1.2045867129621108	-677.3289752967587	18	36.401669652439075	
224000000	-3383.102563648308	-2676.311010946705	-706.7915527016028	0.024252005394123144	0.9207098039518968	0.6578291545875777	37.00303668725246	-1036.6735338807357	-1056.102670373173	-356.0746107426005	-227.46019595019607	0.6527023334547843	1.4704614936154954	1.5446042722218625	2.411444745431512	0.037474744646578434	1.0375208309004833	0.02399684891728995	0.0017292963802838764	1.2743314213862413	-705.1198351606896	12	35.99880343578185	
225000000	-3381.353961276496	-2697.6936358240005	-683.6603254524958	0.06616428042004219	0.8040460857706856	0.6882952918479156	37.22179407797723	-1035.0068979091861	-1084.372149909334	-354.75739469986775	-223.5571933056125	0.6286794099225043	1.5510646718395047	1.585445700994911	2.070979188175911	0.029691907083163792	0.8358135640775103	0.02368811874173599	7.898701432409392E-4	0.9458832597325324	-682.2476708048207	22	36.93558378929972	
226000000	-3365.580076520496	-2662.24125855384	-703.3388179666556	0.028331212368404354	0.9143031417408095	0.6628230115702499	37.78505116511805	-1030.7374498513736	-1065.92278214183	-344.64651902155896	-220.93450753907726	0.6298443978541967	1.385108265014838	2.2167251757733353	2.4377129980335197	0.03606106119018178	0.9316874874279195	0.028058101467888903	0.0012011157003281182	1.0763728058951052	-701.9274747722309	21	36.62255242826326	
227000000	-3394.4184399893984	-2683.5137866884343	-710.9046533009644	0.03528951532860038	0.8690205269358158	0.709424101829929	37.35495107231923	-1041.7697573261191	-1067.4374614833894	-350.2851151482989	-224.02145273062692	0.6274963379106985	1.3540101675979601	2.4138415664475374	2.41725533003205	0.02860850167713226	0.8840095326583873	0.02455266474468759	0.0010171239746726978	1.0466393255031092	-709.5620699745455	20	36.093418346539416	
228000000	-3396.531841400776	-2701.628169753813	-694.903671646963	0.015878407496592275	0.9516509819677395	0.5877646414063202	38.0235402845309	-1051.2088269724006	-1087.1334110822515	-341.2484623837796	-222.03746931538132	0.6434756071582216	1.313644955964044	1.9717283108577555	3.250634316316527	0.02822178210047089	1.031617174169946	0.020091155149588712	0.0016512354076927832	1.4109854286380976	-695.0841112406856	20	36.969128519897936	
229000000	-3392.132203238629	-2701.3926942804515	-690.7395089581776	0.03747142853050259	0.8888965722398031	0.6215797748015894	40.29866524872154	-1028.6125970026917	-1086.8210936950484	-349.4203439211803	-236.53865966153145	0.6252001911802146	1.4873316887227108	2.0711695387900253	1.860664476189188	0.028646438645745554	0.9504736926904673	0.025692082757252304	0.0011560724607452147	1.0525293810966891	-690.1564028877433	17	36.91850138179279	
230000000	-3385.4381996333873	-2676.9812759402416	-708.4569236931457	0.04259692531079392	0.8640575992019232	0.6698469632113705	39.39947611538915	-1028.1514439614723	-1074.9273305987138	-351.71090847353844	-222.1915929065172	0.610996263515408	1.418876266053833	2.441997080818311	2.0976897072909613	0.027132457962595637	0.9683863212229129	0.022401374064523277	0.001101148863921894	1.1801376513434503	-707.313684778386	21	36.44723695359016	
231000000	-3364.450116870114	-2686.221070927905	-678.2290459422088	0.0736888956150614	0.7896762885244628	0.734856203311334	37.60071785654941	-1038.2780825502684	-1060.3327856121239	-356.83044969837823	-230.77975306713478	0.5258711122650395	1.4942249624718784	2.4948906435451534	2.944365578513538	0.033596916460742775	0.8402508953934048	0.02794987521917614	0.0013341066231577637	0.9946617772868055	-675.4370746663267	16	36.00483660667513	
232000000	-3359.92528092637	-2671.1953858490124	-688.7298950773577	0.038137634421776034	0.8861384752434955	0.6781926463958785	37.00146124747127	-1035.9114836323874	-1066.7397295997544	-344.29770676122274	-224.24646585564767	0.6423902627091445	1.4128709453606303	1.9229646861348582	2.4635582995448457	0.0281587256233744	0.800701561167544	0.023769657046845385	6.87038876126634E-4	0.9386514438096639	-688.2213372637701	22	36.515854676767034	
233000000	-3428.6359496295922	-2708.041837495261	-720.5941121343311	0.04038693449074196	0.8677714858941868	0.6205251128703508	38.04433938122828	-1054.780256183855	-1076.7031238485495	-346.21437139054575	-230.34408607231063	0.6021287467278774	1.4746956046142223	2.0541036273002873	2.4426120228670527	0.03294127405940701	0.9672623380102181	0.025188624849189923	0.0012720946813763105	1.0874101628859536	-719.7142400466612	12	36.74061873028344	
234000000	-3367.3896037199866	-2677.1667339587566	-690.2228697612298	0.039658669037749436	0.8811403467346736	0.6782523473457873	37.640694542722805	-1026.8676008948137	-1084.1964803780677	-340.96604239768976	-225.136610288185	0.6150369877181018	1.4601433910879302	1.9324000114014335	2.5413066936124	0.03526240435900223	1.0286528720323782	0.026803382687988694	0.0018822370516107154	1.2306165604738817	-688.1963873015353	14	37.07706377910175	
235000000	-3391.120223773782	-2679.36881798155	-711.7514057922322	0.01924179042926994	0.9378498393818535	0.6462688582955175	38.41652588217281	-1024.6755404678424	-1068.6191021654743	-355.16987908629983	-230.90429626193367	0.653981718141133	1.4177885851384928	1.8461032243678932	2.333569446428462	0.03269256030675149	1.0035863957702083	0.02423393645360758	0.0024879885290221538	1.4797700180824382	-710.7704455127682	15	36.980828327153034	
236000000	-3399.8239767357763	-2706.4533897703614	-693.3705869654152	0.02475373693614658	0.9174294796733932	0.6752897973045195	37.532925335747315	-1035.0619948913568	-1082.6041356209237	-357.5509702457661	-231.23628901231433	0.717853790546511	1.2643706610885497	1.9119056232683982	2.385607189099887	0.02700416345181691	0.6984026468308039	0.024248499405860973	4.899800926834232E-4	0.8122029623470816	-693.5014316678286	17	36.76062588492916	
237000000	-3384.414285872453	-2680.330357617657	-704.0839282547963	0.027278733861628376	0.9137420613524856	0.6403955287602237	38.58271439703254	-1029.511467919041	-1075.8883365162633	-346.28121082481124	-228.6493423575413	0.666345115217393	1.4506692704473423	1.8030458870677017	1.8780890744752372	0.03174529566121296	1.1055535881592393	0.02551079259364115	0.0014356380556890445	1.1687280010516685	-702.817209478067	13	36.81740068700687	
238000000	-3369.9452334884554	-2679.587941735899	-690.3572917525564	0.03215123706181821	0.8966640901172469	0.6462326278866594	37.29007974450214	-1033.2086201843877	-1066.2144459472254	-350.6427900706126	-229.52208553367313	0.6107769282371125	1.4931099397480834	2.0574311178918236	2.106744449451719	0.030641336378845918	1.0070578428990242	0.025076103594956337	0.001415003473020763	1.1527384351573808	-689.4759805618954	19	36.34526452065081	
239000000	-3418.1024147415283	-2689.1718756467635	-728.930539094765	0.04980603623762645	0.8225615120302937	0.6794546374480999	38.73344385772781	-1024.5636985806677	-1075.4936276590606	-354.6920605331142	-234.42248887392103	0.6000247527600182	1.4337457052706704	2.3125545370808265	2.398847910232537	0.032017991591895154	0.8193525909761353	0.027816833063189512	0.0012525684994277339	1.1011682661781026	-727.5551694830647	15	37.15361421367795	
240000000	-3441.1901906399203	-2701.394889028553	-739.7953016113674	0.06436346772475272	0.794975327138551	0.6637759528930941	37.27776373704612	-1041.1185181063277	-1076.4398111047078	-359.6341494329616	-224.20241038455555	0.6802134146705537	1.3142751099004857	2.1958474193006206	2.1547361483793597	0.027468614442568186	0.9307161855507471	0.020919511927315976	0.0010615475803455612	1.2135579026737298	-738.6776789977797	19	37.084637720995225	
241000000	-3390.777929811963	-2690.3742419801492	-700.4036878318136	0.0883113885768056	0.7368961933982463	0.7001322602884986	37.937039308317736	-1035.8701205423265	-1076.2359116335465	-349.80247617698546	-228.4657336272905	0.6625058785112672	1.3828836491861305	2.1232963348438387	2.0006668796344007	0.03670354613637779	0.9460907846623202	0.0283747124092567	0.0016959688205050545	1.1451966823859503	-697.2911120736874	17	36.61228550547093	
242000000	-3417.5740757084204	-2689.5884532849773	-727.9856224234433	0.013656829813347406	0.9536835646098746	0.6484967979112194	38.859465506751235	-1041.5906730170373	-1064.1341892931728	-353.97646884411284	-229.8871221306545	0.6065986390486746	1.539467087666563	1.6187717585231618	2.536571491660947	0.026497556532854117	0.9722111432292656	0.022621028099226514	7.565335138838043E-4	1.0680321609805088	-727.7238672257464	19	36.85499661717217	
243000000	-3427.5874168655846	-2696.0463878537184	-731.5410290118659	0.02147857960389004	0.939124799158761	0.570614363084565	37.38611069971874	-1020.5588357870416	-1103.6847373238757	-345.5647719885791	-226.23804275422225	0.5891055457686283	1.613972576683159	1.6568744966652984	2.131711071083733	0.03139110046527958	0.8368836043809251	0.024174388037060682	9.062814079697432E-4	1.01211720300363	-732.1725064131475	13	36.06455714356588	
244000000	-3410.1539317002557	-2692.807785104065	-717.346146596191	0.04937851004936277	0.8233235827147399	0.7247781500000273	37.09664840844177	-1042.2271891038426	-1069.600890216643	-353.9859117951301	-226.993793988449	0.6442690377735966	1.381031490187586	2.06850439787856	2.459722174326335	0.030606996085837	0.8748329208362933	0.028017069065898997	9.306281681630724E-4	0.9906663494569218	-715.3489772824315	20	36.552221065478086	
245000000	-3415.1303323474212	-2710.6263617397112	-704.5039706077099	0.02435629666860187	0.9203580381201626	0.6515874031531707	37.10429299519656	-1039.254497033892	-1084.266866085416	-358.6758039240287	-228.42919469637462	0.6168132757838559	1.443835684703815	2.1194497857583636	2.326989472695702	0.030807684279677366	0.7248256456001425	0.026096002755438056	7.498628259386287E-4	0.8423027997651872	-704.5707337860243	19	37.021362509830794	
246000000	-3389.042440874888	-2673.754153792598	-715.28828708229	0.007638356796185161	0.972291170181532	0.6694172967670371	39.95695601969955	-1037.1649308403544	-1071.9230611624953	-342.69488961292745	-221.97127217682103	0.6154577175588346	1.5404701971553536	1.6605438956534717	2.2861197745908353	0.03761249132777694	0.9654792430830311	0.03137284287709242	0.0019783933675258055	1.272043502141935	-713.623179473479	22	38.237992549625446	
247000000	-3419.1013427440175	-2682.285346364532	-736.8159963794855	0.039650581272568444	0.8784412274350255	0.59631954588223	40.49265680558257	-1020.6123008889745	-1076.1289760310701	-356.1784077340114	-229.36566171047622	0.6871328620279835	1.3659860370424532	1.8057314354791796	2.2405712759981196	0.030285958096023965	1.0750422453114241	0.02087664764161672	0.0015562478410526101	1.2605244977362668	-735.9224063318861	16	38.53445406820385	
248000000	-3421.27692004225	-2715.268152490867	-706.0087675513826	0.005877771423338785	0.9824963016696291	0.6180517150281514	37.83022753812424	-1054.6895507319807	-1084.4529009055088	-347.6742610091967	-228.4514398441811	0.5653518030211132	1.5061721370521404	2.2422743101997304	2.5287864662804704	0.029714280439816734	0.9992089347628468	0.024453309195158777	0.001781005788721382	1.3241685163260952	-705.9803648959827	17	36.92228183595614	
249000000	-3428.2295522414493	-2678.784405661256	-749.4451465801932	0.017642607023525842	0.931882094908168	0.668848980903128	37.93380910767986	-1027.759931459231	-1082.284063809307	-344.20075455593644	-224.53965583678163	0.5864789533863445	1.555669201250945	1.881039862924717	2.3140573142830827	0.025836332415234586	0.9621940180443495	0.02089358659934005	0.0016054837702967355	1.356147324139688	-749.009337038306	19	37.83555779152669	
250000000	-3449.6724207561283	-2706.5704146105845	-743.1020061455439	0.010193171180118515	0.9573507696571476	0.6353997846573548	39.54104473381971	-1052.1548699810994	-1071.4309726287272	-351.00873781914703	-231.97583418161096	0.6380897700078733	1.4455650990261049	1.9001512559278564	2.2909437807421043	0.025827598146454557	0.770859869799078	0.021925811683060403	5.008267435649803E-4	0.9259970830141464	-743.6879608377807	13	37.66941587780183	
251000000	-3419.512234294325	-2697.6790404786725	-721.8331938156523	0.02188064308555838	0.9247153202082072	0.6878181406432478	38.04195548959064	-1031.5255506636015	-1084.3280636696838	-352.7997139703905	-229.02571217499622	0.6322597470331561	1.425573521754733	1.486686905116149	3.3052010266245286	0.028270889844871788	0.7651782867119625	0.02574762447446854	6.722618478656439E-4	0.9116600903631668	-721.4250967773926	17	37.507912463059164	
252000000	-3415.141118292101	-2699.347203165787	-715.7939151263138	0.07949042858057113	0.7584752853661554	0.6939836132614684	42.8002171953156	-1057.968676369275	-1071.3565099246384	-338.76359708899076	-231.25841978288324	0.6375397015201788	1.465417787280545	1.7524896339632483	2.3811287261563936	0.027905028811401323	0.9377058151003831	0.02266548833090005	0.001534046514504997	1.2451881694835079	-713.3354541840941	18	36.935069901753195	
253000000	-3432.522954613768	-2708.5496771342787	-723.9732774794895	0.016735403678945243	0.9484874971504978	0.6095612066933419	37.92638911118692	-1024.9741712018772	-1097.9148740406902	-351.98108689556443	-233.67954499614626	0.6870705524108702	1.3847792383372237	1.6504936603766927	2.34428245349962	0.027631073097837692	0.9073976861532497	0.022417505509028546	8.707001178105135E-4	1.0775617099210262	-724.3463972119117	14	37.512776735924234	
254000000	-3408.6973573678133	-2680.7675334647965	-727.9298239030165	0.005216527552700717	0.9806254203749999	0.6587943668494197	39.92972611378319	-1038.3806120148888	-1074.826612019142	-341.3647141639958	-226.19559526676977	0.5794575842842851	1.5792066233427384	1.936118507755646	2.1392388999419296	0.024846686020314587	0.8608246225464385	0.0225015512248552	7.568224110056285E-4	1.0948047777502659	-728.0517118448403	16	37.01893071856351	
255000000	-3395.6294799643897	-2678.712531220062	-716.9169487443279	0.07311893581156816	0.7941492252232362	0.6307563263593641	38.65429942274863	-1027.96138580142	-1078.1112495449615	-350.9065326851301	-221.73336318855033	0.5544212253478855	1.5380475245965082	1.9871394979791699	2.8960748755583836	0.033766266993388756	0.9511481472878882	0.022922730045802933	0.001441027760733419	1.230455449492836	-715.2975671268636	20	38.40833157124352	
256000000	-3403.0379555734507	-2691.107584817507	-711.9303707559437	0.03159196909214057	0.9071529636976258	0.6454928795547565	37.52032227380337	-1034.4763021481028	-1090.7146335922123	-342.6946745477951	-223.22197452939668	0.6619899191416413	1.3150191098609927	2.214911778162187	2.460923935776415	0.03418634919614607	1.0530417160943835	0.024479865190347765	0.001183956326765794	1.0858589265387886	-710.5543345053508	17	36.89956940049658	
257000000	-3417.6201611398615	-2692.8051716280324	-724.8149895118289	0.023377956928999806	0.9159854974444741	0.6796099461151408	39.04641634937387	-1035.9983711867985	-1090.1406166039212	-344.0557822478414	-222.61040158947173	0.6436195321311908	1.4455101162270567	1.9250500395863228	2.142800274188143	0.022549728319537516	0.7159815034782923	0.021120519355482942	3.5038510513952094E-4	0.7907945844789395	-725.0777958914216	21	37.10172866694467	
258000000	-3415.4434556065735	-2682.3964796173236	-733.0469759892499	0.028813767499035116	0.9047967434671688	0.605912461741357	38.391644619072665	-1044.9561832325462	-1067.478067004813	-342.9692760366338	-226.99295334333038	0.7055418196148409	1.3710957573222453	1.7360307383400566	1.9667898193230453	0.031088183103069295	0.922731930339997	0.023479078679765068	0.0012389761347075376	1.1862385154607555	-732.8221788140712	12	37.57473250863798	
259000000	-3420.4541639131285	-2688.2364667925453	-732.2176971205834	0.01641468140650596	0.9472897886540989	0.597928492742368	37.90176336169497	-1034.9511109522323	-1074.666387884238	-353.4523786403729	-225.1665893157022	0.6683507839250934	1.3976762388835882	1.9492696710224289	2.0610270311819687	0.026081551967706427	0.8496258214811365	0.023712210518878632	8.606670426368216E-4	1.0556896326979193	-733.0565707212971	19	36.98565974686939	
260000000	-3414.4709077336524	-2677.883321780765	-736.5875859528873	0.056781460639869004	0.8102709784526435	0.6575741605937855	38.161660816791546	-1025.1260619953846	-1074.8644260373442	-345.3729807003769	-232.5198530476595	0.5992206973171724	1.5130447039245785	1.9867533253662601	2.270586096261857	0.032710271872084404	1.0722130674008896	0.023536089219478407	0.0014720541498793598	1.2061940348584634	-734.6301513229981	15	37.68067058861673	
261000000	-3430.1604079969075	-2677.736221210464	-752.4241867864436	0.0022138492274140407	0.9914260463438359	0.6197973440005606	38.381159548985565	-1019.0607820109143	-1082.7180639757792	-350.2659630916267	-225.691412132144	0.6078215143881217	1.3954686337604407	2.357228876360494	2.517022989151158	0.0265837798141665	0.8749775845517486	0.021723788741338748	0.0010423764834287933	1.164805790638935	-753.0629583183601	15	37.93573155914728	
262000000	-3387.1885941453997	-2693.6919191225174	-693.4966750228822	0.012352820582979821	0.9616033015518524	0.6485785098222077	37.25335520863776	-1041.2152475381552	-1073.764948535666	-349.75235947634576	-228.95936357235058	0.6150827842865249	1.3361629628692238	2.1206761017401465	3.3267772546881123	0.032754185222124386	0.8777028041676699	0.02649682819264787	0.0011471048034126289	1.0363073344145424	-693.1047482247624	25	37.0500344934939	
263000000	-3393.6351034292566	-2696.560653065779	-697.0744503634774	0.03186015287062707	0.9002817812250677	0.6858270411489886	38.438340745639124	-1041.6384878750293	-1080.0757401385256	-350.9663424457665	-223.88008260645762	0.5880594631679805	1.4748525360855058	2.2021820354594563	2.4493788129850924	0.02939637629552495	0.922155658510393	0.027138728730778636	0.0014445691826019996	1.2155732615936707	-695.8930695393441	23	38.06127172600725	
264000000	-3374.3009503782996	-2683.6670046989216	-690.6339456793778	0.004245800389625949	0.987349368458287	0.6289587419242484	37.452694108497326	-1043.0906679061054	-1070.1950856680364	-342.31250700285665	-228.06874412192286	0.6135972482063198	1.455333877736307	1.948477795561509	2.5838112422208805	0.03249140125874088	0.9556189816550086	0.025348644671148942	0.0016166093232231637	1.2962220097723713	-690.3930216034801	16	37.16485242318185	
265000000	-3366.1031606521683	-2681.7282289339114	-684.3749317182569	0.044872934539277515	0.8658650348154209	0.7062570168427329	37.90886064415521	-1022.8073201839877	-1078.8296661214506	-354.469848405306	-225.62139422316687	0.6492560607341188	1.3965270063092476	1.8883483461249835	2.5407821835501583	0.029756503392898884	0.8437368110181035	0.025614718639755084	6.772003743146873E-4	0.8735711688693866	-682.9153447106792	23	36.99858756987818	
266000000	-3400.3122610176006	-2716.1900659061216	-684.1221951114788	0.011542511791072107	0.9613572040504185	0.7042386354706408	37.54306126588931	-1043.5937883257748	-1091.8693440459256	-349.16158348118154	-231.56535005323974	0.6474868695441609	1.444714634758203	1.7721682544699517	2.344023320515114	0.031033530467357292	0.9731085424598432	0.025881727028633367	0.0013284081940734829	1.2165963967583227	-682.7424432179774	17	36.12088613679571	
267000000	-3400.431181046777	-2686.85777344677	-713.573407600007	0.06924654465794182	0.7984317738587581	0.6798359524780294	37.072702479037616	-1032.3785545471505	-1089.169273097055	-342.1408020337161	-223.16914376884816	0.659715537012811	1.4692536351424375	1.7887175701628752	1.8618663326899871	0.02950914748607671	0.9446497424936389	0.023591252426249668	0.0013386550138186888	1.2242341854110108	-711.9376804896162	19	37.044792063905454	
268000000	-3404.470653499425	-2683.158441487751	-721.312212011674	0.04809695934445714	0.8348035459088249	0.6721069601622891	37.65224627477356	-1028.4934305621791	-1078.9136339811687	-353.64299882663005	-222.10837811777347	0.598216910030368	1.4713978127133063	1.892506516099663	2.829411991829166	0.027866742891260503	0.8302656886052724	0.024274402495644408	7.845271433844037E-4	0.961367701524226	-720.5724659999329	20	37.37245234389011	
269000000	-3392.7213221141765	-2697.729807602244	-694.9915145119327	0.089047434344869	0.7690712697656434	0.6724588432537149	38.61207292925579	-1045.0133039192935	-1077.3052309622267	-346.4632605642347	-228.94801215648894	0.5705323655677709	1.4968006012416009	2.395750556824454	2.2461161685954836	0.028785377865550927	0.793255979957942	0.025316382928802065	0.0010454072642387445	1.047041875977914	-693.5602765264208	21	37.034679159262595	
270000000	-3399.8737324719414	-2675.8716203731774	-724.002112098764	0.008897752084523265	0.9671967008449086	0.6582094624745313	38.890911975978405	-1027.1050080744803	-1076.3698210455523	-344.61339553967673	-227.78339571346817	0.6708736980340742	1.327577874561202	1.9147266639516842	2.7044272043866626	0.028682505260025255	0.915074167293857	0.02336337466936707	0.0013471826034300884	1.2153661656622534	-723.6477812858122	13	36.6357730016909	
271000000	-3434.8094377293473	-2710.3014806131187	-724.5079571162289	0.01675659012836521	0.9495881473738984	0.6424822818048426	37.47284180291808	-1040.26107966366	-1092.3585532473485	-347.94140450395685	-229.74044319815326	0.6348136623614249	1.443744725806245	1.7114152212292193	2.6998612457259394	0.027631330188082268	0.8839209855918525	0.02656514218499361	8.197281138398302E-4	1.0586492052310212	-724.5931308311445	14	36.69428402254436	
272000000	-3404.6629061341137	-2680.722111223124	-723.9407949109896	0.04853470162420247	0.8344806565465286	0.7001572672326053	37.443530060334275	-1034.73026307167	-1071.3357497219347	-343.1207206751395	-231.53537775438002	0.57817281059918	1.4919148853202444	1.9789924939708061	2.8742457662847847	0.033156812757652705	0.8564247587740387	0.023973206981162936	9.39493410397907E-4	0.9506981270190216	-722.1659686499439	15	36.5742685789797	
273000000	-3438.3930339255435	-2703.962288553294	-734.4307453722495	0.02163710241655913	0.926746864151433	0.5983360385561171	38.34283079454607	-1042.6477546413353	-1083.0476079546063	-350.8812496228954	-227.38567633445734	0.6410882875645819	1.4354236419254007	1.574058777896247	2.8959068976262867	0.024295727890881254	0.8296287165478994	0.021634131984670325	6.298724045965712E-4	0.9721042271384395	-735.353919215588	19	37.534159038434595	
274000000	-3429.845579346945	-2692.9226492639978	-736.9229300829475	0.07026457085895381	0.780573665717439	0.647519878395126	40.620543777605036	-1036.9681153362249	-1070.0850241092455	-357.02132304114673	-228.8481867773808	0.6131506305383241	1.3727263265628764	2.371929091324837	2.5947251708878145	0.023710560655758207	0.9484794066122162	0.021952355812510094	0.0010379522297099826	1.191064151910324	-735.8780357539688	13	37.07649468912839	
275000000	-3395.3667929502176	-2683.372769615018	-711.9940233351994	0.050715038722036324	0.8573593687182123	0.6318446968113368	37.49635865724384	-1043.7270375098763	-1070.5267573418503	-342.9585692682152	-226.16040549507642	0.6543869129893193	1.3890629175184837	1.7322915708146585	2.783572146611226	0.03404596075654068	0.9734600353215416	0.02372984895859606	0.001526181543859471	1.1848645176766226	-710.7516070167167	16	36.78976413553404	
276000000	-3380.300472446108	-2664.2916774689957	-716.0087949771122	0.028985598215234616	0.9077721049825436	0.6666346429395339	37.00276776789354	-1018.438235239922	-1084.7450047403324	-336.654969114263	-224.4534683744784	0.6743954121546093	1.3388695473067678	1.9249388186739824	2.518018310622307	0.0288728923348987	0.9471851588039966	0.026747182979437872	0.0015872055259552637	1.1774300687271344	-715.2853294071938	15	35.62562028708658	
277000000	-3385.2262308768445	-2674.783012785735	-710.4432180911093	0.029852851543826598	0.9083514281181113	0.6108731824910681	37.75509937491849	-1036.6907453254717	-1075.4133590929669	-336.90355644105813	-225.77535192623833	0.6159663092213592	1.4529416948925475	2.3250861163503567	1.9012641671483863	0.03653929103461612	0.9952414085018705	0.02673107250932484	0.0028155746707779284	1.4510935033877097	-709.4366394245251	13	36.86287649231079	
278000000	-3401.1012760274293	-2683.338382875941	-717.7628931514884	0.036188406038294485	0.8827096210288724	0.6623782934634238	37.7847536420341	-1030.4661077712838	-1081.5275067478644	-345.13956519154925	-226.20520316524397	0.6342458425049197	1.4469280758693501	1.7384969840009568	2.634606587580961	0.030918900045890922	0.9210136174030912	0.02317400890678301	0.001047008812546334	1.0745892672519555	-716.7770016796159	21	36.02786654793229	
279000000	-3381.571072665731	-2677.4269786072396	-704.1440940584918	0.012606587891154077	0.957166183634024	0.6546244939440072	38.30540280440083	-1026.2048191048734	-1070.135079598768	-352.5558551945734	-228.53122470902463	0.6361070411737239	1.3574032055200775	2.248461541917598	2.512529669663006	0.023783963761589557	0.9147734945434567	0.02162605899825685	8.829684327179382E-4	1.0955011214458545	-704.2956916563684	17	37.951268460320954	
280000000	-3435.2431631952772	-2696.099679794441	-739.1434834008363	0.04325917812862678	0.8497987538259069	0.6943925677926581	38.11613934551294	-1038.47290735682	-1075.2348978871707	-345.4234726657586	-236.96840188469093	0.5799184646119832	1.560616526666164	2.1567548586409626	1.9116794297554256	0.029819755608694	0.9023690601114096	0.022653552892501858	7.854650452339673E-4	0.9619725692962247	-737.6720982974397	15	37.12916632382873	
281000000	-3388.1809343836703	-2694.3478245091474	-693.8331098745228	0.05511916366892158	0.8272089600042238	0.6998408883416442	38.12931698160525	-1038.5367596932608	-1082.8231573353348	-350.25018648254513	-222.73772099800658	0.6326432536569832	1.3315330158194625	2.1806951215006745	2.9297645755162223	0.03338504188979584	0.8933793132656712	0.02465604531922648	0.0012251063875970785	1.0665858718061412	-691.7585851696838	15	36.519016485331285	
282000000	-3396.8005737847443	-2687.572759883873	-709.2278139008712	0.021512597698568232	0.9341058414650814	0.6583929919219952	37.035193818598295	-1048.2178096674447	-1061.7865550392635	-350.467672124149	-227.10072305301588	0.6360939198531922	1.4489116949123801	1.9858954937555715	2.1486931545059136	0.03167225530998241	1.0731985098761228	0.025615162010861482	0.0012064300681939371	1.1229243829325428	-708.0793798134328	16	36.45493158452206	
283000000	-3409.0756726167665	-2695.887928512207	-713.1877441045592	0.02197448475340808	0.9260682092170369	0.6724343943343967	38.271527740002554	-1041.9459968772303	-1065.6162697201064	-360.99015580141156	-227.3355061134584	0.5947274016173184	1.38581951889929	2.4583116167486283	2.6757583698674976	0.032095075215983274	0.8413084169599832	0.02810626679625979	0.0013273902885840895	1.0894750382503664	-712.3700857105536	14	37.19203508283529	
284000000	-3396.8458233147476	-2685.2314314159285	-711.6143918988192	0.04667750087905319	0.8604853238767227	0.6014083469103797	37.015132731341595	-1035.360125652957	-1078.542368272536	-345.59398548742786	-225.7349520030075	0.6480668043176548	1.4308202663432155	1.977653635587205	2.0984544585982365	0.03165405135314991	0.922784790861851	0.026058045736949788	0.0012489884045122502	1.0767067633401837	-711.2431784744872	18	36.98015641101952	
285000000	-3384.050625876618	-2681.53312388267	-702.5175019939481	0.035872335352644835	0.8911057678379382	0.6340223298381419	37.3956882643232	-1037.419416301468	-1071.3109132807488	-348.75745635477915	-224.04533794567465	0.6136767773914998	1.4926257762697661	1.9371739916218893	2.266454757795471	0.030056853737370715	0.939211304525441	0.022932424935416522	0.0012771567936004679	1.1622366126979558	-701.9986088193309	21	36.23471578628748	
286000000	-3399.921184484687	-2676.6217618369583	-723.2994226477288	0.03826396109174719	0.877912222726565	0.6326669708635568	39.2453209845185	-1037.361940528712	-1067.9352403254256	-345.42804205972476	-225.89653892309548	0.5661059866470438	1.5773163905915117	2.0798898435869697	2.1583315121055295	0.027863024270548185	0.7840299136620186	0.02066592423267065	7.072142891228012E-4	0.8951803514758381	-723.2644254012504	16	37.030796573496545	
287000000	-3409.987627746065	-2692.2870192063406	-717.7006085397243	0.010322908418412796	0.9655833696879282	0.6422337306389659	37.460097147148346	-1038.9671148227246	-1069.4478935424609	-355.70491532715226	-228.1670955140025	0.6198428362343175	1.4566254103734138	1.8479280505391023	2.629483329743979	0.026510408232095474	0.9049568329612444	0.024071854764016347	0.00104277493738938	1.1775991409563349	-717.9311605513229	15	36.31775987363772	
288000000	-3427.581214072624	-2703.5999758663647	-723.9812382062593	0.02708319810857223	0.9123030151933749	0.6178993751943186	38.89094588548795	-1033.2014671598786	-1083.872645046942	-352.445423865498	-234.08043979404638	0.6669204714534142	1.4215873145089009	2.0334261528731665	1.7257294442771791	0.030723272100003432	0.9554769591717893	0.026009759213959944	0.0011535956820533323	1.0790980135813597	-723.5292442656403	14	37.74468843568616	
289000000	-3435.7461461665525	-2701.535642438773	-734.2105037277795	0.018552851367105425	0.9263359133911312	0.6862497849942532	38.50422522444802	-1036.6674148515476	-1083.0364173768253	-351.63748660113174	-230.19432360926825	0.6056752347781593	1.483851590378163	2.3207622250969417	1.8261723318920453	0.028223332503294455	0.7197203448726687	0.02311454071757553	4.555448214911634E-4	0.7979003284017884	-733.9763428975904	15	37.61302250948378	
290000000	-3433.1524051194865	-2722.6689729763084	-710.4834321431779	0.013823019309952243	0.9468488013075413	0.6834746854979026	38.53874857796051	-1043.3744628398365	-1103.9677380859932	-347.9440363086245	-227.38273574185416	0.613376365380501	1.5234491539686315	1.5505977716475199	2.671260571669893	0.026224672308316363	0.715513472841552	0.024833945756026682	5.588456578003889E-4	0.8510815940654978	-710.5761247961408	19	37.09747169261608	
291000000	-3392.2699736160084	-2700.9051211876576	-691.3648524283508	0.060637304819634225	0.7998690181878167	0.7142686524324765	40.704194559540916	-1038.0107276724357	-1081.987140901312	-351.09776274712755	-229.80948986678231	0.634468343863603	1.4157805376280475	2.106023433380944	2.267535619522694	0.030456145935103752	0.8380463838585643	0.02404002487472068	0.0011366107749365938	1.0785353600823993	-689.1404955961195	19	37.54417880252702	
292000000	-3386.9721427259187	-2688.499162416077	-698.4729803098417	0.023395065215691825	0.9146775206857987	0.7089414292050636	39.89320792590922	-1035.7025685249487	-1080.3019840819145	-343.86805669370335	-228.62655311551038	0.7129539244395598	1.3328321082100358	1.9234947854299325	1.8422705872559	0.035497550363476786	0.9372538394754331	0.025708430338594518	0.001483306332396467	1.1714467457490787	-696.2224726429044	13	36.35988520752467	
293000000	-3395.536054028688	-2673.5551165254437	-721.9809375032441	0.06175804992763273	0.8042272208396739	0.6710643287460467	37.53985291996887	-1022.9514427510501	-1077.391985811123	-344.0856360948778	-229.12605186839238	0.6275009347791389	1.4229079130342799	1.9766130558284767	2.5622381741882556	0.03507932756166615	0.9200517050862612	0.024120513422652787	0.0019246749926404559	1.2867595934651843	-720.0479354916883	12	37.26710291391336	
294000000	-3403.814298997033	-2714.528962475002	-689.2853365220307	0.020056962878110592	0.9416084264064811	0.6258072377915652	37.46727523449313	-1045.801479192741	-1096.4182451135111	-346.9626869619629	-225.34655120678755	0.6775167368768029	1.4049062639124619	1.767383316254446	2.1401048206835154	0.03426008344546047	0.9112552244392786	0.02885197280568905	0.0017652423072639105	1.197137456152232	-688.7865712215369	20	35.88237488241947	
295000000	-3392.3008310595924	-2703.904899069115	-688.3959319904773	0.015288531967482807	0.9538874171657539	0.6945129993436373	37.84439682659125	-1038.5598838044818	-1093.6681270268134	-351.05293768345837	-220.6239505543612	0.6226526523429174	1.441996721848049	1.8432974857371782	2.715858508812235	0.030706222385903013	0.8374031150206664	0.023712679777541126	9.07814585560017E-4	1.0125802126799772	-687.5472975253367	18	36.922268127671025	
296000000	-3396.132109786491	-2662.506748507991	-733.6253612785003	0.031070452194951127	0.9017628043364541	0.6146936910332831	37.76968882171571	-1039.5466589852015	-1061.7712462660024	-336.06786938155926	-225.12097387522724	0.6236088059522783	1.5290642269540717	1.996714516687725	1.6456042401167157	0.028990519102337835	0.9220059991107721	0.02445121818822214	0.0012332414495166172	1.1928614250373046	-733.5395672827817	16	37.43119959334955	
297000000	-3406.135755524676	-2674.632875104947	-731.5028804197291	0.05542468699716115	0.8161126229109841	0.6728673294619486	40.296833982516404	-1034.398858593404	-1063.3063577360258	-346.9166634997205	-230.01099527579663	0.5470820921946964	1.5423480999415768	2.037447147438438	2.908774840809434	0.029545217989644074	0.8747704273299781	0.023233481776873646	0.0011115333518999526	1.0907183652804584	-730.0560564513021	18	38.469080373618155	
298000000	-3392.023440364042	-2674.6361409857477	-717.3872993782944	0.01975616746396748	0.929358094141516	0.6664996749319584	37.38066438199782	-1019.915038478724	-1078.9454238514875	-347.4742375005992	-228.30144115493724	0.66514981057467	1.4319730003454647	1.6391751833771548	2.355840025062197	0.030299438762063445	0.8179708358472693	0.023937234702885866	0.001202711619083781	1.078594802720218	-717.0357443420532	18	35.857321117418785	
299000000	-3434.116088909542	-2701.435283664891	-732.6808052446512	0.011383106002569036	0.9552958032821962	0.6855643541671143	37.087741297428295	-1028.0627207667944	-1095.0675008857065	-339.55771075227784	-238.74735126011223	0.6040038012994183	1.5894773326093832	1.7386342162310817	1.926021903422342	0.027296955785731974	0.9016619378160904	0.024496095914110703	0.001498895218562838	1.210355587707124	-732.2368590079894	17	36.65709074341498	
300000000	-3438.0426744637384	-2692.40300553167	-745.6396689320686	0.03043474965648555	0.89824827056402	0.59002790414553	40.1631606736242	-1016.7118213425488	-1081.8002504746653	-361.66617853187824	-232.22475518257772	0.6205554555392289	1.448960802290844	1.8879624968929392	2.614864754574549	0.027103358032159044	0.7672827793593816	0.024034319858865633	7.379647398780373E-4	0.9267573922900443	-746.2624417258132	16	38.27911774596549	
301000000	-3406.27718850985	-2702.8638457315055	-703.4133427783444	0.024579325068306932	0.9200502835947902	0.6588148637268755	37.80140368644013	-1042.6008096970772	-1071.8148966386416	-351.6887584606014	-236.7593809351854	0.6063370024271278	1.4547516396301314	2.0420847690889277	2.563183851307912	0.029371020565904984	0.9257226141765923	0.022304901544206737	0.0012882999908609414	1.2501313117257982	-702.808110162953	20	36.47589999547155	
302000000	-3405.6258299915066	-2689.348285759531	-716.2775442319759	0.03314116204821938	0.892335721215441	0.6671471280537822	38.188207470920126	-1046.454609302207	-1073.1794123602951	-346.23136049196955	-223.48290360505894	0.6559308902197195	1.4162208284398958	1.746024392669365	2.4857829426949936	0.034955124171792994	0.9662494467886048	0.02879032097911564	0.0018047729534599463	1.172451112970564	-714.6813259957694	17	38.09021941873939	
303000000	-3420.124850202454	-2690.5958739390267	-729.5289762634276	0.024621670425750097	0.910118275187032	0.6683470580172285	39.795355864851665	-1032.4605598875967	-1076.3911663120998	-356.42587785049415	-225.31826988883603	0.6580982889442646	1.4142684315306682	2.006077733200395	2.0070805931823434	0.02570542312137159	0.9329740886578824	0.0204597356098005	7.417550520797084E-4	1.0479704422129916	-728.8961237200837	19	36.828663525062204	
304000000	-3417.4317708597255	-2685.6302488134065	-731.8015220463187	0.036504749836057865	0.885910906965583	0.6396817041452617	38.261779262317575	-1032.2794002774474	-1060.3442898278495	-353.53584786060935	-239.4707108474999	0.6820910020746709	1.3095079079080316	1.793716756235014	2.8656954659977862	0.03053408592586787	0.9557581913182188	0.023668203273980594	0.0012171763452189185	1.1145360141544947	-731.006855558222	16	37.53635249852122	
305000000	-3412.961740495619	-2683.85208451714	-729.1096559784788	0.0068471518024267805	0.9763219232882963	0.6308874585137295	37.175487270740355	-1030.2377316502798	-1066.1460625700886	-357.07848125744107	-230.38980903933106	0.6094756970922883	1.5043131912329875	2.175554092447001	1.8239233723674915	0.03763924451947189	1.1562044955137627	0.02372720333047155	0.0024852178816869796	1.539593619664453	-727.6874275824637	13	37.12656673198987	
306000000	-3407.71675868238	-2667.719087567206	-739.997671115174	0.02642250392720286	0.8981145464875958	0.677326003656191	37.550836628037636	-1031.5320465849302	-1074.8554949514198	-331.45295690410234	-229.87858912675352	0.6311395167697729	1.4336394153453882	1.930908723570206	2.476504177018091	0.03694803177461577	1.022008158265106	0.030139928983843493	0.0025497098642373417	1.3162597180610867	-738.033198938745	9	37.268583610293874	
307000000	-3422.1009496618335	-2687.19837699997	-734.9025726618632	0.0199666844294845	0.9380576339253152	0.6261878652289771	37.6186727869171	-1027.919071504546	-1072.2184317410508	-352.6346454387319	-234.4262283156409	0.6012300226024699	1.5449953056037222	1.5936381992231348	2.632804971479228	0.031176603444542757	0.9300196326250578	0.021032104636426015	0.0010237621866106173	1.1394829956254617	-734.6350716955263	19	37.13656971516818	
308000000	-3403.20100754528	-2687.5657150697157	-715.6352924755645	0.07181478271817436	0.7991660828407058	0.6230513060383416	39.5320274036069	-1033.0973891349636	-1079.8606212679833	-344.99193080215025	-229.61577386461838	0.6442655306856265	1.3784669762037187	1.8274992508763233	2.9046284421061714	0.030403765012330174	0.920412783718074	0.025482231333333754	0.00101088638451066	1.0058308581114352	-714.4796362076131	13	36.80565265023076	
309000000	-3378.608326172821	-2691.2455183725924	-687.3628078002283	0.003158298389675602	0.9894248345417405	0.6542182944787778	37.635943364310336	-1024.7841429012938	-1082.709808805723	-359.26483762457354	-224.48672904100198	0.5348122256857338	1.5579032621717295	2.1035030605896265	2.88630799639375	0.030007392436604063	0.8648934802485247	0.02521556315138434	8.350943003444218E-4	0.9745094534294504	-687.3186448983962	18	36.761451067797054	
310000000	-3397.273661136356	-2671.321933391833	-725.9517277445232	0.009349247205276879	0.9674632340763799	0.6750910384534888	39.98264241597939	-1024.558218996299	-1068.1010867056307	-350.7540232115997	-227.90860447830352	0.6065184216402099	1.4723274270526279	2.087469717609064	2.322131139546672	0.028878791434909228	0.9420403730129883	0.022657221904383424	0.0010772693213099167	1.1369893786191445	-725.1300839970874	17	37.124918956242034	
311000000	-3436.124546573241	-2714.3098054618595	-721.8147411113816	0.04086294690391552	0.8681170836795228	0.6862622929079847	37.302491423489506	-1046.3163640505325	-1082.377885927372	-356.0921191628554	-229.52343632109967	0.5989642049327798	1.4705660560229714	1.9557287434074684	2.712060301107575	0.024295243439287354	0.7670487284529921	0.019828408295051638	4.3008514942617453E-4	0.8733511411197896	-721.5597782145933	15	37.17026659885597	
312000000	-3397.2438142593955	-2689.912325309104	-707.3314889502919	0.06073076887931509	0.8323823116775424	0.6436069817189497	38.12081579659517	-1024.8219162993194	-1086.267411663613	-352.66387901762425	-226.15911832854704	0.5916704978881624	1.5195845296548773	1.8735740841675206	2.5532451259380706	0.0332048705669457	0.9335594118465534	0.02562475719230258	0.0012961921575690351	1.157774848059199	-705.9210473240087	15	36.49540123501327	
313000000	-3374.6634956744438	-2682.002310719903	-692.6611849545404	0.003362310124045918	0.9894521447349254	0.64239295719013	37.21672079678453	-1040.9612001470518	-1074.837521720599	-343.5293335144427	-222.67425533780934	0.6849299771047356	1.3896729490644717	1.8524834592091168	1.987427839814054	0.02904093149347011	1.023033444517537	0.021721052592299617	0.001205142033434583	1.2459856818557928	-692.4216808402814	21	37.09551585741844	
314000000	-3419.4903553970253	-2717.7518083856194	-701.7385470114059	0.0387344562253401	0.8762609362139938	0.688805218211692	37.56057132238226	-1036.4898226331466	-1097.8068166330897	-351.6765549439865	-231.7786141753963	0.5895768559750566	1.5445570593353934	1.9768476264988653	2.187542856082617	0.026260543395201088	0.9070485058061343	0.02252816181303169	6.588650045408321E-4	0.9946963400370602	-700.8321674875838	15	37.057640208643804	
315000000	-3426.4122569528845	-2708.8742341270354	-717.5380228258491	0.052756057136490876	0.8354812016416331	0.6488748300351496	37.3321211041099	-1021.9749819880687	-1102.3880253838572	-354.81189468171243	-229.69933207339693	0.6149766295691205	1.4889074536074407	1.818437453226395	2.4830114125738465	0.03212870907415356	0.8339498772182868	0.026957984252615266	0.0016180377497878957	1.1726271684151057	-716.6680448572721	15	37.095614169466	
316000000	-3367.020659565821	-2681.5047700918635	-685.5158894739576	0.03436606319348056	0.9038639136450314	0.6610638111344235	37.64996398921131	-1026.0892570736596	-1074.6534430013467	-348.7606836285388	-232.00138638831822	0.6401079453833574	1.3644212490377148	2.1677131632023814	2.514659760772884	0.029616350014598967	0.8267108591545593	0.02414644580340491	9.473580687827692E-4	1.0284871974995924	-685.036279664209	21	37.11220703022093	
317000000	-3397.4011818645845	-2707.414546392437	-689.9866354721474	0.03796753348408839	0.8883685665596621	0.6768349738771067	38.78865469742746	-1044.9272056821442	-1082.9664853480294	-344.0122788959231	-235.50857646634046	0.617762614733884	1.5320183336254583	2.0697723978879727	1.6022436211234254	0.027896129562566888	0.6233608304103572	0.02642181748251016	4.7231022134712854E-4	0.7628090625066091	-689.9235656070604	23	37.120386637301664	
318000000	-3432.9412603443066	-2709.7649107869624	-723.176349557344	0.020967841629984472	0.9312343051413201	0.656343121833668	37.64134940746957	-1040.9631594266757	-1075.8414864412011	-359.0905253110068	-233.86973960807882	0.5788660240153498	1.5887602945100694	1.8734710406814288	2.174128571925492	0.02823205832094186	0.8445460802492729	0.022832823093404578	6.748893434577156E-4	0.9178238993942599	-723.0474783292152	16	37.15428270001785	
319000000	-3411.530002557503	-2697.4785416632767	-714.0514608942261	0.017925764275154223	0.9444889370796987	0.6511467177852723	37.38764514224639	-1038.0788809026585	-1090.565900971498	-337.60062324207354	-231.23313654704668	0.6322103258986599	1.4985884504418556	1.837640906662389	2.0348361672898334	0.03160529450696036	0.8865197645668011	0.023171837375907462	9.160407487048788E-4	0.9757311164156585	-713.6085405997824	18	36.820914822025586	
320000000	-3397.880697933804	-2714.5746858278594	-683.3060121059447	0.07674800390797108	0.7922572004999454	0.6706532972677041	37.16462983954	-1050.341631780344	-1087.5920868211545	-341.44173438847696	-235.19923283788432	0.5864982318134673	1.5108635445307377	1.8325701719960221	2.8017638937746705	0.03201067036593473	0.9392001802832695	0.030126972507241053	0.0015395166501614623	1.1774211869502462	-681.460579667673	17	37.13891572291228	
321000000	-3363.1243578881595	-2694.2668424140375	-668.8575154741219	0.02429344065274126	0.9214805484135915	0.6955136035778454	37.762873987950364	-1036.4391980616008	-1081.571611348395	-346.5237077440446	-229.73232525999657	0.6817059320268021	1.4450816714589254	1.338613714185164	2.4492782485366456	0.03057272287411884	0.8505741787645653	0.026045438646451886	0.0012450947648866416	1.0634267261523056	-667.820661096385	16	37.18589829423978	
322000000	-3407.2458757694126	-2688.488767573945	-718.7571081954674	0.04700798198192432	0.8588908358487968	0.6031825555974026	38.000081076313165	-1034.600189487675	-1077.2625185248594	-350.1700250900395	-226.45603447137137	0.5835356571789284	1.5206223505905427	2.310573128541563	1.9337183833380038	0.02807601341494953	0.8565172787549424	0.02339287076069146	7.917278611656804E-4	1.0343792396236346	-718.8192501940044	20	37.91974450478985	
323000000	-3410.846291108354	-2676.6833638733337	-734.1629272350201	0.03806452607467297	0.8782794339471695	0.6596475981672454	38.33318315967571	-1047.6692199803524	-1060.360648927864	-344.5415505531615	-224.11194441195585	0.6843917180043764	1.3872110108515887	1.7621584222124254	2.177881021381092	0.026741521444188055	0.9318644243595335	0.020717068786490062	7.626580004661137E-4	1.0095039285748566	-733.5028990416101	14	37.075775838544416	
324000000	-3430.9277946230054	-2690.8094782444946	-740.1183163785108	0.0045072663093714245	0.9827940517307946	0.6285367197755828	41.32467421823439	-1047.0880039240506	-1060.0246864299106	-356.04602144899076	-227.6507664415426	0.6403343580664652	1.4223502332672868	1.813954490560954	2.608074738850215	0.030791031943220172	0.8355877688451013	0.022699428615181243	8.577020574304832E-4	0.9765033301435475	-740.0215618743614	16	36.98485589344485	
325000000	-3377.266979069658	-2657.3634467562642	-719.9035323133937	0.05322994279736614	0.8335226246433378	0.6803832338329135	38.07993615185963	-1030.6927402233646	-1056.8866090091897	-344.66762263464585	-225.11647488906405	0.6061706936848297	1.539608662442907	1.6268227739538919	2.529339003583105	0.02992641041950202	0.9981077552590522	0.026502763083387823	0.0020653398534411904	1.4354847687782293	-718.2005277461794	15	36.90832973355243	
326000000	-3408.104389742385	-2678.2916753068575	-729.8127144355275	0.009736815433581607	0.9691219327318483	0.626028973615839	38.88221595236596	-1024.1862331650432	-1076.6647174760587	-344.9979127897358	-232.44281187601993	0.6108857747081714	1.3984069003134851	2.1287976272826015	2.8321123299792337	0.03007446764299272	0.9730033415158196	0.024626777383616908	0.0012367478197220613	1.2069002098552122	-729.5590993508251	20	37.12424385422273	
327000000	-3399.4632147450047	-2711.864112609347	-687.5991021356579	0.03196713200360278	0.9038470246543977	0.6393510504061699	37.49757397117311	-1022.4481751858957	-1092.8748152136554	-360.8555467045487	-235.68557550524756	0.6680123274989688	1.298779699756522	1.9675229939053127	2.9255832403770508	0.03249350179876253	0.9370647285178053	0.021850119745100784	0.001791897523658606	1.3076529745487129	-686.8279522036215	15	37.104847040831	
328000000	-3393.553858681601	-2684.3982358674807	-709.1556228141205	0.03227339265304131	0.8919663634063463	0.6957815861094018	39.391806613677176	-1021.4982547334357	-1080.8319772818527	-347.27253189571695	-234.79547195647567	0.5995422386756344	1.512066361479983	1.968872296925519	2.3045736922239124	0.028639202835463087	0.935648493708012	0.022874007577180253	0.0014979632802281666	1.2702701141740063	-707.7333676378277	18	37.29505447083377	
329000000	-3390.3482306018823	-2684.969123937294	-705.3791066645881	0.008388385708084539	0.9731243472839525	0.6212229940986819	39.95936780692913	-1037.58279903627	-1068.1841082824149	-351.357141320781	-227.84507529782815	0.6710401335068008	1.4055300856525454	1.8037472881936012	2.1939089381595154	0.031688692413602865	0.8908580005837977	0.026150610372285273	0.0013816798113310106	1.144995424241824	-705.189198536148	15	36.03436080798927	
330000000	-3377.7922604255605	-2673.728795721754	-704.0634647038064	0.03601065186492745	0.8787532199498933	0.7135902653109131	37.658463154707675	-1033.0115436939232	-1069.4162831423425	-346.1564738305438	-225.1444950549444	0.609499898465846	1.3732433302315874	1.87414110468781	3.5305650238614104	0.032041881225401705	0.929297002704444	0.021652705987748093	0.0015282722794587966	1.2662377862011767	-702.1355285994744	18	36.972385026194644	
331000000	-3403.59255572396	-2681.537792419407	-722.0547633045527	0.016422043048039178	0.9386067515172823	0.7021135992571146	37.36998461835369	-1025.6041059258441	-1087.8986995789078	-347.48818983262504	-220.54679708202994	0.5960962299379317	1.5349128719377252	1.8074306517891694	2.446952143109116	0.027006836114666942	0.894994873980536	0.022940803083838158	0.0010418539538640172	1.147867128437592	-721.2777884946556	15	36.4010673780632	
332000000	-3373.6087925448255	-2673.1444639665956	-700.4643285782299	0.012751663762053932	0.9571831908172409	0.6750138906225316	37.58328808498155	-1018.207686960106	-1079.4710883268358	-346.9236957618341	-228.54199291781958	0.6222888792032044	1.4833644224794638	1.889284331066219	2.2699839134584288	0.03142913575438705	0.9887366096966735	0.024978464874736844	0.0011770579869020683	1.1098405243815195	-699.4392852441612	18	36.41380074670877	
333000000	-3452.3445471871046	-2694.6510958030617	-757.6934513840429	0.03474381193107606	0.8723466426429576	0.6389436955715316	37.09539581857875	-1030.5695684350699	-1077.1997950854134	-353.3458715428514	-233.5358607397269	0.6729386579276476	1.3936419388960717	2.0921887960366057	1.7600576562463957	0.027877378866283307	0.8580544711108913	0.02314424046439771	0.0011184709999064076	1.101735428460969	-757.6026143922556	18	36.60121270225888	
334000000	-3382.2797844595034	-2670.236767447503	-712.0430170120002	0.020678532356598285	0.9264675332324843	0.6351780011574794	37.17544477269297	-1029.65620026974	-1070.0181327751538	-344.3506128722752	-226.21182153033408	0.6211429523159334	1.4382133671871684	2.0818400130527017	2.361143578470907	0.029144920424681534	0.9097977726583185	0.021704983860195235	0.0012296638289568112	1.1982180285111528	-711.9506984438581	17	36.69826495768146	
335000000	-3421.3823348374076	-2712.9941379033517	-708.388196934056	0.03421484230077507	0.9008541720024399	0.6108346107178884	37.244879574429	-1037.9586098698396	-1098.994782535888	-347.8488796590473	-228.19186583857675	0.5816556997315919	1.4296640312837696	2.489263552148545	2.4753542072862436	0.027742730348028016	0.9369543106335094	0.02392025347396783	0.0013260687527327359	1.2439347440097586	-708.4346333044655	16	37.14125027521684	
336000000	-3389.3891705646442	-2690.148704751443	-699.2404658132012	0.028401413919287726	0.9060357613172598	0.6445009470215111	39.6668426002839	-1027.1583529526931	-1078.7983462219545	-350.6976584183586	-233.49434715843643	0.6162043018485727	1.4066555508915022	2.2354809610400608	2.470126625033884	0.02801866566349238	0.7858193180348055	0.0235092286090862	5.830658347328871E-4	0.8837110215924849	-699.146994723634	15	37.084419199578264	
337000000	-3385.9739012457067	-2672.479920968741	-713.4939802769652	0.05869052774963843	0.8058897775740979	0.7125523177553764	37.51452530379167	-1019.725907821736	-1084.2488230136519	-343.99997270772224	-224.50521742563114	0.6026035062084194	1.5329167498248424	2.030091446501134	1.95162260223981	0.03041367790529258	0.8485803481601993	0.024368817148124923	9.027732611510221E-4	0.969272056053526	-711.6335339490415	14	36.947452787011194	
338000000	-3412.6098617133757	-2686.3778075049445	-726.2320542084315	0.012220322577140334	0.9604640819358111	0.6200134556361269	39.12633042340544	-1024.4718799998986	-1086.6458950316796	-351.1390905233674	-224.1209419499989	0.632376242080098	1.4110751302020603	1.8715218576409471	2.7600119777882726	0.03226918761922444	1.0457753243576375	0.024090491754998528	0.002226257656637485	1.4741538734347404	-725.5418725251972	14	38.053028335665736	
339000000	-3386.6459827483286	-2658.0227840727043	-728.6231986756243	0.01970178834386902	0.9319770451906448	0.6355784991336553	39.63971954284362	-1016.5569283283396	-1055.2789270715123	-353.6910917555817	-232.49583691727108	0.665263644996818	1.410569799152356	1.9181611932733782	2.0580804644612263	0.03070078907270655	0.9387128219870706	0.024849041557301235	0.001186795568003573	1.0913256783646326	-728.0453787141794	20	36.96819338644054	
340000000	-3419.147916766523	-2670.628008812683	-748.5199079538397	0.04641115977195027	0.8355907214071362	0.6148743183793752	37.61713259747531	-1039.5206327399837	-1063.4966658086937	-343.53926558022744	-224.0714446837781	0.6095198073181165	1.484677058234293	1.9498877692988092	2.394726540574591	0.028031613591029864	0.9312656938952231	0.023566025766161028	0.0011469307388182403	1.208938608283869	-748.2358292043193	15	37.56698213341878	
341000000	-3410.5652261129253	-2679.7318035058584	-730.8334226070672	0.052121435623077514	0.8356323201812536	0.6511955653119076	37.665325705530044	-1021.1165243510038	-1073.8527506976523	-346.83973776940104	-237.92279068780144	0.6545081114572151	1.3967764059580532	2.0282192573080695	2.1939745284016805	0.03283984104053261	0.9448839764393687	0.021991997034796033	0.0016488816729474294	1.3122032287826186	-729.4857712915601	20	36.77813889441471	
342000000	-3423.440866733745	-2690.8433385293242	-732.5975282044211	0.027979241548495983	0.8940444397448782	0.6594193764578239	37.112195478191516	-1035.6245555861833	-1069.1353603404461	-352.5166491742563	-233.56677342843892	0.6515407270831771	1.3268654616567241	2.3668176029009533	2.287006225432838	0.030828231941629494	0.79723565846869	0.02898885594244056	8.056592284807332E-4	0.9259602635831883	-732.2426851548536	16	36.96452241176997	
343000000	-3422.738792048998	-2688.3588257848887	-734.3799662641094	0.061497564367725244	0.8064767525867017	0.5969408082422905	42.790373563882845	-1037.4949403008159	-1070.6941162336216	-354.29430321670975	-225.8754660337418	0.660529367520588	1.3756362774011648	2.017361384065143	2.2888330983847243	0.023718152143497782	0.8618546167767961	0.022082837013124218	8.655758929230844E-4	1.1013388398981252	-734.1482317899462	21	36.29659329352409	
344000000	-3444.99602703745	-2697.987855963316	-747.0081710741339	0.006785165487801087	0.9769709522842663	0.6015790910391781	42.73518565221247	-1033.8010310569694	-1088.355619374209	-351.7102329829073	-224.12097254923043	0.5840457325540717	1.5404617651899708	2.0653594482951374	2.174596160246763	0.025123829699635693	0.7962845199412092	0.024006256454277026	4.5100614175991245E-4	0.8143470978026695	-747.7196098502916	17	38.1257525049011	
345000000	-3391.353744156754	-2665.4187751698246	-725.9349689869293	0.06346967960538327	0.7824838786165764	0.6640018764043913	38.85691845195078	-1037.3927339675115	-1053.4992137782915	-347.96227912335223	-226.56454830066934	0.6237411131044744	1.4769240116158446	1.6551069168898727	2.7101656419154074	0.03278799025143711	1.0617294348366104	0.021310873126251274	0.0015064371874451987	1.30111428229858	-723.7162516830098	22	37.91369142783907	
346000000	-3416.494128043577	-2680.6279208184487	-735.8662072251282	0.024744231309649416	0.9076737960857293	0.6228282382572868	37.52991582177698	-1023.8147780062417	-1089.7333488014092	-344.2769426069395	-222.80285140385854	0.6783243651268296	1.3854771615039956	1.9327932436904165	2.010154432596392	0.02673314917097736	0.762180881874142	0.02229141847095169	8.096483742655876E-4	0.9947260297758422	-736.5189071631031	20	36.90512606992783	
347000000	-3412.889282574185	-2676.3063583330527	-736.5829242411324	0.010603287991385836	0.961051430045694	0.591776799150767	38.01846208859873	-1047.772176349653	-1070.0206750598745	-343.6548200648483	-214.8586868586768	0.6238438434596533	1.4762253149029292	1.7953483775132604	2.469079479492391	0.029468470651124547	1.048253697576937	0.02261179264934923	0.0010569905198947141	1.151069670633591	-736.6264301996267	21	36.34376365587973	
348000000	-3422.923541548501	-2683.7925841117667	-739.1309574367344	0.04638202261741499	0.8609468822689693	0.6064681266990178	39.87683924901547	-1042.159918788498	-1071.6985829947373	-344.7692513674781	-225.1648309610527	0.6510306692156084	1.3751576142764166	2.162461580978203	2.219690989704171	0.027715003225177157	0.8225237203578674	0.022263190592459924	6.099459582266435E-4	0.912771916619022	-739.1143006635908	17	36.541033760564524	
349000000	-3399.274408487499	-2674.2225897080302	-725.0518187794688	0.04179088820770812	0.877823527379248	0.6219000653079175	37.86643078765235	-1031.4301201701523	-1074.772214562871	-347.1022490321682	-220.91800594283848	0.6600093084571126	1.350032536791995	2.0431449010139833	2.4840267314126985	0.02817865729010121	0.8152209833532698	0.022104837263569318	6.89610269367863E-4	0.9717421334555625	-725.1176785083887	13	37.440933382063676	
350000000	-3402.4373136290296	-2683.101197529692	-719.3361160993376	0.007185434685708931	0.9748639312620603	0.6089857535575425	37.20805274903705	-1026.9437802348066	-1080.524330072654	-344.7790846656553	-230.85400255657586	0.607510327013482	1.379761331530749	2.178700973495971	2.9767250993493946	0.027141491785442215	0.9377650311312079	0.02134000919353294	7.478701209756881E-4	1.0623258329240723	-719.8941364096406	20	36.492119344970895	
351000000	-3391.2934673144746	-2669.2169538487574	-722.076513465717	0.01671849923173506	0.9416514377534856	0.6413692405270817	37.9362584307604	-1046.5210481197503	-1067.9525190867287	-338.7938919128659	-215.94949472941263	0.6496411067110688	1.4585083583393397	1.8213060279299398	2.09295819855853	0.031216308310175446	1.0134414180501252	0.02150452597368544	0.0013363762814994757	1.1562050653812734	-721.3660625270554	17	36.9405890089893	
352000000	-3408.0473677476043	-2701.156408217939	-706.8909595296655	0.005398954635197101	0.9824024670818816	0.639604847912603	37.076716304358925	-1041.876753333517	-1074.5244759984262	-357.83565816418024	-226.9195207218159	0.6350283797176541	1.445501315515027	1.9187870295973883	2.3170716439342414	0.028691013666753685	0.860255490804479	0.02588131867503917	7.160083663458811E-4	0.9411522502616896	-707.2091149211072	17	36.76430645983355	
353000000	-3390.839925515722	-2683.0236432648653	-707.8162822508567	0.025991137466559292	0.9204701046576147	0.6170327867918441	37.56483612859756	-1019.8791450112099	-1084.165282676096	-354.50600581127475	-224.4732097662844	0.5808570459999007	1.4403266038930447	2.4126469280051355	2.5286445669558564	0.03190255958814474	0.9399401442295721	0.025813277173145546	0.0019503056357703496	1.3070755822537998	-707.4647885532329	12	36.26988861014801	
354000000	-3408.7284882430686	-2710.761088716122	-697.967399526947	0.03347015228743062	0.8967767468667234	0.6526380277028737	38.121173660854	-1038.4267248806725	-1078.9080924150767	-360.765755969047	-232.66051545132524	0.5336174687575876	1.5136215660442118	2.3895604709718627	2.8069431750075604	0.028517279704923522	0.9512325558812599	0.02874908761107554	0.0013330957716143454	1.1854202608827054	-697.2778048485061	23	37.19732904034042	
355000000	-3369.4860275326955	-2681.2291942678944	-688.2568332648011	0.01592905968299583	0.9541941368486009	0.6136078089620215	37.908461610663345	-1029.3926688996523	-1069.8546799690698	-353.6122534222593	-228.36959197691314	0.6435948929887367	1.4484284516526118	1.9681490597584572	2.041580113763546	0.035343960915938104	0.955212117297977	0.02708696127502379	0.0012979346491932722	1.0478090729035827	-687.6795852175327	19	36.68894971506637	
356000000	-3440.431974437399	-2693.958086851321	-746.4738875860783	0.04328817347888896	0.8362983113225223	0.65397833161771	39.75444748323408	-1036.0537547615513	-1066.328049410154	-360.86051098099506	-230.71577169862024	0.6035333464576778	1.4219888162496737	2.4046054352431376	2.2769075593819386	0.02590256109659426	0.8131219525656691	0.02159401851681258	5.531404008144569E-4	0.9130461534329343	-746.0809185649083	16	38.14029892851015	
357000000	-3422.09102932465	-2682.3091104811574	-739.7819188434927	0.05560363405438761	0.8147083650219531	0.6985651636128203	38.09951362605105	-1032.4686457210375	-1072.668980603478	-345.8296119414688	-231.34187221517266	0.6145489983702596	1.4889357380550814	1.9607046075525771	2.241914325252666	0.024518826092128177	0.7097265864792835	0.024316601365472958	5.694079586015859E-4	0.906491367657996	-739.1563206017281	14	37.57510550972023	
358000000	-3407.9443383720927	-2682.7059131574374	-725.2384252146552	0.0404955103834524	0.8916241310361427	0.6039979991904891	41.84847244313345	-1026.7517100385978	-1074.8385081649674	-348.7807625234402	-232.33493243043227	0.6272685263823871	1.4270404499531333	2.1447143476716217	2.235283840731458	0.035064966320081006	1.0362620664253535	0.02352397045987086	0.0014944862541674427	1.1252237666493061	-723.7563221462148	18	37.5415188643885	
359000000	-3389.547521888101	-2683.009149728353	-706.5383721597481	0.030873009786466094	0.8973900407290945	0.6615835442588223	37.6554437091737	-1034.5780054437867	-1075.063994984269	-349.2901231127774	-224.0770261875199	0.5835150096346635	1.554665481740667	1.805698019759914	2.5112539466958874	0.02832989971307303	0.8857148581619166	0.02284837657127954	0.0012510945218116274	1.178577288553529	-706.0287351810596	18	37.10471811180789	
360000000	-3396.2823150120007	-2686.5551017408898	-709.7272132711109	0.04347844299317214	0.8644197497368001	0.6449586996177067	38.61559780808938	-1044.2688998084411	-1072.2290339043486	-338.6360894138174	-231.42107861428244	0.6096856674836806	1.4663288277430628	1.9507626911350289	2.5551781586365756	0.025884061102867333	0.8387775193725008	0.022051440261149396	6.933272883354487E-4	1.017165252897691	-709.5254896188046	20	38.05262133500752	
361000000	-3397.263416025582	-2675.6262993681826	-721.6371166573995	0.039866957912682174	0.8688862163860127	0.6302182120236158	37.47825537375859	-1031.5705472509449	-1063.9929459854343	-347.4605262244636	-232.60227990733998	0.6521373545168565	1.3416307726990822	2.1714747878820693	2.4846324310948065	0.029664495749003896	0.8868008476442568	0.023263905168451463	0.0014873360685473353	1.258446796215444	-721.2832266691076	15	36.376182802174675	
362000000	-3392.7305800865734	-2669.17096522921	-723.5596148573632	0.04562222501999876	0.8638642982783712	0.6190826358096009	37.0237931171143	-1022.2770930684508	-1071.060144962271	-346.96274839400587	-228.87097880448243	0.6652587895708082	1.3471567723185183	1.8261688829526774	2.7898765021212286	0.026407860006782646	0.8468977778183829	0.020615547019785373	8.649579670333758E-4	1.078668082376523	-723.7487234751735	21	36.888779005039616	
363000000	-3437.2963277217195	-2705.6479177353544	-731.648409986365	0.021949985570595017	0.9371152149853997	0.6041171175632641	38.09594804360781	-1039.8045953799358	-1086.6676087711899	-354.99178553857166	-224.18392804565707	0.6179913125075619	1.4363195808465308	2.028833155004894	2.5308308134794655	0.025221060921896535	0.7969891774171302	0.02111153521387165	4.2379125856858453E-4	0.8307214674041384	-732.5603462763631	14	36.428311461719964	
364000000	-3402.6261553971226	-2675.4786296847456	-727.147525712377	0.013940463259897075	0.9543847303545497	0.6179456152916543	42.1886102400583	-1024.4186534784835	-1075.0737497907937	-351.32303377532656	-224.66319264014186	0.6453522873134766	1.456692128764864	1.6669957058674956	2.4608348968925626	0.026396048769458124	0.6512228120192547	0.02341880767629497	5.664239145254233E-4	0.8838518112093064	-727.9633976100687	16	38.79261339313621	
365000000	-3388.735878677295	-2686.4195765874024	-702.3163020898929	0.042980103214240756	0.8852534548250515	0.5970165953976325	37.233614663772244	-1039.873905880335	-1073.4305729085106	-345.6034358650728	-227.5116619334839	0.6484367955472277	1.3935531943035342	1.9603217858453452	2.457159010642083	0.02702782323125205	0.9162171250626705	0.022378842504123336	9.318071359163917E-4	1.1552847463982352	-702.5226687310143	18	37.114305731733936	
366000000	-3394.9356592845397	-2679.4318974445355	-715.5037618400042	0.03914676124091741	0.8573305703675317	0.6948173619763777	38.90373808648619	-1033.2730758732057	-1078.5448507722801	-351.9789402131935	-215.63503058585655	0.6362352394790428	1.4865921105282396	1.8594992884090882	2.0280777004287094	0.029919011019206847	0.9421963212184793	0.022146345564189127	8.126301311802566E-4	0.9891896914936691	-713.8724519663097	18	37.774845329849704	
367000000	-3414.326140513318	-2691.514107407585	-722.8120331057332	0.014829881484634676	0.9539814130327139	0.6221975007373162	38.47883768199786	-1040.0165515893166	-1080.6703936884735	-348.2333390628735	-222.59382306692112	0.6118110144673661	1.516866687696627	1.8271320808524483	2.2763093943591417	0.03277380621084766	0.991422510818024	0.02491302864263608	0.001568547471074898	1.2161396036310868	-722.2371347893359	14	36.041337403679364	
368000000	-3387.1597411998787	-2699.8404709585384	-687.3192702413403	0.01581796599153736	0.9543280453633327	0.5926828085465717	37.27720006665172	-1044.8639773058399	-1075.4376575465183	-346.5479013306296	-232.9909347755509	0.6190397110466641	1.4366213580237936	2.022892045832464	2.5185921876929465	0.028849447778759783	0.850892927823899	0.025814159306889538	8.600889612220201E-4	1.0048144030281827	-688.0280644765385	19	37.15012431105088	
369000000	-3393.2563189486186	-2714.0751070984516	-679.1812118501671	0.003621014059282151	0.9907919920207143	0.5914681003723035	38.335781985895245	-1038.7971619113932	-1084.9328023468263	-358.86159928610533	-231.48354355412675	0.7017320990001173	1.2447486828127525	1.7674391217475087	3.1213335106253774	0.03263835794590775	0.7199655857170056	0.02567669825450796	8.230758391387349E-4	0.9112722317200942	-680.0319645418932	20	36.82775694163071	
370000000	-3419.639277896017	-2694.4089681806868	-725.2303097153306	0.062467314454424244	0.8122818673891221	0.6388993001734056	39.49462415680856	-1031.4371697281415	-1081.5130372717458	-357.4896867755644	-223.9690744052354	0.6007157278502625	1.531190313968859	2.0097910026353025	2.038554090514076	0.026070684821172984	0.7906803410136731	0.02152706450362652	5.299555930206717E-4	0.888386746658301	-724.8438234240748	20	37.244332239597185	
371000000	-3386.9456742435477	-2677.8525658945887	-709.0931083489592	0.015581028129610998	0.949906438269247	0.6308745440548099	40.6496636167881	-1031.204413338071	-1069.778578588076	-351.31046661819056	-225.5591073502512	0.6269933244450443	1.3618022768426663	2.0243121370333266	3.0383601041524457	0.029328164139950878	0.9693326541095402	0.021164160673527093	0.0012178678887904703	1.2470317816010286	-708.5848034494378	17	36.16850665514224	
372000000	-3422.9738317432557	-2695.6572793675655	-727.3165523756901	0.02531672793851861	0.9112599036446338	0.6879637586793506	38.35986559332937	-1033.8009927026908	-1066.8968611550383	-364.02158609521155	-230.93783941462476	0.5833944942895878	1.503150071346389	2.0358386239304345	2.574436374502663	0.02522252058660975	0.7495818327113711	0.021355606607304976	4.846133129679368E-4	0.8650227253845201	-727.1502995012739	13	37.6061072623994	
373000000	-3394.160315758748	-2697.887134466012	-696.2731812927357	0.030025773349537876	0.9045769037861873	0.6514021216204022	37.191054548470746	-1035.4993118408822	-1078.2869642948333	-353.22903187808873	-230.87182645220764	0.590034333398932	1.4635947387529866	2.105898009065091	2.6816735007800228	0.028075358592232737	0.7596809751730643	0.024409366988730124	5.064574376143155E-4	0.8222945638593667	-696.3982049987258	12	37.111204007203035	
374000000	-3401.557850488809	-2692.9411447392395	-708.6167057495693	0.03313699565934158	0.8954849054761336	0.6347482444290428	38.200990592328786	-1037.9634744419495	-1071.3273749185742	-356.7179158492911	-226.93237952942494	0.6380670890327863	1.369433656757684	2.213966662209075	2.4273807386925417	0.030981571129909093	0.9009468836920829	0.024693972415879135	0.001225408981945152	1.12791247727537	-708.0729562850134	19	38.17623258248016	
375000000	-3383.0143871218243	-2684.237377910858	-698.7770092109663	0.017194744607304156	0.9511392069829576	0.6243768044950964	39.25634603050766	-1016.6365815901794	-1076.1150319104606	-358.5104941704054	-232.97527023981266	0.5897130414547775	1.5488595678627812	2.0272047965121454	2.058107707698498	0.03039117232373868	0.7684103621186203	0.026226858541434313	7.793722388837691E-4	0.9020554727910992	-699.0021302460041	19	36.96467331261436	
376000000	-3423.9546261769974	-2688.4188554657144	-735.5357707112828	0.014817925592156635	0.949300504954838	0.6228727697881843	41.16158978578613	-1051.9367228220142	-1056.9529643509734	-354.9326284785081	-224.5965398142189	0.6177839486797145	1.4697550823674597	1.9599037802437584	2.3544776183522487	0.031019144559510183	0.8115876115322799	0.023264649539936295	8.601255027882083E-4	1.001489834926825	-735.4104858222763	13	39.28953833765853	
377000000	-3410.9470324577164	-2695.787990774932	-715.1590416827844	0.03133564899829861	0.9025566148842302	0.6502243726430093	37.368457781218275	-1045.1233023669172	-1077.7308241777582	-341.79520482849796	-231.1386594017585	0.6837678118756437	1.3476122784486453	1.7617946045689619	2.546760510329764	0.030013092604344743	0.951212469725634	0.026584551969936403	0.0014465417982307098	1.1953762351320574	-714.4677856321435	18	37.20811624698565	
378000000	-3391.150155859404	-2698.532991532961	-692.617164326443	0.053611762050318715	0.8524482296878488	0.6226085080185879	37.07846652286937	-1040.291972681487	-1078.4157260526847	-352.54723701442543	-227.27805578436445	0.6149684013339393	1.45006083960998	1.92198043707062	2.6515870532921784	0.04913963457231002	1.1855327974509082	0.030014356204976417	0.004502098957669401	1.5945422284342305	-689.2974203366921	24	36.969543897883035	
379000000	-3421.6419014517837	-2704.899337662039	-716.7425637897444	0.03223497337318125	0.9032106347563018	0.6018925927810707	38.79095878019007	-1030.5095896057824	-1099.8754993455448	-342.8509292580292	-231.66331945268303	0.6376226135413039	1.5607132443531742	1.4688323442132625	2.0182945411638396	0.03209081520443885	0.8967180031888645	0.025165396561592685	0.001426378228285255	1.0929067260636214	-716.4563627049016	19	36.72543301210342	
380000000	-3396.201243805414	-2683.9665917847065	-712.2346520207076	0.052343576084399136	0.8348305543920895	0.6471261130120034	39.856121660868425	-1034.7370694419358	-1080.7616772030256	-343.45038436291424	-225.01746077683129	0.6519306828218379	1.4145658788484483	1.7314766416564364	2.6021399938506864	0.02692098269331222	0.8659905254590523	0.025622422656058186	9.292858447565551E-4	0.9827170405004809	-711.5424857157253	15	37.15768939838575	
381000000	-3434.896082990916	-2718.6681066243787	-716.2279763665373	0.03182112382298052	0.8934577757023723	0.6648029134122316	38.68590800313933	-1044.7759308511838	-1091.8665277372206	-346.8241239560503	-235.201524079924	0.6406090796791963	1.3420431727009279	2.5694738711530345	2.0034596572695076	0.02704003609814242	0.8078054500793912	0.022157175056113438	5.802742322953376E-4	0.9473937396890594	-715.9187730788892	12	38.1053068013364	
382000000	-3391.6106964765518	-2685.378169315794	-706.2325271607579	0.030459415118523972	0.9066621531143186	0.6275346874385933	38.49391679993489	-1047.435766132095	-1065.4826650580953	-347.8926285699493	-224.56710955565404	0.5914044085245497	1.5052965103813891	1.9927186507899353	2.4783900057190746	0.03306053822349165	0.8823186722823116	0.0265903784180192	0.0010652766935872928	1.0585307654556693	-705.6456410160731	18	36.91336250333525	
383000000	-3432.961629945695	-2700.416350905282	-732.5452790404132	0.0067246077753191115	0.9748110738430987	0.6669489214942983	38.18089165760444	-1043.276719635955	-1073.6449520084288	-351.57186762451784	-231.92281163638012	0.5885826963572675	1.5286554682291267	2.014250354944006	2.284091433998118	0.023391253118547395	1.025688945902149	0.020351883528370984	0.0010230032615344954	1.2417483888474135	-732.3198650736499	15	36.099335127024354	
384000000	-3421.377473879248	-2693.070532962615	-728.306940916633	0.005503002503027439	0.9832101405995535	0.5540325544254512	37.904056313453495	-1041.8057632274317	-1070.705055320827	-352.60168014875165	-227.95803426560457	0.6699324888511806	1.3234822427897703	2.1072409231811458	2.422270911152963	0.022703788702204884	0.8112314330914827	0.020888177912455286	6.136789158826965E-4	1.0336608951211514	-730.1944239189688	17	36.63966122520328	
385000000	-3388.2504514358116	-2693.3168118613276	-694.9336395744842	0.021546744742064656	0.9332169222279589	0.6370754035660054	37.65374670700732	-1055.953058560133	-1070.7970832753022	-344.04514774792653	-222.52152227796614	0.5682789026573564	1.5370531344140217	1.9522910745241984	2.702713259367026	0.034159846193615326	1.0373338285530354	0.027640173642639144	0.0019068308238007771	1.2871576540492669	-693.8647488303898	20	37.125741956673956	
386000000	-3407.497338329949	-2690.427152561618	-717.0701857683307	0.04021802937618435	0.8588271028747849	0.6654446368775232	38.841251560348496	-1039.344113253128	-1077.811951123585	-338.56358522504706	-234.707502959858	0.6961141092153231	1.3192827705071233	2.02125686258211	2.113087480826403	0.029434131086026133	0.8887722635244872	0.02281589649803366	0.0010918636142580272	1.1027151466022762	-716.0992141758713	17	36.919587715513224	
387000000	-3420.6066647485013	-2698.4299751736526	-722.1766895748489	0.040422164929162084	0.8827991081564412	0.6336524823811687	37.73793080603794	-1037.2072563922318	-1085.165039248185	-344.36831076115806	-231.68936877207778	0.6320303855902843	1.4207284345788043	2.2706784839444203	1.981179415672992	0.0305121207945802	0.8272339261641085	0.025510145774431246	0.0010977476839301654	1.1262751746796242	-721.8648419547546	11	36.2655725378116	
388000000	-3417.3167961683384	-2686.225294565249	-731.0915016030897	0.014810794085363488	0.9470774282539319	0.6801538660702444	38.12125332874744	-1032.4327056941697	-1070.0695848572889	-345.0849781918175	-238.63802582197246	0.6213163728885721	1.4348581199577624	2.257743172357262	2.0802152838724544	0.027881027685734385	0.873800283718017	0.023089475357230743	9.759792990697157E-4	1.1420967239087174	-730.6029137047682	15	38.06114279698591	
389000000	-3419.4092030776796	-2698.09312840247	-721.3160746752095	0.03613028906742775	0.8722871076621788	0.7149652693240698	37.88929705419683	-1046.464190268326	-1072.2590132753637	-351.9283272598218	-227.4415975989582	0.634826629669805	1.4698870749244826	1.9730520701892418	2.0064692391225774	0.02819359988655186	0.8339289967797571	0.02580926937509048	8.162425784789838E-4	0.9644895654549048	-720.011991918381	14	36.886291529750565	
390000000	-3442.3769738955034	-2689.441465036624	-752.9355088588794	0.016646813631373127	0.9483425863844785	0.5907308352956379	37.67441747138467	-1037.4366778493181	-1068.2979306711447	-355.7081977376454	-227.99865877851573	0.6762807108316707	1.3060374588095396	2.1839024413497214	2.3245000925508514	0.029094026691281503	0.9179714920026448	0.02104851006149613	0.0010733592180328462	1.1342565035270704	-753.3729008512961	17	37.10329915353454	
391000000	-3404.3396001192555	-2690.6405740295404	-713.6990260897151	0.019254477167825586	0.9320317364317627	0.6607463817903836	38.64521515157033	-1029.6098457647008	-1083.1230374953625	-353.71770034994256	-224.18999041953427	0.6598426122923038	1.4014245395576075	1.465547162361048	3.0354619762963573	0.026901794597503574	0.8335013121774484	0.02130103180371818	7.111715739364615E-4	1.0299485475077554	-713.5896186974896	21	37.71172990182706	
392000000	-3405.119730905303	-2685.185239856854	-719.9344910484491	0.024392797227774952	0.923232587800158	0.6432918121727839	37.64040267478067	-1024.186636865317	-1071.1719960320602	-354.04076001274575	-235.78584694673145	0.5955743011005384	1.3716681156458923	2.4747600062658996	2.758245227311805	0.030367542908652578	0.8277339316743096	0.025045967786329608	7.73663948546018E-4	0.9341961304850077	-719.7736995189766	13	36.776002893842666	
393000000	-3395.0145470556795	-2674.4632229860904	-720.551324069589	0.05082670514756684	0.8360528775225288	0.7078040911341441	37.39956542712091	-1035.3669750572565	-1067.5018765772757	-344.3384122216878	-227.25595912987092	0.5914943214965729	1.4007333080237112	2.1382261719363824	3.1631123184634102	0.03220169941157508	1.1377141867824163	0.02564854800489629	0.0036224696965584365	1.7402491068886285	-717.8530348757209	17	35.76910289185533	
394000000	-3382.7163413844846	-2676.286745625764	-706.4295957587206	0.04341571574640278	0.866515098780978	0.6738395532044957	38.48024145049438	-1040.1261302078663	-1064.7953672411725	-344.2075738001937	-227.15767437653187	0.5801238630521546	1.493462658999465	1.915666241061156	2.934066749157206	0.03177770276833584	0.8547114037621028	0.025899276958572404	0.0010072367397269894	1.0354890840503495	-705.2130246639169	13	37.14001550044479	
395000000	-3400.467922582809	-2686.797537683402	-713.670384899407	0.012615011745978965	0.9581790417697698	0.646799871927396	37.26365577653919	-1036.4525787490027	-1073.6498106183562	-347.0643834136168	-229.63076490242628	0.5748651285913504	1.4640030271272515	2.2787569197968858	2.6637107029748694	0.02555327279885269	0.7756284240970432	0.02200786482930913	5.853938898861006E-4	0.9580354446550263	-714.3208643329432	21	37.15183598967526	
396000000	-3435.0244888050893	-2703.9552439850277	-731.0692448200616	0.03958258748284572	0.8594916638486992	0.6689185338397742	37.314188486678695	-1036.0980508227258	-1089.108553814883	-346.783026416252	-231.96561293116716	0.5845391469266098	1.4528742136207131	2.3675327476229957	2.42470597746812	0.03242739872968145	0.9172459705588619	0.026161766387992027	0.0017689124390815488	1.200360672671591	-729.8261349411225	12	36.4117023248157	
397000000	-3398.2432305294756	-2682.984892778516	-715.2583377509595	0.10774746491040223	0.7269402206516746	0.6293001697034164	38.56497064257548	-1020.8601482520384	-1083.9602356483917	-358.467046135217	-219.69746274286888	0.6280465243433677	1.3777006344904743	2.1583831335849504	2.640639843288448	0.028014462257742845	0.8652758697172632	0.02544568375725879	0.001193231764272911	1.195040155258026	-713.9689944134292	15	36.29015443562337	
398000000	-3392.9516456996234	-2702.1582487457154	-690.793396953908	0.10745030337857493	0.6981248076754746	0.7245210286679469	38.12666468216095	-1027.3818075181068	-1081.4936318767502	-364.0534913652	-229.22931798565827	0.636592297681052	1.4133800253085163	1.8461104084945197	2.7036329014183	0.029578207072282595	0.8978357155151871	0.026542980522936133	0.001173698905286575	1.0918764362608695	-687.8022899810596	22	36.878632637197406	
399000000	-3377.5692794859297	-2670.6776660942023	-706.8916133917271	0.0038710864124254164	0.9867523472254071	0.6584447763249464	37.36960233026358	-1031.7654984270873	-1069.673482513626	-347.6231999851873	-221.6154851683024	0.6076388910941868	1.4090269661864645	2.094282839234418	2.8586234048723957	0.035261731720644555	0.9668216499891122	0.024775013128072905	0.0017624599702737245	1.1770186381328331	-705.9537085938971	17	36.70938299776182	
400000000	-3396.488486116014	-2692.3156959933817	-704.1727901226323	0.039867330849303925	0.8689113088182197	0.710560800918745	37.87531586093812	-1019.6088522335116	-1093.409955352658	-354.11076699666	-225.18612141055186	0.6659361713303302	1.4127525551901998	1.9455145844865918	1.977789225160739	0.029706983389620297	0.894806797946395	0.025282043628686766	0.0015900989204824302	1.2283585567550241	-702.5552314207321	23	37.149542701048325	
401000000	-3384.503343744768	-2699.6990477036743	-684.8042960410936	0.03856692234377453	0.8907249513820972	0.6550421522586852	38.02143565928801	-1035.3270854688526	-1090.3261718155568	-347.17339515696887	-226.87239526229604	0.7137575540230049	1.3993220482656377	1.5505379756128757	1.881266581849986	0.029213157523037107	0.7768186463146397	0.027528723431280492	8.575219240435692E-4	0.9832973060237128	-684.5005249526644	15	36.852785981627704	
402000000	-3375.3589934447646	-2673.2639418090625	-702.0950516357021	0.03208300702190078	0.8953358066364658	0.6696226036996711	37.13308676536482	-1027.9969073103146	-1063.1987169869465	-346.99353506959415	-235.07478244220718	0.64981240319103	1.4264399691997165	1.9578169171158797	2.1394250116205558	0.031041359549141244	1.0096712538483066	0.0260560056839479	0.0016766249333709485	1.2520387698856452	-700.8524226667179	20	36.59923797782703	
403000000	-3403.8679981292903	-2691.7162932168067	-712.1517049124838	0.012384652029163107	0.9599365856950265	0.6586767723996657	39.90630868435395	-1044.6923227623763	-1082.2585780383706	-337.6335889475601	-227.1318034684998	0.6498126101569295	1.4226479409598396	1.7046907723704845	2.616520086731849	0.02952194958970809	0.9685567092083235	0.02554025078049387	0.0011746095573034931	1.1178051092745451	-711.384330745935	17	37.10495480181188	
404000000	-3427.082989529669	-2690.9397824449807	-736.1432070846882	0.01126514444687862	0.957073082915185	0.6629111039002047	37.84037282653067	-1047.5234588778085	-1079.979905710374	-341.73550379099186	-221.70091406580633	0.6631560540084456	1.3137395615197869	2.236387987029266	2.4126999428606988	0.036671227830238316	1.1593970398691797	0.02339971006592017	0.002184539342320083	1.3159708508931047	-734.2333678953448	16	36.91615869153259	
405000000	-3406.3293233487375	-2706.487840151044	-699.8414831976935	0.04855066166438455	0.8330982658268536	0.7249385159376117	38.20410151513823	-1046.393495851837	-1088.851419370462	-348.2908804346668	-222.95204449407845	0.6186599300459374	1.4772185565240015	1.6996909650625063	2.726035131552246	0.029191876256557146	0.9783093651128212	0.024142098411100647	0.0014806806039599327	1.2731022869461928	-697.5670733720634	18	37.16463249199644	
406000000	-3405.9495307664556	-2686.4389071296127	-719.510623636843	0.037411484017583256	0.863555765908341	0.701330688383008	37.199250981838404	-1031.9595821073426	-1077.3308461564804	-347.8863399777223	-229.2621388880675	0.6065917708185765	1.4962013560584029	2.040288448271431	2.1884393654468512	0.02630496473130755	0.8745381947042767	0.021122347757869482	7.200729125173955E-4	1.0100929701896748	-718.5375130648112	18	37.1188262290877	
407000000	-3385.495208186114	-2683.611902207538	-701.8833059785758	0.05509300190886482	0.8276462618893461	0.6763951563251642	37.58814162535369	-1034.4872541103625	-1072.6240601605564	-350.22344000534486	-226.277147931274	0.6270750451076976	1.4521302479542695	2.0518564952222698	2.1756530447267655	0.030824987966329386	0.7944643030857804	0.02651534468318004	8.866532963566556E-4	0.9477782980227144	-700.8094725591682	22	37.34735875899608	
408000000	-3410.5070582122166	-2700.1998579092997	-710.3072003029168	0.07809510856149761	0.7565071273397543	0.6830749945730681	37.73259395303954	-1039.8721994406933	-1084.7636707750107	-350.6988693544764	-224.8651183391194	0.6498170896112689	1.388366689168384	1.8444331524722775	2.68041707804438	0.030902643123409602	0.6973671736998686	0.024966207193051405	5.922729250364091E-4	0.7840281491384798	-709.032728288564	16	36.76830659850919	
409000000	-3375.4220716674517	-2659.5569567583702	-715.8651149090814	0.032955499802432855	0.8983148071355722	0.6269768505089444	37.03706388085336	-1024.0784178067952	-1068.8260466330698	-343.15706737126686	-223.49542494723835	0.6383588078309035	1.4358875314775141	1.7856369666741638	2.573330176235897	0.032729288769861135	1.0138691212749606	0.021643460818790747	0.0017411209846611728	1.2979455632557306	-715.0192635647088	17	36.8974683961529	
410000000	-3389.2271754961685	-2696.1136250995287	-693.11355039664	0.026353543621701347	0.9176186957670818	0.6564643302220026	37.469339831497116	-1035.6163123530898	-1074.373969262426	-359.1838931546265	-226.939450329386	0.6349990113355581	1.4212159508351008	1.8450725427715629	2.665198277258748	0.028930212220120707	0.9277935381805955	0.024862012780347657	8.936682582369256E-4	1.0043589830867432	-692.5866597744241	21	36.92302898031413	
411000000	-3414.0483425773546	-2684.3438512955086	-729.704491281846	0.022909189347654988	0.9230253358685345	0.655556734099175	37.87642784521364	-1029.3342691510356	-1079.9225783097886	-344.89111226268767	-230.19589157199664	0.6055492713788708	1.3668109437034877	2.303161961331503	2.9127319181403797	0.030145554139908572	0.994370285392391	0.02349306908933987	0.0015438081858742928	1.2487106415720353	-728.8729259866312	14	36.39119285353515	
412000000	-3428.374668023238	-2703.78390272237	-724.5907653008683	0.05441981286540897	0.8258318285737577	0.6673441944802002	38.41534132137335	-1053.3998438255057	-1068.3911287820747	-353.81290065872037	-228.1800294560688	0.6108215973813163	1.4823593010676106	2.20916164396677	1.9371230632050855	0.030485085505706038	0.8303390637674832	0.02638001220080446	8.332605111163088E-4	0.9465270210811518	-723.4920927421498	17	36.659960977749414	
413000000	-3402.27073944982	-2679.8444309028496	-722.4263085469704	0.07438259017916765	0.8020989111220675	0.6217103153863384	37.56323901437705	-1040.5626455047104	-1067.2507872267913	-341.5449085043115	-230.48608966703608	0.5859970436036289	1.5600624454228313	1.9124790931645452	2.2286557496881	0.027703599468904248	0.8001615293644676	0.02387012307604179	8.403019907107257E-4	1.0159635059159644	-722.1044445433865	13	37.066812795203454	
414000000	-3408.771799090169	-2663.842838073693	-744.9289610164763	0.035632354240249346	0.8837210074590084	0.6240278455043344	41.482043403327104	-1030.1338368058352	-1057.9124864648559	-342.0522033679382	-233.74431143506382	0.5993952432338991	1.534831847736507	2.2458957901432197	1.617686116177204	0.027855045715184115	1.027399546994441	0.023089462203255414	0.0010999703829693798	1.1147384783760133	-744.0508856635784	20	37.35433531543503	
415000000	-3399.089615666783	-2685.4559193148543	-713.6336963519286	0.04303525943618502	0.8476151328373843	0.7131897792899918	37.806424587649836	-1032.1064097006906	-1067.2007070214943	-351.39532883099207	-234.75347376167713	0.6019196184080633	1.4541726112720872	2.036014711238369	2.662948004131315	0.029376827996142635	0.8785639560476248	0.02586210887719366	0.0012427162365216636	1.171679877156967	-711.9945773069244	20	36.8594235460433	
416000000	-3418.9374589225667	-2702.129830995249	-716.8076279273178	0.010923635821561794	0.9633248069984871	0.6706786299053399	37.48931187227268	-1036.7042721807584	-1081.6827846203144	-349.15519472234797	-234.58757947182835	0.6340547614928529	1.3766902415942657	2.3816784974480694	2.144809986753758	0.03340699345996227	0.8402441264041256	0.026016224984622794	7.45998864557592E-4	0.909593180895192	-716.1506362729261	13	36.85902715044842	
417000000	-3408.459848821911	-2690.3908481399853	-718.0690006819253	0.029392542648912254	0.8913166853908059	0.7240824541555411	40.46953683059854	-1039.2686756539288	-1078.9957830104202	-349.46838333584077	-222.6580061397953	0.652288812082189	1.4036951748066873	2.0941764378430454	2.058447230953363	0.028393434983440425	0.9175219680774629	0.02431591282523843	7.886119674547198E-4	1.0438351487870245	-716.1601049324025	14	37.91073327881026	
418000000	-3432.276539489935	-2683.0408213175083	-749.2357181724269	0.011117129290163619	0.9602755100190723	0.5827154106881941	38.03289028143293	-1036.3160931812367	-1076.4898437850322	-338.03991428605326	-232.19497006518617	0.6011126893906502	1.4859125895050482	1.913308305381611	2.607356061614877	0.022677084967813548	0.833037375730005	0.020476207700140102	6.212433472539769E-4	1.0574022563533483	-750.6597352291795	14	37.80698451160367	
419000000	-3422.565820772285	-2698.625925049553	-723.9398957227319	0.013801309359738011	0.9563373051953394	0.6322276912533051	37.441389491627504	-1036.5939235997394	-1097.278329286127	-345.40693011914425	-219.34674204454262	0.6830015642811564	1.3687900544280018	1.8771478346407022	2.168851078185271	0.03129779038659995	0.9515024373866249	0.02320281187588029	0.0015240344901511222	1.264560220038495	-723.6355310841154	19	37.26372275174748	
420000000	-3431.2618765822062	-2685.9564259046188	-745.3054506775873	0.017350054519588293	0.9350242338032494	0.6314758712301168	37.31644889725016	-1028.0394083234467	-1086.6198482683492	-348.52390959438014	-222.77325971844277	0.5976375504341163	1.5695985530647805	1.6908916424065557	2.3094391899578053	0.024239762926034778	0.7499731615657961	0.02372727445410315	4.8688924911994663E-4	0.8536385663675206	-746.2646613743814	10	37.12296927973781	
421000000	-3408.743920028971	-2694.429270977519	-714.3146490514516	0.030260131033747712	0.8997984005429422	0.6662226287610932	38.694793976589786	-1032.6032730131296	-1081.4162973789298	-350.5154029824964	-229.89429760296278	0.5670401754687798	1.4918532105806745	1.7871944438048102	3.421967494209214	0.03389388179559682	0.9167886848722409	0.027471274881759204	0.0014411161972056358	1.1514254403545978	-712.9877243940697	16	37.036683241774384	
422000000	-3371.291703144898	-2674.768117003183	-696.5235861417152	0.01293629080646992	0.9579890896764233	0.6290572524653398	37.10210410497637	-1029.9090412573362	-1086.0395917957405	-338.8491353599121	-219.9703485901942	0.6764661621202799	1.4720693053568468	1.468208270132152	2.07915469877233	0.03544387553674831	1.0576843901633843	0.028303892967075434	0.0025946657945186266	1.4204301927652818	-695.5586822652087	19	36.82594183566307	
423000000	-3407.2161616961557	-2684.9762034516916	-722.2399582444643	0.02534653516008172	0.9236678105269122	0.5919859404091354	37.63972550569282	-1026.822588954152	-1084.0224993138625	-343.2892989004366	-230.84181628324063	0.6522248616576091	1.4553120299846987	1.8836520443765175	1.9635282809847339	0.02685467215388081	0.8966097447447552	0.02356001924950549	9.132038236938555E-4	1.0857420907499231	-722.8097851753242	18	35.78722020088189	
424000000	-3403.0737964373775	-2699.811158154884	-703.2626382824934	0.03800706819794738	0.874637223321685	0.6870767969650432	37.28836045376472	-1033.0427436525927	-1085.3679739667182	-352.05545336689005	-229.34498716868308	0.6021953658384015	1.5062313984341846	1.8903785101794117	2.4440430703492675	0.02823006635148279	0.7715766531003345	0.025646095762127032	7.097997967546009E-4	0.9342516187249987	-702.6616341500348	16	36.429550553501514	
425000000	-3394.884649752367	-2689.072517897179	-705.8121318551881	0.017952631450831622	0.9463487737695088	0.6536383510835813	38.39734938360478	-1037.193988858043	-1085.0212840437587	-342.40592742409245	-224.45131757128468	0.6427896838480626	1.4887784966102147	1.7602129074733774	2.057616949316995	0.03195314349510406	0.8919785090943732	0.02274807983750987	0.0014501586035617956	1.2351346444452787	-705.1799491951105	15	36.85518489234763	
426000000	-3385.996764376896	-2685.2832977821986	-700.7134665946971	0.057150062419195284	0.8416750064607689	0.608338511006531	37.16564863147089	-1024.7015199134146	-1087.5568441836103	-350.05637514344403	-222.9685585417296	0.6060311063901523	1.4993959496119535	1.8259790893186965	2.5453820257723097	0.03250214668414934	0.949703262592	0.02752959419379092	0.0022787983250518885	1.3609394133913224	-699.9191987841098	16	36.72179414565608	
427000000	-3428.979016719743	-2690.9583170413134	-738.0206996784297	0.017445668095844327	0.9385565633154542	0.6435326212127727	38.85235739055402	-1042.5946355454967	-1075.032023490311	-342.37152823193776	-230.96012977356787	0.6162833472686672	1.3608246096196337	2.157964053442736	3.0167578217943527	0.026523061837866273	0.9333343893459976	0.020395527811229764	0.0011505589444324163	1.1824321652096	-737.8790983464902	15	37.712903627817525	
428000000	-3398.273442059426	-2691.473817429651	-706.7996246297754	0.02414131349382421	0.9276992740116458	0.6249108613488534	38.1379062395142	-1043.6132746025382	-1069.99179175904	-351.80977014544925	-226.05898092262314	0.7014276010585949	1.38969447529546	1.65525780693931	2.018924140084289	0.03268320417862228	0.9893223733297768	0.02545158759051924	0.0011230136300622662	1.0164354398080684	-706.0929289417542	18	37.96551837453399	
429000000	-3414.716875923738	-2689.856679018271	-724.8601969054671	0.022208000399333676	0.9170900854767232	0.7186710616178478	38.58639316723202	-1035.2494942299013	-1068.596474234512	-358.5269051358997	-227.48380541795817	0.5973479462670959	1.5030889644333836	1.9945074640992568	2.3822002788515024	0.02916565650619383	0.935863451003597	0.023790250578762637	0.0013289706379924317	1.1752637198684117	-723.2345882867481	14	36.993980872408734	
430000000	-3423.3554465512443	-2692.1488758211863	-731.206570730058	0.04980947593461395	0.8256759571571772	0.643551556934438	38.6105139655456	-1029.6386342448266	-1092.8251600141127	-342.77296715395846	-226.91211440828843	0.6228370654241167	1.47843477523185	1.8770664781490292	2.3253164430947924	0.03372264246644682	1.0378818364047382	0.024530560338035315	0.0020180861217500346	1.4076010688267213	-729.5058131264097	21	36.084130166121064	
431000000	-3421.8542731976268	-2700.1435575627465	-721.7107156348802	0.018591609986633038	0.9378303285626396	0.6274796224114538	37.40538262677503	-1043.2260798571701	-1088.6155392237722	-340.8805649428532	-227.42137353895126	0.5715580145323725	1.5507840126968475	2.071233663139557	2.3086826991195672	0.02697954258087214	0.8916658104300121	0.02261362397865547	7.831755236701993E-4	1.0493236102475922	-721.9970916125133	18	36.886704574708254	
432000000	-3432.991079117151	-2703.205469937305	-729.7856091798457	0.029935259355566107	0.8837493423940553	0.6822525276094324	40.154331455530325	-1031.0829631697416	-1095.974126429161	-347.9883867480314	-228.1599935903709	0.6344234684893887	1.4574987776909025	1.7436229532849081	2.5271249312354036	0.0263209907571428	0.8946392492278598	0.021399946350158752	6.748882825970653E-4	1.0111663895049103	-728.8703167292787	17	37.55863142918454	
433000000	-3425.1534058359675	-2689.2121158035425	-735.9412900324248	0.041260853816260615	0.8698754260182912	0.6445593014586725	38.1036064224714	-1013.4666686114717	-1096.8048821912212	-352.8588050212026	-226.08175997964682	0.5819974825176584	1.5098520264722475	2.3306071862127173	2.02481701804252	0.02698935256252238	0.8052943329174237	0.023816612301429337	7.233857730905024E-4	0.9696153399028228	-735.8363175034025	19	37.070195710064446	
434000000	-3419.8536740416707	-2693.6505085495164	-726.2031654921544	0.016884746329990822	0.9499367690093484	0.5755528735432763	37.5751557310067	-1032.0135536290559	-1087.935150172228	-345.49959709473836	-228.20220765349416	0.6253642727135275	1.3962182178248375	2.2799387330249	2.312222075226392	0.02905336152242067	0.8270935435372813	0.023445059926494802	7.145361643622469E-4	0.9840371385069779	-727.0995257768021	17	37.07169391142735	
435000000	-3421.428531193041	-2678.619929691208	-742.808601501833	0.012105141714208224	0.9500295002821787	0.6894004645595541	37.40105120423577	-1029.8766346438165	-1065.4037976879222	-348.37048674535833	-234.96901061411106	0.6286311119023048	1.4319455684116107	1.9244366586977528	2.550734605431208	0.02751271868780857	0.8896583967431402	0.020924121553557936	0.0010624743791171965	1.1202552420256955	-742.2736465946476	16	36.818900461727075	
436000000	-3388.340820057869	-2685.907845924144	-702.432974133725	0.008787749620054195	0.9701536248750908	0.6934337569371746	38.81996075552547	-1028.9565062511672	-1081.9639623671462	-347.60275166173454	-227.384625644096	0.6314695866614889	1.4145783248161279	1.8938367891721681	2.706658549035769	0.031988094110791274	0.9152468122680386	0.023520457020447205	0.001053780012900191	1.0458430975678212	-701.2291288894279	15	36.92056744514217	
437000000	-3396.7341049837382	-2693.4127715673358	-703.3213334164024	0.050082444590938704	0.8508042999684307	0.6730180343683376	38.16110215988698	-1041.1302784388627	-1079.3920936194022	-350.8028326787527	-222.08756683031817	0.686279609032881	1.3434233119363115	1.9966093910258258	2.125811186653748	0.029101018311594076	0.8598013850582834	0.022489813878429344	0.0010736472811766957	1.1181489377163256	-702.2952106237066	16	37.02237574947589	
438000000	-3379.417667127557	-2702.3411716790997	-677.0764954484572	0.009813292289895702	0.9678236388934637	0.6735626570103143	37.85626573064797	-1034.5359402472916	-1082.5948163312482	-353.5284262145362	-231.68198888602365	0.6116614527171388	1.4598639217757021	1.923267568756208	2.6239388570701534	0.032383360121131084	0.7483469627197991	0.025673943058090287	8.981817045161271E-4	0.9385532702160975	-676.7557623357607	20	36.35167003197524	
439000000	-3387.9573621142804	-2691.242968153681	-696.7143939605993	0.02457269749188475	0.9188630846733918	0.6534370221428689	37.867627372236335	-1026.9663013339032	-1086.9818790265986	-349.01939515388074	-228.2753926392983	0.5933702357948685	1.422030596799276	2.1721154872322304	2.8764880460480815	0.036046018425411504	1.0689619394404377	0.03339958401302538	0.0021720519640676043	1.2479838235639362	-695.0593491587562	14	37.13178907800379	
440000000	-3419.922757366741	-2706.7183031270624	-713.2044542396784	0.019787466095593457	0.9351684468670219	0.6633612949331805	37.87650054785026	-1049.646320221449	-1079.6890666144911	-350.7826727281234	-226.60024356299877	0.6570945622433463	1.3291381192269212	1.922801325134925	2.9380579253484735	0.030097131861461082	0.9252021971237462	0.023901681347836008	0.0014249159518929808	1.1954299964089332	-712.5353981804635	14	37.09326188377212	
441000000	-3448.318664805755	-2717.353186878977	-730.9654779267779	0.0370128059756031	0.8707915344971912	0.6401643529208306	39.96822074450631	-1052.6521517457356	-1078.2465151465774	-347.25979529502246	-239.19472469164145	0.5952375701603739	1.5092741985394618	2.0714205368087866	2.232032440682793	0.031135598770538103	1.0281933372778764	0.025383348141370575	0.0017908252780916066	1.4141384603547371	-729.6807263645615	18	37.37452834095584	
442000000	-3404.4782686772423	-2702.7445824770352	-701.7336862002073	0.026337597359969503	0.9243108744328921	0.6067305520223913	39.56944976525537	-1037.844045230245	-1100.7474976033707	-340.09070885346904	-224.06233078995047	0.6435727371057837	1.4676075443520369	1.943499159253575	1.912526567128468	0.02962715641121559	0.8120745236708379	0.025657047906436692	0.0011735292744302836	1.0390431476203374	-701.9252261715429	24	38.24995907458224	
443000000	-3409.6092242869613	-2684.957148523082	-724.6520757638792	0.021082036448969013	0.9241072740325851	0.6705816869695175	38.10078761498616	-1030.0587076340541	-1076.4155477702766	-351.91144325693006	-226.57144986182186	0.6145080331800422	1.4744457327331555	1.942983233374488	2.4041151165758903	0.026029673993082775	0.9818261495936395	0.022993876404205773	0.0015369188033426812	1.2889835248853643	-724.0417270736684	17	37.17483967415875	
444000000	-3439.32676143866	-2712.7790620775736	-726.5476993610863	0.03425960903636317	0.8918601776814826	0.6024794888699325	37.97108428391445	-1039.879722273222	-1086.4040258062669	-352.36685358473267	-234.12846041335217	0.5680834383245887	1.5627851463516726	2.0711344085129944	2.26686313977042	0.02696336335927022	0.9417120461352946	0.022626012550186293	0.001388863882668569	1.2650671798252768	-726.6642324822308	18	37.92092044879731	
445000000	-3419.0543485288276	-2694.1818380769664	-724.8725104518611	0.024881147239680258	0.9186600545231535	0.6635462303448478	37.41892954202257	-1025.990401259601	-1084.8439131234193	-354.5154025002289	-228.83212119371737	0.6035801684328811	1.4316862828076504	1.8481104082178188	3.162607040125624	0.028062178089610545	0.9461149115098408	0.02268494527804636	0.0010698007121677827	1.1335340152633788	-724.2981332411925	16	37.189607292653534	
446000000	-3400.769105174645	-2669.3577189799835	-731.4113861946618	0.0263324305892091	0.9184050422991752	0.6036146620488345	37.60529883475609	-1026.8262048016113	-1066.028140578381	-345.84174657496794	-230.66162702502356	0.6052067976975061	1.4537930412428308	2.045743244688493	2.586882794357429	0.02848700987875614	0.9219946169980324	0.022270118502690516	0.0010432426193272186	1.1039695094603055	-731.6008370941881	15	36.7040262196902	
447000000	-3408.625444389478	-2686.8247256244695	-721.8007187650087	0.013860138004309524	0.95213637909039	0.6666727565235235	38.679760604826456	-1045.718687760194	-1069.4023908451295	-339.28343283982986	-232.4202141793161	0.6467004907425699	1.4457637653253956	1.7742483440136314	2.3458821859391272	0.027728255148500143	0.8991997025144787	0.024206701261351236	8.132023908793431E-4	1.013363103600863	-721.4086032731294	15	38.127827384883005	
448000000	-3430.6059682624323	-2689.4824441795627	-741.1235240828696	0.02476978754439955	0.9213484845190142	0.6010269124653429	43.39392171186136	-1043.1773149641456	-1075.6912146234474	-338.23823904184127	-232.37567555012868	0.686868261730243	1.2924358977923438	1.9493258708871788	2.656259672942087	0.028958209909582443	1.008298206524321	0.023126184673468997	0.0012702262875458586	1.158759020553143	-740.4541915195312	16	36.66512590332764	
449000000	-3385.71930921083	-2681.7808562331575	-703.9384529776723	0.05010254666269539	0.8312605862801122	0.6577186073332362	37.29128206384146	-1043.4511991661	-1060.7861342477008	-351.41658570681176	-226.1269371125445	0.6104652120312639	1.5482103789695387	1.6077119125560957	2.4037717137072634	0.03147330154458708	0.916079088806316	0.0249395635735785	0.0010666518788027385	1.0887502887253229	-702.7879447929464	20	37.07663879367924	
450000000	-3406.3684750644006	-2698.2157376833125	-708.1527373810882	0.016010375890853343	0.9442115104543963	0.6363369382287747	38.39795175203232	-1038.3633746138573	-1072.7869739506514	-358.8992423869021	-228.1661467319014	0.6572640259123268	1.4804016397324726	1.5590275439137642	2.2100705482247216	0.02701250378050415	0.9053436319822161	0.027082564385137443	0.0012985846456683792	1.1765710953245423	-708.218422825349	21	36.88139498267482	
451000000	-3435.278302948268	-2680.22595753871	-755.0523454095579	0.04723045573367795	0.8203896886900216	0.6831995451563296	37.88109567172847	-1031.8241489636537	-1073.3089864577107	-348.1983530265346	-226.89446909081107	0.6705187738451349	1.327008119295767	2.142830555022678	2.3171167519911546	0.025847644148340055	0.893236624434747	0.0209283984888295	7.253063038697684E-4	1.0359537076312537	-754.1057564265406	17	37.734377408831214	
452000000	-3399.6223090798626	-2669.396150772227	-730.2261583076356	0.051057136938470284	0.8432074241103714	0.6158884036356581	38.325729290687526	-1043.1304291899244	-1064.8598164366558	-335.2910602138826	-226.1148449317643	0.6871232951216774	1.3423564403174748	1.8918408400241962	2.3027279597888293	0.026130074675424407	0.8763381114783073	0.021384142364020003	7.023642723627118E-4	1.0156615752920872	-730.1569806053519	13	36.96626804780462	
453000000	-3421.274245110147	-2685.1289292033625	-736.1453159067846	0.039004106892069304	0.8683919453300861	0.6531425818018838	37.59961942494855	-1026.03528874564	-1082.6633581411006	-348.57027093165226	-227.8600113849692	0.6563195833688564	1.3877993157529114	2.22233829463682	1.9006420586013946	0.024672667514111134	0.8519272962317559	0.01960485134411389	6.181033186347766E-4	1.0012618677653404	-736.0685213922033	18	37.28296640030379	
454000000	-3402.2372093082063	-2683.818904579698	-718.4183047285084	0.059374702983042205	0.7903278876116632	0.7131140955098759	37.73786009930173	-1041.698404790714	-1081.4143115011677	-339.3058714672819	-221.400316820534	0.6176406434493106	1.4435894049608504	2.0152409036343597	2.495851548455645	0.029900951037571528	1.0545793291966163	0.02157629625237595	0.0016462408973394183	1.311382253425034	-715.907904780461	23	36.864449682933646	
455000000	-3416.439318743581	-2681.4775596804366	-734.9617590631445	0.007418027224426308	0.9713126414847855	0.666741447170027	37.85270928782565	-1028.9747548186247	-1078.977487574352	-342.88098262292255	-230.6443346645374	0.682965112055674	1.468876423871002	1.7315013579041338	1.5236476797712752	0.028736894320797634	0.7770580640606618	0.02295563806681925	6.31300747510167E-4	0.9400573390733468	-735.0475913218631	16	37.39154980692651	
456000000	-3391.4856710797217	-2663.8762890200805	-727.609382059641	0.00395922009390208	0.984730253408033	0.6590897933659781	37.82198630498796	-1035.9395199905523	-1060.8532535668423	-344.5824060060149	-222.50110945667052	0.6412488080663289	1.3908209453138662	1.9322603677526473	2.6674284953481338	0.029914278866021948	0.9650356734331133	0.021365365870186653	0.0010595256645199627	1.135872557824207	-727.1592124424184	20	36.7783966608033	
457000000	-3408.182682397863	-2674.174435581082	-734.0082468167811	0.03204958296436603	0.9043657972448191	0.5782170429051499	38.1239017936799	-1034.3608417580722	-1080.6096537622159	-333.7317136650222	-225.47222639577183	0.6463365102193648	1.477477959414529	1.7735156347487835	2.0686523102913075	0.025632944873806886	0.8577327133051733	0.021190205878849972	8.109568644498011E-4	1.0679373688062785	-734.8015945196909	22	36.30841739586685	
458000000	-3407.675554194124	-2699.783566610119	-707.8919875840048	0.020429141323243954	0.9374591271586287	0.6379147105749511	37.78124582694992	-1034.068909681465	-1082.6173332825858	-348.35574447222234	-234.74157917384605	0.6201512583478748	1.448260976038182	1.6889989224481317	2.9770291927628154	0.032341866499422715	0.8451607477231636	0.02640329390125321	7.949111871548102E-4	0.9542876359725893	-707.600707922002	16	37.18475259110435	
459000000	-3387.439026825637	-2698.24039812636	-689.198628699277	0.04731954625433599	0.8438097732739668	0.7099767132840787	37.77187634862749	-1037.677056566557	-1080.0335283800891	-352.0227143928661	-228.5070987868482	0.571196908280101	1.4687484425100696	2.2548658646831425	2.7325074968922727	0.03475306269672506	1.0092632515562845	0.03009790170739143	0.0017859010832002803	1.1809384885479084	-686.6107315419445	15	37.13189848938058	
460000000	-3415.6508870087087	-2699.219452905166	-716.431434103543	0.03030078331718244	0.8942484968335416	0.6971576083006117	38.13087361807431	-1039.1287162214537	-1071.7955775639273	-357.69906770699714	-230.59609141278784	0.7034497738840361	1.218387987171556	2.523322392512187	2.003148224763261	0.028143083711028635	0.8219148208871492	0.02439873129050159	7.953053663765721E-4	0.9737725916381273	-715.5508410786351	17	36.88943137418233	
461000000	-3403.5999622713493	-2679.2481550963043	-724.3518071750451	0.049145909676503965	0.8516349276792232	0.6160798651989329	38.77046311520127	-1042.9803074524136	-1071.798327283173	-337.35323137225583	-227.11628898846163	0.6187533905413776	1.4568333959693562	1.7535618877831476	2.8134517123693916	0.02907850718603266	1.037587994791366	0.021535939871854228	0.0012437347691140318	1.2294583617016204	-723.4874892216149	16	37.590311151213626	
462000000	-3421.3866178934295	-2711.847700608531	-709.5389172848984	0.01631168687380497	0.9449884154547493	0.6186685216940231	38.78342933264121	-1046.484800160342	-1081.6812375467935	-357.2683245752903	-226.4133383261048	0.6180553603095216	1.3925017457606654	2.345906213265301	2.3690965690590415	0.028478974309858227	0.8313102263535919	0.02293141271698859	0.0010205813302097751	1.072318804781886	-709.8749172933523	15	37.04619382451664	
463000000	-3401.485966229892	-2694.8069933943307	-706.678972835561	0.013674800683474821	0.9565437653750567	0.6572500721308061	38.13994011977988	-1046.2997490172343	-1069.6733186580598	-348.69746465433616	-230.1364610647	0.6644792905719079	1.3896520854067835	1.9467191831185755	2.2112661400154	0.028180381589187002	0.9735732093774254	0.023171673732465106	8.588346745681892E-4	1.073291987111425	-706.2094342435198	10	37.33649278130081	
464000000	-3411.1505233170947	-2691.4794441730737	-719.6710791440207	0.022840227724048246	0.9256181746513815	0.6433441875286612	37.809865842287515	-1040.3558794036467	-1082.979141101093	-344.4429255268309	-223.70149814150267	0.6303850344995393	1.4724758353611462	1.859310633656884	2.2666082173591175	0.027854459135035984	0.9087793881479583	0.022269154852952087	7.950113017429743E-4	1.025074296278895	-719.5058296345367	14	36.88647101776077	
465000000	-3418.2243915078316	-2687.6581198294352	-730.5662716783962	0.015090592182197087	0.9468890912126541	0.6343362828318815	37.211774742062985	-1042.6922211380877	-1081.1514703075532	-343.7523929812634	-220.06203540253125	0.6417504312275207	1.4064964386005046	1.8085584923319358	2.733296497691899	0.030046318014360314	0.9935462385123676	0.021215908734829585	0.0018230674167521842	1.3717176385604741	-730.2269176135275	15	37.002762338111495	
466000000	-3414.8532642019327	-2667.668618052708	-747.1846461492246	0.05585970088231662	0.821889357281076	0.6424595160354589	40.63896838938826	-1018.4747888834594	-1062.5936937472168	-354.6286128368296	-231.97152258520254	0.62091243226079	1.4477083881404775	2.108224053332225	2.2338962004495135	0.03178232484227423	0.9661155507783061	0.022278594930366054	0.0016259787665625857	1.3635370837651848	-745.622958913333	19	37.143866975488685	
467000000	-3378.1540832735673	-2679.4870688002306	-698.6670144733368	0.05273770809504188	0.8292434939690059	0.6984990968449427	37.87179191493627	-1029.1871447209276	-1076.235730971632	-350.2745561451877	-223.78963696248385	0.6217333228938099	1.4605330010534119	1.8997834569648049	2.467648805848721	0.03005334921639444	0.9235385573550039	0.02219996266488817	0.0012082218836534783	1.1596152434195284	-696.9161518937962	20	37.10782439393494	
468000000	-3397.101943492343	-2672.8768527604684	-724.2250907318746	0.029586141548402736	0.8993410356092975	0.6491909080737086	38.11775122872048	-1032.7681818523247	-1059.5118884409437	-354.8650197571561	-225.7317627100444	0.6406620264271113	1.420104493381016	2.037100655643462	2.2315549100799394	0.023710471809034555	1.0593917371631998	0.020714630006665378	0.0012058594416410604	1.3615667296916107	-723.7470523405385	19	36.731733407939146	
469000000	-3423.366786505387	-2689.6973070313543	-733.6694794740328	9.869713747870897E-4	0.9961928548299501	0.6794503632493012	38.49919878474774	-1036.9405357182736	-1075.2456216524633	-350.27010187621755	-227.24104778439983	0.6068618392088584	1.5098453075893563	1.578577423830138	2.86850679502503	0.024915721586214676	0.8641350162753088	0.019389567326079125	8.345559454388703E-4	1.1375370361333594	-733.689974857267	15	37.157835631962584	
470000000	-3387.548052461683	-2679.9448435950644	-707.6032088666183	0.016850189757236404	0.9416463228103721	0.6482789417613906	38.12789910310663	-1034.6351659970524	-1071.1584425264552	-348.0320723893696	-226.1191626821868	0.6222053070385892	1.5408904060302606	1.56225819059635	2.326133678451111	0.032062037127313696	0.9315714283245042	0.02419743731475913	0.0014646594188927357	1.1944812676233056	-706.9469197019441	16	36.993515995546765	
471000000	-3364.2050663785485	-2692.013357896544	-672.1917084820044	0.02614338357391781	0.9226724493006857	0.6595894107468674	37.58918853463798	-1046.20725394079	-1070.5143331670292	-347.5896682039823	-227.7021025847427	0.6719425349282555	1.4095700074836457	1.7976524908829445	2.1510699099654764	0.03317234968561833	0.8963900350406694	0.0275813689133181	0.0016253256552402218	1.1131240838066172	-671.2903229859827	16	36.700662154831114	
472000000	-3420.9108050400027	-2712.7337990564315	-708.1770059835715	0.009511595583723515	0.9687690437585309	0.6643030803456408	39.09272687926087	-1032.0025194094424	-1091.605710160671	-353.0310749620878	-236.09449452423036	0.6185241299760859	1.4472265639239472	1.8775301182836686	2.6873247481427005	0.027323832303210158	0.9024484574047953	0.022905124556322137	0.0013465601681062669	1.234039090935837	-707.8789815446407	12	37.10161602481451	
473000000	-3403.427998937469	-2675.431193662305	-727.9968052751642	0.02311301560556213	0.9237384416777544	0.6119652545364603	37.74167847496392	-1042.0886862580342	-1076.2021902204333	-330.29876897955216	-226.841548204285	0.6449822334921987	1.4011185672141988	1.7996190125493223	2.7359371867594002	0.022783824006852756	0.8103653306075496	0.021892569988455523	6.878532046165703E-4	1.0090163684131819	-728.9931410123384	14	37.6255519677473	
474000000	-3379.7549360374187	-2668.8607568387874	-710.8941791986315	0.04220928211589238	0.8664681254986447	0.6577247982887705	37.35188635530629	-1024.7865685731174	-1067.203336513678	-350.89687748138846	-225.97397427060395	0.5726451122424056	1.546740423277898	2.128933701860566	2.223445079637505	0.030956318848971903	0.9198618475505396	0.024785773240750552	9.27536014935529E-4	1.049148614302708	-709.9217878799365	14	36.631090877582885	
475000000	-3375.3257960825977	-2675.439132310633	-699.8866637719649	0.0196991476546729	0.9383994529523997	0.6316455470585634	37.35632624356851	-1031.1284689969953	-1064.8393479385456	-343.9329410599667	-235.53837431512534	0.6746681631303731	1.322422151113602	1.9944612526710377	2.5391983483264506	0.038625903714541485	1.0110177059061571	0.024202076413636923	0.001250114353198191	1.0401695665208417	-698.5691284665397	17	35.661040296029526	
476000000	-3398.253574692927	-2681.9541276794134	-716.2994470135135	0.05131268226639902	0.8231227177683844	0.6560024172597486	37.757671050542655	-1024.846149309394	-1079.9549426543756	-344.745006185475	-232.40802953016862	0.6231585161624087	1.4464369427106234	1.9030304883470381	2.561752353911617	0.027263999737921145	0.8407850887168148	0.02485515774575996	7.751087850421645E-4	0.9632529733836002	-715.7490157998235	19	36.38316185330581	
477000000	-3388.194940295939	-2671.0271656441664	-717.1677746517728	0.03210679422919192	0.8917394170701642	0.6436246879265645	37.5319360716536	-1034.9037797464437	-1053.3540987521262	-349.2728399182616	-233.49644722733524	0.6023535374148439	1.4938172338812388	1.990468843680667	2.377607207745989	0.03212650869487445	1.06549730564889	0.023886530698003814	0.002155915996441364	1.4049808209699677	-715.9631355404392	19	37.358689285814606	
478000000	-3418.924749896144	-2687.483362278299	-731.4413876178448	0.025953829967931816	0.9178602811368604	0.6328892055493965	37.31886086276607	-1035.722184986616	-1082.0958101049512	-345.55209738651007	-224.1132698002217	0.6210317009565776	1.500736567849366	1.7141375469945088	2.4440278639406854	0.027999381978958078	0.8523712368716789	0.021665593482221537	9.277571413342587E-4	1.0639872683202476	-731.5772222495013	18	37.29997991497712	
479000000	-3393.467075012406	-2678.656786276212	-714.8102887361936	0.01831248210746911	0.9315615644959142	0.6757874770187196	37.134110213965315	-1033.240640795189	-1070.8837844981326	-346.92886926842345	-227.60349171446705	0.6715830717696871	1.3522429312712339	1.7115664090172042	2.8244940391550895	0.029117128848174943	0.9969028041023829	0.022323179473158965	0.0014423406952644487	1.1966726665697238	-713.9250059450937	17	36.83549653902986	
480000000	-3459.4490433342885	-2703.0490698130097	-756.3999735212788	0.07458707557390808	0.740819943310006	0.6397415484452731	39.17782457050454	-1038.8374044807729	-1091.9699403990664	-345.3446059120605	-226.89711902110935	0.6000482603401727	1.5921418342904543	1.7108593532848826	2.025802676674415	0.02309402009418202	0.9245731246668956	0.01764965116623028	5.092558393704652E-4	0.951455370891752	-755.625567332667	19	37.40913333683253	
481000000	-3421.8376509040822	-2696.7093999645226	-725.1282509395596	0.05217013112630111	0.8406666471580737	0.6370304043047134	38.06411534042813	-1044.8276638512232	-1080.3062778957124	-346.2746091175675	-225.30084910001966	0.5968849289085815	1.5061396847073434	2.081434407411887	2.2114189754003917	0.03022386418826642	0.8616369320621307	0.02539356921899574	0.0010036393945774482	1.0717986766593859	-724.4569596503738	18	36.2961399387157	
482000000	-3384.2189586819254	-2680.3993825505136	-703.8195761314117	0.022974411965612417	0.9310840632748546	0.6317702534565738	38.34001840584874	-1038.6826743459583	-1072.5107286295345	-345.105229781765	-224.10074979325555	0.5770380737148737	1.4444717637439046	2.194143058589693	2.946280373190646	0.03351580834999454	0.7486056326815227	0.027335730018040863	0.001005157831321327	0.9112149890354123	-703.6988497316754	18	36.768239259456536	
483000000	-3385.0171219267513	-2676.9204739913926	-708.0966479353586	0.049437313112161936	0.8207158319649654	0.6859650390194281	37.45739956506309	-1039.8783902086368	-1071.6939092690927	-339.88111487058666	-225.46705964307597	0.6560390373281747	1.3308720401958902	2.1432608743985755	2.5567033988044656	0.03092176924861111	0.9525105152662648	0.021838836170594806	9.80532049920473E-4	1.1019090885199725	-706.4470003816373	19	36.70911420415398	
484000000	-3351.05528379731	-2655.040492315465	-696.0147914818451	0.01294262895775014	0.9572475055091031	0.6330346080799971	37.251427125703174	-1019.4977385685906	-1064.11266148785	-348.4209298689581	-223.0091623900666	0.6134485532092983	1.435905539267991	2.0763623083384766	2.5376935960193805	0.03842508113253098	1.1192385007864094	0.024774560353063545	0.0030335454343507285	1.5615265749225145	-694.4889261216025	20	36.070420720030796	
485000000	-3412.4093714222927	-2680.516672768879	-731.8926986534136	0.008536315713669446	0.9695310625649055	0.662228204064487	39.06989530442413	-1020.4371498774478	-1081.0588597716555	-355.9602467838989	-223.0604163358766	0.6162230857416211	1.3941811941864943	2.0697893637930167	2.8719992365932803	0.031291188569913884	0.9169423898151198	0.02259546434440447	8.111071658908543E-4	0.995148153932311	-731.2057690541958	13	36.67793129570574	
486000000	-3414.622108616867	-2676.9366852472795	-737.6854233695879	0.024821291455340955	0.9136222598875272	0.6277674820170719	37.95770982007004	-1039.7768779165651	-1065.9532963490035	-347.88171645438325	-223.3247945273274	0.5705045333286836	1.5581963973336626	2.0084683579356626	2.371826664364918	0.034092162925574925	1.010500522073024	0.02715326171568631	0.0019929568097313347	1.2960206559960503	-736.7289359028209	15	37.8461232434677	
487000000	-3428.9783883595705	-2710.999376626367	-717.9790117332035	0.01539029709027739	0.9411744190323739	0.6690455019689989	37.6156262159493	-1041.5928816629364	-1084.6000440530524	-355.0505232980075	-229.75592761237021	0.5892217522231472	1.500046825658681	1.8904392954953844	2.7460965097154455	0.026382915844040768	0.7381711678402679	0.023775632758962165	6.53613952218706E-4	0.8924433052896659	-718.2705134578107	16	37.01419020135802	
488000000	-3398.934809232723	-2693.742291225929	-705.1925180067943	0.04341028114309323	0.8680316254854409	0.6668452621194945	38.72694262022627	-1028.2951171098005	-1081.2592224420753	-349.73511302482416	-234.4528386492293	0.5705748960655335	1.5361982606897682	1.8124620966145513	2.911483959471785	0.027368699273095078	0.7881732863961033	0.02468039340219948	6.920805452409226E-4	0.9458843334709615	-704.7010207468492	18	36.981196098636126	
489000000	-3397.859240398677	-2693.9587249923115	-703.900515406365	0.016942467659010075	0.9441533833051662	0.6359942815439897	37.809087308472904	-1024.4637082413285	-1084.8119870315088	-357.356710261184	-227.3263194582899	0.603227828069236	1.5794372916850146	1.697976044716386	2.1022775632660498	0.033708899278980416	0.987770058696366	0.02978186656072292	0.0019135582841311861	1.2040559655966352	-703.0996143923529	20	36.289593069332184	
490000000	-3409.074126859678	-2680.3890109121135	-728.6851159475646	0.03138283868555146	0.89027575351503	0.6618443862361485	37.38005224646526	-1031.0717720719997	-1073.4501259682622	-343.8554990814181	-232.01161379043313	0.6180063823508766	1.3359314862390725	2.206809321524689	3.122579046513823	0.030530778786030582	0.9417451729221232	0.02281920217173995	0.0011103960333438713	1.1031207339057316	-727.7941313236819	18	36.00784120403868	
491000000	-3402.5881267130812	-2688.03202115287	-714.5561055602112	0.049399119764325386	0.8279710201786686	0.6959943996190141	37.956804092588314	-1044.2415906257413	-1072.0139086338856	-347.72106730824885	-224.05545458499407	0.6410258569570613	1.3901769630382574	2.0317740976403016	2.5033113796013104	0.0317763066543181	0.8189275218830228	0.027039471291234345	7.551378163396724E-4	0.8910938902477499	-713.0365921516628	17	37.03396489433448	
492000000	-3411.0340763128925	-2675.128898702017	-735.9051776108755	0.047604816675471354	0.8501423904150391	0.6211780827624341	37.607594752514885	-1044.8877162638669	-1064.909401337465	-345.06300072837	-220.26878037231566	0.5837320746045601	1.574769755135058	1.7261546812007442	2.465392094196803	0.026537992729635338	0.8698210679908248	0.02283322576788617	7.0905438143665E-4	0.9956042455833721	-735.882124214848	17	36.92586954022673	
493000000	-3397.46770419552	-2697.3455188251714	-700.1221853703488	0.026642759773208048	0.9064296015583948	0.6616759119839659	37.64336199818425	-1041.617918483259	-1078.0865218221325	-354.0408018309433	-223.60027668883703	0.5829255432015091	1.5582610043442586	1.8509859848430534	2.4108401665979193	0.02970076977844698	0.9799121811708325	0.027023318114099217	0.0014268028242961867	1.1977830476698161	-699.2503052229166	26	36.27864665746779	
494000000	-3410.105410714038	-2693.3311584287962	-716.7742522852419	0.007368956356766777	0.9733671483163012	0.7010556935422513	39.47169681016753	-1029.6246909522279	-1078.6180568452103	-353.2920047923974	-231.79640583896125	0.6389712845542045	1.424751646796971	1.903547840552842	2.4555720513301607	0.02715796274674064	0.8313849866623423	0.025536271213563284	7.771793615531159E-4	1.017459258229614	-716.1382745635448	15	39.455011682781254	
495000000	-3388.3946345843233	-2700.665950669907	-687.7286839144161	0.0383302823947863	0.8852696670834999	0.7052917007688165	38.08121079053562	-1033.2152186368273	-1088.5302527478648	-352.82319717594027	-226.0972821092749	0.647165768027302	1.4130309332532152	1.8778670347075117	2.4503046974644307	0.039230093935783875	1.0255968270897693	0.03049188688189815	0.0016851467051203304	1.0951647078334628	-684.8434416985905	13	36.14219835370437	
496000000	-3403.43422913098	-2694.403514309348	-709.0307148216322	0.04296825398449788	0.8618468071690258	0.6524295591355435	38.04422635432634	-1037.1702171233628	-1086.037502427408	-343.6911539901621	-227.50464076841493	0.6302693784441702	1.3851029274243876	2.1323539239271443	2.5773360958690485	0.03169283163621591	1.0151631255647202	0.026145863148979556	0.001649150661593724	1.2208014380150496	-707.6761744661419	13	36.95334480195476	
497000000	-3412.3795109996204	-2688.6720620195597	-723.7074489800607	0.034988677896176365	0.8783739333712999	0.6761726564051065	38.82594441299954	-1042.5274912339758	-1069.6467930716744	-351.53366651915604	-224.96411119475368	0.6424197385554579	1.5002112839130723	1.6283925469554872	2.192436455056842	0.028924086011087702	1.0218643696735068	0.024668158295576417	0.0013666831749533763	1.1673545305990116	-722.3073316847704	15	36.63953379558084	
498000000	-3413.3548136937316	-2705.3427902558233	-708.012023437908	0.04551142350672383	0.8727613893634742	0.6673191107169938	40.52395046104569	-1053.3540281307503	-1076.7469052957863	-343.7520279183989	-231.48982891088764	0.7083096018608426	1.3551452025894573	1.7802946492907386	1.9802951050803053	0.027372619537207644	0.7537245493879062	0.023587138525911423	4.4922142534032777E-4	0.7904142809050808	-707.4162326592992	17	39.273618083499635	
499000000	-3417.933672618333	-2677.0297301295905	-740.9039424887426	0.043954737404377185	0.8317890816134186	0.6853458088611822	40.02561745612593	-1042.2870550652117	-1079.443651458422	-334.69339568471275	-220.60562792124375	0.6380909096717926	1.3868609075981115	2.1128029576532876	2.4471193719598734	0.03216043910123946	0.8842336197536492	0.024105339167167075	0.00111218543110626	1.072643844933694	-739.1717045621169	16	37.910885433258564	
500000000	-3420.1505225068863	-2698.94570761579	-721.2048148910962	0.08289037713947145	0.767205615392466	0.6826084933713298	37.94189657287224	-1033.304273595723	-1105.357957540095	-336.3531806381917	-223.93029584178078	0.6252224260629111	1.4506268462599754	1.8351160038634635	2.6036792817040584	0.02833665839918908	0.8303010163756243	0.025430540142568167	8.100692726397921E-4	0.9510471719321274	-719.6920831293012	15	37.299382707362994	
501000000	-3391.5697353918067	-2704.8899141621187	-686.679821229688	0.043534548653966755	0.868205978144026	0.6686807314749788	37.35125684539348	-1033.2315177815458	-1094.692241803135	-345.43876529355794	-231.52738928388007	0.5937161715706923	1.4262351505332989	2.363372729046994	2.497374109524938	0.037565121601682586	0.9653177455407737	0.028400421306957035	0.0023296457102422387	1.2754273744616844	-684.719145102277	18	36.08138670554631	
502000000	-3418.609616056486	-2693.4658937427603	-725.1437223137258	0.03253592971822396	0.8959745142830973	0.649720365561216	37.70939337896893	-1030.971175011284	-1079.919772286436	-347.9201591385806	-234.6547873064594	0.6221977003920197	1.4949859959619411	1.7854736946657943	2.348790763228985	0.03294847607235553	0.9032282726212005	0.025619437830256955	0.0011851189871668834	1.0743219683138971	-724.2555219892134	19	37.49972458563742	
503000000	-3410.806709751275	-2691.142979737093	-719.6637300141821	0.01510496584872016	0.9387236669182906	0.7037297673621108	37.018607565545786	-1033.7258472224555	-1067.573696343263	-356.6492923222165	-233.19414384915746	0.5697154174939656	1.4545696517258353	2.3906847885410833	2.650581822135243	0.029545250068431863	0.8963911593149839	0.024623490968231725	0.001128092730432197	1.0597433250038162	-718.6632316215167	12	36.55126494305147	
504000000	-3379.39910874002	-2679.3901728277356	-700.0089359122845	0.03641906175053649	0.8832373811497272	0.6210118468405685	37.4060180060944	-1026.2434234118364	-1083.7706144922834	-347.341737362756	-222.03439756085965	0.6589266354609754	1.413050144806935	1.7901273690454118	2.380219727149577	0.03419186443314846	0.9646305301772006	0.02585453435045056	0.0019096221761461401	1.2236549461512882	-699.13916864352	18	37.04713177393228	
505000000	-3362.654525941828	-2685.8545381191284	-676.7999878226994	0.062100556499828534	0.8284399821000024	0.6767375382177881	37.83865847950785	-1032.7568784364262	-1085.5281857437458	-338.0874860098415	-229.48198792911506	0.6422180398643766	1.406934628398682	1.7602883100824638	2.8049410443444027	0.03535900111167474	0.9985090652197262	0.026376135987905138	0.0025892365307381283	1.3508735420251277	-674.5044906394385	20	37.195953480090495	
506000000	-3401.248906135676	-2690.191926110566	-711.0569800251102	0.06643177828468118	0.79572740310019	0.6953162930175063	37.21407881287006	-1034.379009018363	-1073.9837806479763	-347.45837902695865	-234.37075741726795	0.605479148752496	1.5090778070228366	1.9513445018393514	2.2493430322782304	0.029499885854947543	1.0409876696936804	0.026261407363874244	0.0013397343054393292	1.1582441708005546	-708.8987637458453	18	35.849556922884595	
507000000	-3407.1984016149195	-2684.625371581049	-722.5730300338706	0.034518643043171246	0.8877832499690904	0.5981984040834811	38.41080353773666	-1030.8277938750605	-1080.6779175705235	-343.76947957046855	-229.3501805649966	0.6434939898703755	1.4036564942765482	1.9252784895613084	2.521468387241722	0.03122354772543493	0.9290372590544927	0.024687652586419057	0.0019284355914716438	1.3337553919539147	-722.3071329657338	14	36.77982125979945	
508000000	-3411.504866460666	-2677.7710363291058	-733.7338301315605	0.03287185827936879	0.8846712873443797	0.6741489297641212	37.78455246765458	-1032.0803924655954	-1067.4075319294602	-349.0360531483001	-229.24705878575003	0.6219417594865335	1.4667548049061174	1.8144923989329673	2.556951627468164	0.031136643729218767	1.070177183112247	0.022323166631292267	0.001668273723067839	1.3622996401170977	-732.1395390433963	13	37.60470019745168	
509000000	-3377.095136820734	-2663.074192428089	-714.0209443926445	0.03922106876820968	0.8845317879470403	0.641384417080527	37.45560496942008	-1033.3488953522713	-1067.9286790085866	-339.7648242780349	-222.03179378919572	0.6929788109852102	1.292559060865172	2.078726443452708	2.312599767452267	0.033453028939148234	1.0892302723271425	0.02424342885325724	0.0016173396374328565	1.272875949832179	-712.5460135875056	16	37.04357493574278	
510000000	-3369.2737642927227	-2670.0862407995915	-699.1875234931313	0.04168862456150998	0.8767706919751849	0.6398038346019821	38.45024871887573	-1038.9917016140867	-1064.1232063266507	-337.2453804112431	-229.72595244761072	0.6527629679352913	1.4815761421948093	1.7810551382740827	1.8964718374966019	0.0359979765437577	0.995163077694384	0.025741314413136117	0.0022951500454075078	1.2756081868082292	-697.6166706563735	19	36.610861693392586	
511000000	-3398.381188798605	-2675.6636735034826	-722.717515295122	0.0038898173375732513	0.9858045046199261	0.6271754885099771	38.20916228628861	-1023.542135998867	-1073.0554352839868	-354.1573086947003	-224.90879352592833	0.638606146481651	1.457598627421531	1.832529980004732	2.29116810504668	0.030370397998849788	0.9312266866119961	0.023253330696153582	9.452777227458117E-4	1.0260701285225153	-722.7127173325196	19	37.0491001547002	
512000000	-3368.2740743273935	-2682.0178612682257	-686.2562130591677	0.015747476189725575	0.9483100972016197	0.6692384950688363	38.28248375625384	-1039.7258586095031	-1069.530675984951	-349.4510096498165	-223.31031702395535	0.5869519965818102	1.5383240694699656	2.083336100760792	2.107157263384628	0.037966322682659245	1.0635317300422407	0.027563136784996518	0.0014075143330536288	1.138666043372142	-684.2984263702128	21	37.016439142496594	
513000000	-3377.29027022664	-2696.208681533148	-681.081588693492	0.043934195050337105	0.8691062400569973	0.6762510424656095	38.19712168632084	-1032.9514026689606	-1085.164168693856	-350.65555590760255	-227.4375542627289	0.6424722614854712	1.4114598985324127	1.8686295941673234	2.5697861551915695	0.034671402697692366	0.8756719625546674	0.029719014568047018	0.001630920770711633	1.1539654057338118	-679.4937767904786	18	36.27882970544219	
514000000	-3379.9646752665385	-2655.8760641332447	-724.0886111332939	0.03760881013068069	0.8735653258719812	0.6544906948007654	38.60728176730126	-1020.020688920358	-1063.9011117068512	-346.5949087672409	-225.3593547387947	0.5437550850074356	1.5273888951275234	2.091848192248131	3.0114189922768557	0.028993074864807785	0.9710181747159549	0.024396868994427803	0.0014380786576802449	1.2007123799730564	-723.1352789696284	21	36.42071064541841	
515000000	-3403.4908102690943	-2687.6072235514057	-715.8835867176887	0.03826524746320471	0.882510200443749	0.6647434946584871	38.10012902714733	-1023.4205924651037	-1076.1415062587039	-353.35787672915086	-234.6872480984473	0.6109347998497041	1.3594974235121402	2.155818608438724	3.134079426478652	0.028005120836411025	0.9684832820095994	0.026778376381456744	0.0012508216157080922	1.1137454242735503	-714.9430440658435	24	36.47862531500306	
516000000	-3392.4809505996836	-2682.582471972952	-709.8984786267317	0.0517304548505965	0.8412676536313541	0.6141715269774922	37.7864659956505	-1028.4225025640606	-1072.012261816739	-355.42445005890687	-226.7232575332453	0.6468655458039261	1.3770290393276714	1.9260009791436108	2.695791562275085	0.02768623224762236	0.8425868364460231	0.02238997908136909	6.480451009764931E-4	0.9666748277915029	-709.8541333411544	20	36.699988397022466	
517000000	-3410.7083972979017	-2701.181906335134	-709.5264909627675	0.0601989973310863	0.8151718817763172	0.6781854658485613	37.57786400546401	-1029.7355065771774	-1087.6561578311223	-352.70137046188677	-231.08887146494754	0.6281998631930401	1.4751325076168695	1.923752554730332	2.1714430600023964	0.026232412395079032	0.9374185513682157	0.021571482262927842	0.001241509318867028	1.2689880712214765	-708.3394888950702	15	37.030971021767336	
518000000	-3400.4751658433242	-2681.742854537304	-718.7323113060202	0.06229032075002025	0.8133494495578262	0.6638129716047971	37.99441771868318	-1026.11947092641	-1083.9175050753809	-345.78620345651433	-225.91967507899858	0.6222137129619795	1.4089419433798196	1.9644752296356236	2.8096303114417354	0.02651797600076039	0.9754673413987932	0.022219022565145026	0.0014063887820822745	1.266365093592762	-717.5409616352748	16	37.106789468151916	
519000000	-3424.9139793679633	-2688.3635076129503	-736.5504717550127	0.007096905403878414	0.9719936179032175	0.663405458677141	37.043012099318865	-1028.4379456025968	-1074.2697026626906	-350.3254919268204	-235.3303674208426	0.5621566835039453	1.469909966325444	2.242857576083993	2.9148325583491195	0.028632397974661425	0.8037662340133342	0.02399811019893037	7.427749119623014E-4	0.9636081598919968	-736.6978439729862	16	36.83705276271545	
520000000	-3424.3059990408105	-2697.8322628066085	-726.473736234202	0.014687202589432138	0.952383723832946	0.6366770018851303	39.7556363175262	-1040.3994280207996	-1086.464238686469	-341.5230693480946	-229.44552675124532	0.6076933411584123	1.478337192802562	1.6941031208714588	2.934111321242054	0.027203366463458868	0.8139867862386978	0.021518829645199234	5.065603822166864E-4	0.8365808861379763	-726.6905981544301	15	36.86518632163287	
521000000	-3426.08243582402	-2696.0469058684785	-730.0355299555417	0.01652592603588015	0.9434958860873294	0.6333675810718984	38.39148879631331	-1038.8766997334938	-1079.1180342309262	-348.7282684330412	-229.32390347101733	0.658031976700684	1.4067755910117428	1.949758219887365	2.17433523877847	0.028582947325253526	0.7928203564795774	0.023479612994753533	6.634457336687284E-4	0.8784270470731022	-730.3375797924637	16	36.61255895218959	
522000000	-3377.122610068638	-2678.5199770357954	-698.6026330328427	0.029213510022950466	0.9157735213858792	0.6468813735955239	37.541173170289525	-1021.4806759160712	-1083.6299650749347	-342.47255190637014	-230.93678413841945	0.6655275921963397	1.3339316883325323	1.9927015979981864	2.6123627567799956	0.031245275767463006	1.0506553053423633	0.02381549079485362	0.001895323633834215	1.4220941616330172	-697.5518949049066	22	37.0171273821358	
523000000	-3403.074548452471	-2680.7637243803524	-722.3108240721186	0.034186183199971236	0.9057098326055051	0.625809535102891	37.37049830991347	-1015.7341940950489	-1081.7257725989682	-353.2177266710582	-230.08603101527686	0.6041123249233583	1.4366668245350045	1.9915683084746696	2.8566198658104924	0.031169756832016872	0.9821786191002739	0.02395350869348762	0.0013716113982837335	1.1259404212850173	-721.6921894382625	11	36.640316395777724	
524000000	-3374.055197090597	-2668.0183011706245	-706.0368959199728	0.012356702341948916	0.9597042534730799	0.6515166678916161	37.60495101788101	-1032.5044909733115	-1059.0214805436292	-346.6844312503869	-229.80789840329717	0.6435131077453432	1.379945295953318	2.0190460771440484	2.570412654256523	0.030597391581483408	0.9656696660739813	0.023326432041319765	0.0013511771025788545	1.139491619417039	-705.5094365254657	20	36.59224621208059	
525000000	-3407.762272434776	-2666.7583680237344	-741.0039044110417	0.023685104997951015	0.9126471423104175	0.6555135578073849	37.131797887019175	-1018.8776425206597	-1076.9515481420383	-342.7899565994796	-228.1392207615567	0.5614333579633397	1.4630466294812867	2.433960538686062	2.6559155906643768	0.028943563057393235	1.0354453435473099	0.02332026447032247	0.0010067482398680948	1.1383836170511112	-740.2208086352875	15	37.103465534067325	
526000000	-3403.6214708979182	-2685.7321997954214	-717.8892711024968	0.08028481645430983	0.7609922532913568	0.6678964877217454	38.454160826902104	-1034.1726753074747	-1071.905396699121	-357.76941665884135	-221.88471112998437	0.6193561905338016	1.3488664270038198	2.4313375668489603	2.5875937948377317	0.023519458095306065	0.8111556719540902	0.02300449109695954	7.008565226347488E-4	1.0162042469857862	-717.0740007170128	19	36.810752373308404	
527000000	-3387.8666030140025	-2688.9283240413292	-698.9382789726734	0.011330597608004617	0.962333322155363	0.6356857437174587	38.16740177645757	-1034.3501875006768	-1075.0940327280812	-354.28502415853603	-225.19907965403476	0.6443903162546977	1.4349085874217156	1.983673579592499	2.1209779400784754	0.027237445337087204	0.8006283641840627	0.02243735672285155	8.119714141614697E-4	0.991118041512577	-699.4257041206172	20	37.13405357356886	
528000000	-3384.385409164199	-2698.1734141889	-686.2119949752989	0.06108837946499648	0.8390972685145094	0.6609367913900975	37.2328594699502	-1032.9431488287114	-1091.8498258375573	-351.9917724033899	-221.3886671192418	0.5927538346594977	1.5382899211820669	1.7812194060212083	2.525933890293862	0.03181038383490902	0.9181897781900371	0.025797845071577213	0.0013920650140796644	1.1511408105849803	-684.8476591889588	20	36.616176121875284	
529000000	-3425.04687426185	-2665.2331769851753	-759.8136972766747	0.026844002365157056	0.8991904895298352	0.6632560806348408	38.34402885721155	-1030.0714437295574	-1064.300071920042	-344.3217503445831	-226.539910990993	0.6194869185963777	1.4806227175619697	1.8323627248721244	2.4475093200849622	0.023859169105955456	0.9829338915488384	0.019626553142612014	0.001310131733622488	1.3415885942339527	-759.3733362973005	15	37.19448761580047	
530000000	-3382.7732012425377	-2661.2031528128846	-721.5700484296528	0.03646562483994253	0.8954612970935517	0.6205239578492301	39.725029982421106	-1023.6800687943403	-1065.454865348632	-349.41123425328266	-222.65698441662954	0.6731049441879359	1.3260883321738264	2.212133266765013	2.154977854026105	0.03255866285351013	1.1553639747563011	0.024636428507622408	0.0021821362507095576	1.4441729347723304	-720.0634066509525	18	37.0604267973891	
531000000	-3413.2377712678913	-2668.889012400492	-744.3487588673993	0.022158691760016294	0.9220886210993855	0.6128315120765788	38.48610169244271	-1042.198714896307	-1060.7070845178985	-334.17942639596475	-231.803786590322	0.6634075668969965	1.3413359379137293	2.021904222449326	2.5349003984472946	0.02904431954886067	1.049802386794102	0.023140537041492347	0.0018731570082146805	1.403869692409944	-743.949770648475	15	36.81456142663032	
532000000	-3381.8029775664054	-2679.4295993763335	-702.3733781900717	0.02765970701254476	0.9157877874492851	0.6289073374913141	38.86562925082311	-1042.0050407358035	-1066.6965372119573	-348.38753973904545	-222.3404816895274	0.6766787589785158	1.4670944052696513	1.3592941668787333	2.310489139943686	0.033914158720294914	0.946959167112855	0.025440540038909287	0.0011664807460358665	1.1062835831787592	-701.48854909904	18	36.678854003744014	
533000000	-3378.63803058183	-2668.68238220367	-709.9556483781604	0.05058256643124908	0.8260463023623992	0.6541908674619786	37.6599479532591	-1019.9858464830022	-1066.1117031178287	-347.66965290879824	-234.91517969404106	0.638244438945375	1.4683665426281203	1.9102804342443773	2.0650660164572714	0.036855254825938176	1.0842056726973475	0.0254497542778627	0.0017447571915412475	1.1938703328833968	-707.736307494298	22	37.01637012891109	
534000000	-3375.618780511482	-2674.2004055343937	-701.4183749770881	0.05870544532209194	0.8139885133168481	0.655053390558859	38.004534645327915	-1026.5468502639014	-1072.0843729397723	-346.1069775043636	-229.46220482635667	0.5722862173883749	1.463448120924311	2.108451417113523	3.0157388013535598	0.027740071073887273	0.9274769656135969	0.02513630058199342	0.001630429270058994	1.266529762050954	-700.4304474381466	17	36.771347951099756	
535000000	-3423.42997831748	-2697.05517255291	-726.3748057645703	0.0793480731351616	0.7418832910767892	0.7119309799972325	38.653055946171094	-1044.8661076290425	-1082.0565602531638	-346.80156011673586	-223.33094455396815	0.6597320297872955	1.445283624711772	1.7382235548625915	2.165647590626085	0.027793369085211187	0.7672366604665823	0.021931341142794245	5.803318497329749E-4	0.8645797159651366	-724.571458731394	21	36.290581959685014	
536000000	-3447.822226249193	-2721.314127158919	-726.5080990902742	0.0989884099413093	0.7182146036594985	0.696062344125194	38.85337164128689	-1039.179168822313	-1089.7428516638288	-357.442730612574	-234.9493760602033	0.6160229773434013	1.4418481360214885	1.8575431064042829	2.8182297700746295	0.02681747655139504	0.8644875687174917	0.022210126827172914	6.960366799616688E-4	0.9868933936737063	-724.4478013603243	17	36.90786219325747	
537000000	-3414.4395331691994	-2694.530039120697	-719.9094940485026	0.044011418607432726	0.8546903602217493	0.6746010849844302	39.45866553379154	-1032.216900216165	-1077.7221228066828	-349.353412225164	-235.23760387268504	0.5906674402837103	1.5255903265681348	1.8987610453504924	2.474173866133126	0.030296273255032216	0.8178922153807481	0.022528482790615815	8.571164150473127E-4	1.012109994246557	-718.8239014681744	19	36.64508057925366	
538000000	-3426.627003529745	-2692.0131967404527	-734.6138067892923	0.019700526315390803	0.932757010650307	0.615947984778448	37.20008646644733	-1050.2939595751236	-1074.2150119420182	-340.7585840833978	-226.74564113991357	0.6184871192416452	1.4429698705796143	1.9158444630609457	2.659288088835768	0.026669738105089984	0.867616286062584	0.02129756750213288	6.186114417128433E-4	0.9712541700755667	-735.1471850637424	17	37.19079762663137	
539000000	-3389.2036872039143	-2674.3473236427203	-714.8563635611938	0.02903294301328381	0.9064539438514245	0.614565919949184	37.38963215501859	-1031.277058058199	-1072.6616079859944	-344.84070824913886	-225.56794934938807	0.5447022724754329	1.508312188605966	2.2690576613259172	2.85499621819295	0.034365318783729996	0.9467444800115801	0.02556287223228918	0.0016961857243614428	1.176559085845761	-714.225834388702	21	37.164391969528566	
540000000	-3412.794715377591	-2707.5116373296623	-705.2830780479286	0.03949889286255138	0.8757477172865541	0.6895270357639621	38.3320631572419	-1035.7612074214821	-1088.9358733554834	-349.46076688539523	-233.3537896673015	0.5820239000165051	1.5378215112848101	2.085783706061802	2.201030812515165	0.027413681840951738	0.73884086078411	0.023982724240781687	5.917556518758997E-4	0.8778208422052463	-704.7011407586426	11	37.49603446706679	
541000000	-3388.144397656106	-2680.745765216858	-707.3986324392476	0.02836160205399126	0.9042102791843726	0.6501157822690077	37.89192664942691	-1035.896161025051	-1067.6507041917614	-345.698921434774	-231.49997856527182	0.6004792997578332	1.490947244350917	2.179067194024449	2.10900051590033	0.032405308600913896	1.1791163716326059	0.021647948555006735	0.0022683043852709766	1.5082859072800356	-705.7597298117521	19	36.57039451314302	
542000000	-3389.8475658494363	-2672.6993725951615	-717.1481932542745	0.06443258818444036	0.8183536174166786	0.6165517198092536	37.47392791411817	-1024.498888664568	-1081.031394194809	-342.8784058206013	-224.29068391518277	0.6263421039871793	1.3948472693938345	2.1133446983917428	2.5975213775137247	0.02794342301423692	0.8751973592415629	0.022792283522113283	0.0012669363797504205	1.1482105589413867	-716.786985175037	14	36.11545879466867	
543000000	-3440.525150519641	-2710.3640380474535	-730.1611124721877	0.030861820306317952	0.8873366216959753	0.6761582791581296	37.445139700472694	-1037.9415567876244	-1094.1685732932606	-352.5875677468647	-225.66634021970373	0.6040973995987072	1.5172602763409782	1.6497811922469061	2.729689834123864	0.027731062601852586	0.8855821899828281	0.02228118598151329	0.001145884580584493	1.1556156623343194	-729.5062740112738	17	36.30376257008321	
544000000	-3388.8838158705057	-2673.5234719619903	-715.3603439085153	0.0430762873396849	0.8495313479717334	0.6768338413333108	37.432127277177294	-1009.8197877585676	-1084.0639167612076	-347.04292197958455	-232.5968454626302	0.6323634856470569	1.4559241139094283	1.8714313322847025	2.3567719160230456	0.02672171827767451	0.8661895753328813	0.021183854747856112	6.95229811577428E-4	1.0072073831104145	-714.6506554376865	20	36.67786083462918	
545000000	-3435.762057197761	-2688.0428077380866	-747.7192494596742	0.04738100095413054	0.8412786880168284	0.636003079833765	43.30991216189151	-1035.1031492111701	-1079.4321103897432	-351.33055251976805	-222.17699561740514	0.6517899813138922	1.3354880484157834	2.142519860359087	2.5971881636657845	0.026709041467372324	0.9286217888848003	0.02057214384284191	0.001108382728556609	1.2051216024868874	-746.7128160951635	14	43.071506241079	
546000000	-3397.1228278977605	-2689.746653512155	-707.3761743856059	0.03824863169437604	0.8748387280189623	0.6959570930246464	37.40209508946731	-1012.3832279084003	-1092.6272033639525	-358.9304826383488	-225.8057396014533	0.6288736457762827	1.4384501429786696	2.0330290272831113	2.297548645697336	0.032620551083409235	0.9515314952309316	0.02614601903961986	0.0017702620483305341	1.274323632397813	-705.6133729966136	13	36.82519277591202	
547000000	-3413.204244926772	-2695.7413321801455	-717.4629127466264	0.017082569735879877	0.9429548913994541	0.692559136534854	37.49130411047058	-1042.5684976996854	-1069.7096251561493	-358.6698797424927	-224.79332958181777	0.6575754138259181	1.400448880974304	1.688292561170631	2.697515226490429	0.028398526914945436	0.8722344831915476	0.024632637367474387	7.502501061994988E-4	0.916036928962612	-716.7650046040819	12	36.70996896147171	
548000000	-3379.7873433069462	-2686.267842648439	-693.519500658507	0.05893311579024518	0.829000608161924	0.6871607787882063	39.49827326444573	-1043.5694008392627	-1061.1380831869544	-360.2274359995893	-221.33292262263225	0.6259664292658874	1.414248777832918	2.046401120707663	2.5471968822136857	0.02955952961433949	0.8270540425258777	0.025320966166598506	9.88152501223489E-4	1.035290966505771	-692.0550938026299	18	37.09956676189579	
549000000	-3454.6788916277965	-2718.024778076544	-736.6541135512524	0.00243742629794674	0.9918874303504411	0.5442677476128139	39.41858979408985	-1039.7139292239237	-1095.0130757519814	-353.076091070484	-230.2216820301544	0.6239205014817415	1.344372567054936	2.1963717448813846	2.952506814810226	0.02353617747081275	0.8721655133183882	0.020955453837592796	8.873423026437222E-4	1.1581118017414982	-738.2617449301702	15	37.17986618175175	
550000000	-3422.889654861012	-2703.048360097199	-719.8412947638128	0.05156988257125939	0.8436727302244593	0.6241010978833311	39.80348391006207	-1036.0974340415514	-1087.9457941913174	-345.8791443088322	-233.12598755549803	0.6640959210830539	1.387954765776858	1.8879874005245114	2.3366066565124783	0.02753281864184411	0.8270421612671659	0.020842463554992956	5.769099474753586E-4	0.9138999023820932	-719.5371188864187	18	36.90049786252855	
551000000	-3431.296753818455	-2703.4895291095727	-727.8072247088821	0.03349369038845158	0.8950202053955801	0.6323554185156967	37.586543919771124	-1041.295312424729	-1076.8957855279189	-354.27000333562825	-231.02842782129682	0.6436233862272543	1.3783184164808486	2.284993955430197	2.117550491351825	0.03027149984610034	0.8926652538016999	0.026742174994506446	9.477854640385693E-4	1.0481130862560608	-727.449238772192	15	37.19440419809067	
552000000	-3372.4470361717263	-2672.048159616986	-700.3988765547402	0.026661303051574728	0.9101194568743884	0.6480251893618371	37.88794153640816	-1032.8388894256111	-1073.1023050916679	-345.4064930869689	-220.70047201273835	0.6070050670231422	1.5088102983622174	1.7800442845201685	2.5225335433901575	0.02925964102043235	0.8328789173594778	0.02366770351498742	8.192166016385746E-4	0.9736775116156813	-700.1984289017627	14	37.00390346705987	
553000000	-3418.252779679939	-2691.1858629993485	-727.0669166805907	0.007005596850346768	0.9779308671277579	0.5929838960777877	37.52746364951538	-1031.252114941702	-1075.1778716576018	-353.902491427925	-230.85338497211978	0.6348099782186462	1.4319060560259906	2.1356795919624365	2.064016623677643	0.02692303141349895	0.8949949492416998	0.024721332155461052	0.0012732957836825156	1.204679294209659	-727.9322652474893	17	36.71449452602232	
554000000	-3378.950948299791	-2669.2227788855303	-709.7281694142607	0.05035383569370467	0.8456732719924887	0.6422003900878992	37.54622608822041	-1016.9293165149948	-1072.1226013429375	-351.63329885780036	-228.5375621697972	0.6409374727017915	1.4283366241265247	1.974980432083269	2.260942645381595	0.029465600350920017	0.9124475518286261	0.023579477618636224	0.001375859770346626	1.2285829343574708	-708.9879823644965	22	37.19466489582412	
555000000	-3385.666763781749	-2673.227515481108	-712.4392483006408	0.05245925173211341	0.8311792346903196	0.7009649772446046	37.72762061453118	-1019.3991325735049	-1075.5406842521884	-347.8843551971018	-230.4033434583136	0.6556113794957806	1.400213998675377	1.729731469100782	2.6644277305754613	0.025138434116452942	0.8793836670411335	0.021345558447876365	8.622135195241265E-4	1.0593454117263863	-711.2749137999026	23	37.01889000504465	
556000000	-3390.1055923692425	-2695.541517740452	-694.5640746287904	0.011240855873200863	0.958883049974992	0.6844231739059964	37.6232695677503	-1016.8964151246787	-1086.4582769352076	-363.75797747467107	-228.4288482058946	0.6033855268567057	1.377998175318796	2.286313731249388	2.882642382167062	0.02768319198829982	0.7301410037241557	0.026185971006016346	5.940377924615691E-4	0.836177226897947	-694.5976264388561	16	37.4807841978965	
557000000	-3403.7158928074955	-2687.0719609098755	-716.64393189762	0.06263086068204321	0.7774697823892913	0.7108896055705921	37.5611307260792	-1037.5013011058193	-1069.6703462444689	-358.29100242339257	-221.6093111361946	0.6131930337923572	1.3910678111922192	2.397508920214528	2.384081446839868	0.028782431671533455	0.8322099492180628	0.023243980596119568	8.86973540347665E-4	1.0197628262590115	-714.9332259044703	17	36.96949890243659	
558000000	-3416.437943169973	-2693.4894003129903	-722.9485428569828	0.01339304951809746	0.9517932791704627	0.6532624888103465	38.44464224263511	-1040.7309150196331	-1072.5380626445826	-348.9737688336576	-231.24665381511724	0.612447215366293	1.5421162788576173	1.951812911738007	1.818783802780395	0.029280166133537323	0.9300695786402766	0.024412248336373038	0.001112573417515912	1.1207254107090614	-722.529416375578	20	37.15299548217725	
559000000	-3401.4107212835543	-2698.360812584243	-703.0499086993116	0.08074170980529109	0.7760951922180436	0.6068782129195603	38.720346658431254	-1039.03872273828	-1085.1067834075216	-346.09715052857865	-228.11815590986237	0.6025034299645278	1.5586127694749143	2.0886668673620186	1.6197528875162281	0.032590402867248985	0.9153170700077854	0.023384035864433043	0.0013752501460083423	1.151019939590842	-701.8211445776228	22	38.452192615691025	
560000000	-3416.804791396441	-2700.2551819318505	-716.5496094645903	0.04406076078147159	0.8539041782584676	0.687217603516307	38.08354980486235	-1030.2104010141018	-1101.734014299731	-343.70289197264015	-224.60787464537762	0.6401412040485661	1.4851130895290274	1.953584320196637	1.802526756971874	0.03183285605613762	0.8383107660347823	0.027431495347565803	0.0012670016925100745	1.11129071174824	-715.1914755364105	23	37.82085837607201	
561000000	-3408.055835591198	-2690.581510008747	-717.474325582451	0.0213240143239567	0.9350850691178813	0.6201102870236048	37.1002596011298	-1031.3249400325878	-1086.1479832045188	-349.4161873136876	-223.69239945795292	0.6497416657191708	1.4022876071578185	1.796484285166726	2.640472387873594	0.029245150908127814	0.9583688058379732	0.025399761706357646	0.0014877752345111312	1.3120730325466128	-717.4180256918706	16	36.6953908601556	
562000000	-3406.812371018851	-2686.1218795757595	-720.6904914430914	0.036929755827800684	0.8636512332097751	0.6701351956043187	37.068897646102194	-1028.729161042163	-1066.0200631025746	-353.4297599492004	-237.9428954818211	0.6869237514480221	1.2603185670402677	2.28292686886829	2.3604595986056687	0.029968246925188277	0.9024190889002214	0.02207020300432846	9.085770877301066E-4	1.041468908358472	-719.7872170991977	19	37.031653310807236	
563000000	-3419.7932001037316	-2683.5033108048874	-736.2898892988441	0.008485423358212637	0.9703720847087863	0.6180430431170504	38.72999145308966	-1040.4630570359573	-1077.3907251192927	-339.70214165535845	-225.94738699427916	0.6187548294877304	1.4424373877276042	1.9307185731018528	2.6329642472564045	0.025894293264499015	0.7691876312914361	0.023982044706700078	6.156888774813833E-4	0.9073007976503904	-737.210958954424	18	37.65238738264933	
564000000	-3412.747886297927	-2667.1316911831327	-745.6161951147941	0.018748269457105893	0.9314808560507623	0.6303460336045376	37.39717134395039	-1026.9039603568167	-1063.7142869384945	-349.7939099251679	-226.7195339626531	0.6234755323076561	1.4136543772333585	2.1581455949735684	2.4043206998505213	0.023318697962793646	0.8790362606488056	0.021220034935029244	8.063411496862953E-4	1.0874888414881931	-746.2274374532116	19	37.19293386461017	
565000000	-3410.8128764786734	-2690.3843206337947	-720.4285558448788	0.014529201136329517	0.9556977511883984	0.6200274625929416	38.29162129129915	-1038.735149938569	-1070.674705006098	-353.8201574235912	-227.15430826553603	0.6088066131178046	1.471164246872596	1.9673570700442862	2.4993212563307763	0.02499684517164627	0.8446821167318371	0.022464085386322188	8.202876255198375E-4	1.1067982626353057	-721.1177758311634	23	37.751473830125015	
566000000	-3399.125908166737	-2686.179796210797	-712.9461119559402	0.04862975415885941	0.8294354751107562	0.6894216017632248	37.90089343647447	-1043.682585356368	-1077.4840675385956	-337.09461737863023	-227.91852593720355	0.5738989791817045	1.567581524931973	2.273589255639867	1.7589044737900574	0.0314563166906991	0.8557977553025121	0.024288970671428087	0.0011787564288053857	1.0718938114089307	-711.4658569932467	17	37.19255356243385	
567000000	-3446.7479592395675	-2697.0303730755704	-749.7175861639969	0.032925826801576616	0.894766423650334	0.5963736559124708	38.94500050255517	-1033.2867884259108	-1082.334123316771	-357.12779919487633	-224.28166213801242	0.6844229328690974	1.3180918129894823	2.1285669581485465	2.158145781821786	0.028632487291901564	0.9210688203729187	0.020280081696129316	9.340677909398796E-4	1.129694193487802	-749.726659309117	12	38.246235459003856	
568000000	-3382.462666967719	-2662.8509741671164	-719.6116928006027	0.03115441661183121	0.90925614161642	0.6224966110711223	39.43269209529078	-1031.747744552861	-1065.0779665979162	-341.14693042014693	-224.87833259619217	0.6860577851542219	1.424924251596593	1.7222060685142024	1.8767231978004721	0.02757961297001455	0.8864959337567571	0.02453749953818039	8.803019588177359E-4	1.0118964156944312	-719.5145078020262	19	36.766413423193086	
569000000	-3382.820644020953	-2671.5796329114623	-711.2410111094906	0.009213326102863257	0.9702548974450734	0.6147418649462584	37.50548134457001	-1022.2424248359231	-1074.2336817864073	-347.7332043948863	-227.3703218942456	0.6696959559546751	1.3672797471794866	2.0070338186400267	2.207949929625605	0.03490396569418543	0.9953058982116268	0.024514372527575365	0.0018522217956776952	1.291633346761559	-710.7174600580666	19	37.31336956717725	
570000000	-3399.018100743739	-2679.038364861256	-719.9797358824832	0.03405361753737368	0.8772652764962485	0.7265333216648584	37.472507058287775	-1022.4482818512926	-1073.3849187220933	-351.8518529367483	-231.35331135112165	0.666506436293652	1.3647560524701694	2.2272786827478965	1.9058355433800986	0.02896602259332629	0.9022285112492076	0.02159577695970644	0.0010121073358424313	1.131251040434639	-718.2505746051771	14	36.322973661359114	
571000000	-3394.994100415253	-2685.0534263161376	-709.9406740991153	0.034152468005854725	0.887997384749168	0.6697845622111469	38.73368783304333	-1034.7998647443387	-1081.8635851350373	-339.00810925593845	-229.3818671808229	0.6162653356252196	1.4895324610559384	1.8877626015311342	2.331581920937749	0.025619116154923318	0.803789420233778	0.0218454630576984	6.751263796477924E-4	0.9773627044837867	-709.6624152257557	18	37.872007720391785	
572000000	-3399.7030728331524	-2682.479243758796	-717.2238290743561	0.03801631317371081	0.8745715430922895	0.6905120859769375	37.372641025816684	-1019.8628906364033	-1080.4515482191343	-354.00928451964495	-228.15552038361358	0.6300445678851059	1.415464910481177	2.122989307632313	2.3247377274956404	0.028803734949026404	0.787035120483518	0.02504896411876413	8.705081450879541E-4	0.9864172127953882	-716.4539070474619	17	36.5729047277351	
573000000	-3406.9335889037065	-2680.1969987552343	-726.7365901484721	0.022389760923791382	0.9172146061435377	0.6930962151581626	37.26900465765039	-1037.3823964432474	-1070.085762153138	-346.226885335374	-226.501954823475	0.6580553165874344	1.3967457879311858	1.8222739581340264	2.4872574667233196	0.028563709689954978	0.9244029168018446	0.02606805677744842	0.00116333982585539	1.1300289591103727	-725.7767229189119	20	36.88185181858764	
574000000	-3444.025053330234	-2684.3628734062218	-759.6621799240125	0.05303937551427107	0.8324358275962553	0.5837633111455289	39.34779447100058	-1022.5654642941697	-1075.1198373546365	-360.3835730927966	-226.2939986646189	0.6115264076044907	1.5508305939746652	1.7274696569160557	2.150451010139425	0.026325087704096407	0.9092983657426376	0.019552286601673723	0.001027479537993362	1.1941535532603893	-759.6885842791039	18	37.16896303664979	
575000000	-3434.3593928870646	-2691.381974870919	-742.9774180161456	0.0666969259422427	0.792287573050357	0.6284431770127021	37.55955822042072	-1038.6329286451971	-1077.6857376626226	-343.6339200821766	-231.42938848092246	0.6139283389393769	1.4687702130699025	1.7515847152929735	2.80115639075983	0.026422702241360244	0.8131960323023735	0.023789377688733848	6.069177242277686E-4	0.9298631965157251	-742.7401395955325	21	37.51507090464964	
576000000	-3432.2256805675984	-2688.2878296503927	-743.9378509172057	0.01943130338874346	0.9432853976352915	0.6022367927192478	39.98644729600212	-1033.7549811998474	-1071.8844107538405	-351.8818212163417	-230.7666164803636	0.6055579636314745	1.3855849301034042	2.4584076578913914	2.4719209187612727	0.025901359168430345	0.8038565031686027	0.021250822334854896	5.905672207909936E-4	0.9182773482343256	-744.6310714677886	16	38.42327512254423	
577000000	-3414.3104138708723	-2678.3972532719085	-735.9131605989638	0.04281182556389048	0.8615424191535899	0.5928794711444731	37.49158400571955	-1026.878903035574	-1076.2738512096723	-342.93020803897116	-232.31429098769095	0.6690396655665765	1.3703029031472191	1.98578886285295	2.230389715917242	0.0265758509632083	0.8108582799854961	0.02571564098397782	6.661131896576071E-4	0.9452662199951419	-736.4882193256864	19	36.60511277609331	
578000000	-3387.564376133887	-2667.106092021084	-720.4582841128029	0.010192132609123206	0.9653293156434677	0.6242232382918533	37.35510425160431	-1040.865973545284	-1050.655543648031	-346.27250192258856	-229.31207290518046	0.6380325054750675	1.4233613533853864	2.038033780069254	2.2505711003839	0.028432588769815043	0.9680619364993666	0.02463061777540686	0.001179406973901014	1.1912487837857288	-720.551573361021	18	36.54807458322118	
579000000	-3445.820891668072	-2716.164279804138	-729.656611863934	0.03986560143513054	0.8753445879743205	0.6983549720524515	37.56540895015244	-1055.8339119657348	-1085.804423203048	-345.14604326858887	-229.37990136676643	0.6138629825104771	1.388564673078851	2.307870803434404	2.550747368580966	0.03298734646534396	0.9116397614301933	0.025065381408463278	0.0011084160431916166	1.015041322041372	-727.9038523017205	14	36.95953217125919	
580000000	-3393.8546136733225	-2700.833837594309	-693.0207760790137	0.014889747598954325	0.9525935701062554	0.6957797356394343	37.20519286161998	-1035.667158852966	-1086.7434062913528	-346.6427969433397	-231.78047550665036	0.584117308206905	1.4531007947594132	2.1932865814235796	2.735612473742698	0.032858031736663636	0.904770597624342	0.024922878697222556	0.0012140780036799174	1.1070012397932458	-691.7924767284297	16	37.059660591648594	
581000000	-3389.9752846076362	-2675.0776818730687	-714.8976027345673	0.003420945438030775	0.9879230759862027	0.6273107650580478	37.766141247370896	-1024.8312452848984	-1080.1762035668662	-344.19617819992686	-225.874054821377	0.6017509492862205	1.4299487155035147	2.030419079039045	2.893960135711696	0.031590387718780484	0.8821174104956367	0.0271718892169433	0.0016112301638254271	1.1984336126170771	-714.9765698247472	18	37.06924303610828	
582000000	-3417.13753752858	-2685.5085988265705	-731.6289387020096	0.04590138484928412	0.8381210586221259	0.6289614923619291	37.09841921720693	-1035.375080687906	-1071.3570634789337	-349.51731663215253	-229.2591380275787	0.656120520577907	1.4263757840573186	1.8238360204792952	2.2546150166649457	0.027395408126397798	0.898930446310627	0.02194178233443454	0.0010468965795796682	1.147992870290452	-731.3978077939103	20	36.24621115065738	
583000000	-3422.033304260864	-2704.153040688085	-717.8802635727787	0.005291493197052312	0.982299155570526	0.6206654890192901	40.28657592610785	-1033.182022972396	-1085.2254957874418	-354.8714771420866	-230.87404478616082	0.6463976548177172	1.4272389706698627	1.891471692472	2.3132183606084027	0.03084332512845045	0.8667196055430907	0.022943361798040598	8.674187519388294E-4	1.0274972790473313	-717.8737939647848	19	38.64838512826267	
584000000	-3418.84309633771	-2671.8236007382225	-747.0194955994874	0.010733840405937676	0.9586796418536018	0.6359031510108538	38.129216828743246	-1023.873856699446	-1065.5608386337037	-350.67423569263127	-231.71466971244166	0.6427805052154856	1.3710755788095823	1.976809432542787	2.738073684669424	0.02728291172386555	0.8280729438465093	0.021866517374145123	7.41479824169912E-4	1.0127251435779698	-747.4203405328353	21	37.11182507235345	
585000000	-3382.237194323867	-2662.0479766394274	-720.1892176844395	0.015713342603552272	0.9435769625534142	0.6818230789450351	38.26640343082159	-1023.0589251633429	-1065.826398073344	-342.7333712045017	-230.42928219823915	0.593359858057492	1.4440680245803148	2.0004204551451683	2.9788146791804815	0.026058469864601596	0.7789304120257494	0.021211225363948354	6.62568085924906E-4	0.9425826178629864	-720.117843299136	15	36.6590963354516	
586000000	-3425.6683628149585	-2703.3590082751484	-722.30935453981	0.03220052543885091	0.9000717809771995	0.613392131842854	37.52216531988927	-1043.5491108950716	-1071.765108304996	-356.41039362528835	-231.6343954497924	0.5947973012814834	1.4526739231638364	1.8793449034233265	3.0859323861862156	0.030283244889041133	1.0082925354702064	0.021856074166631358	0.0014707797875227948	1.3193299634114857	-721.853297513306	23	36.65660133798417	
587000000	-3406.791480181202	-2677.906176568319	-728.8853036128828	0.03773735025431369	0.8801566753921842	0.6278426683595162	40.98243721830355	-1042.156334762446	-1066.9020050901993	-342.8171259234529	-226.03071079222136	0.6814860017265357	1.3256607425805518	2.0101352732156874	2.353082555843131	0.02818350540479073	0.8530662033079001	0.023906748263220905	0.001184776677868347	1.1581906797509385	-728.4904793818442	15	37.069526671781915	
588000000	-3400.386915262897	-2686.6464302324084	-713.7404850304889	0.03261522011048283	0.8952221033337455	0.7016004713356513	40.668073666426935	-1028.8487009004098	-1076.4066431894003	-352.8360562296167	-228.55502991298178	0.6003736953765727	1.5216130959547585	2.0917139459777037	1.9878825187910882	0.026928624829839303	0.9365575597053098	0.02458990805602939	0.0013227114296911944	1.2704732552851865	-712.2502750198583	16	36.81130175411994	
589000000	-3387.955770586772	-2683.61605695545	-704.3397136313222	0.036266665545096013	0.8941640757249474	0.6342222255233422	37.57730901304178	-1022.928410796672	-1084.153659099284	-343.54033884787304	-232.9936482116208	0.61590400869748	1.4593937990513037	2.191522905181855	2.078114559217675	0.025570189961528544	0.7746064881797692	0.022580344015810636	7.247849731680372E-4	0.9587965214332813	-704.7471938625047	19	37.00654590685566	
590000000	-3425.378055455917	-2680.665493600604	-744.7125618553131	0.004599307455859407	0.982746877229979	0.6534023988888594	41.94489550263848	-1023.0680637350157	-1072.914283575015	-360.00651271014544	-224.67663358042824	0.6816840330202127	1.3445279094639475	1.7204155783711312	2.6865249252907177	0.025517215449214658	0.9483050967097645	0.022297552016102624	8.9815469550177E-4	1.1606698799047277	-744.3773549058724	14	37.14355241674645	
591000000	-3408.2789532674306	-2679.511439827447	-728.7675134399839	0.019043670071181244	0.9338130260339123	0.6456647635892439	39.64430023291448	-1033.176172465278	-1073.4390612226653	-347.52404222573875	-225.37216391376495	0.6415147077017854	1.3477370538115219	2.120545201188023	2.720632967283081	0.02629397748635806	0.8404500624383683	0.02181583086160946	0.0011563292211247199	1.1638630637967413	-728.8025143610424	16	38.290029135232224	
592000000	-3380.549037634862	-2685.2521738146675	-695.2968638201947	0.012859272876258187	0.9607093890788172	0.6761662531700744	37.18911704596811	-1032.2057439998664	-1078.3082715859869	-345.9474469954623	-228.7907112333517	0.5896232342346318	1.4719185972121875	1.9311861378834916	2.9203154333358614	0.03329798508489295	0.8953759714311057	0.024638706689916006	0.001258659001519469	1.0583806963137692	-694.3984144072215	14	36.66754650710368	
593000000	-3392.904405205645	-2676.690640913256	-716.2137642923892	0.022727426338727943	0.9126577085266745	0.6798338538958106	38.59610480006365	-1029.722829192012	-1074.5740461167013	-345.7407414507554	-226.65302415378775	0.6239891660164633	1.396083426872639	2.195722233614314	2.486941095008058	0.02555637312815327	0.7856703581274705	0.02283290567614366	6.978770487890114E-4	1.012547168364749	-716.0386891667737	19	36.72553608851457	
594000000	-3377.96915867988	-2681.267612203094	-696.7015464767858	0.07458719688845543	0.8054858069057825	0.6229648331134616	38.985761024256206	-1038.129266161417	-1072.9622337768758	-342.00765420637583	-228.16845805842502	0.616649233442891	1.3957497867802553	2.5504365339278534	2.0086525491886573	0.029559885211105606	0.8930528585336956	0.023059834128025918	0.0010685597995026878	1.110944414853352	-695.744335270708	22	37.091287302585116	
595000000	-3407.5147516878246	-2696.46471682084	-711.0500348669848	0.08945731075296726	0.7903718015684729	0.5712190599783104	39.559003671791444	-1027.7681080133978	-1098.9777620185694	-337.66281497921887	-232.05603180965383	0.6138373756559897	1.5933960481689124	1.6244997550090439	1.9036508577498072	0.03113256067491051	0.9544523832647358	0.022463415558400576	8.559067837789363E-4	1.032887694265791	-710.0495617571255	19	37.09311897774603	
596000000	-3393.384437488793	-2671.394201232775	-721.9902362560185	0.022832393749797158	0.9244073715976804	0.6287484518144185	39.026863641360166	-1023.3063397293778	-1066.5320238491377	-352.64493585256076	-228.91090180169903	0.6423543145551087	1.404073187895666	1.892543778417727	2.596657720160567	0.030511094616790704	0.9930544194790822	0.02353871311876328	0.0012482325472174323	1.172554652256836	-721.3644127700302	17	38.53766479707151	
597000000	-3386.8137058073444	-2668.979477552678	-717.8342282546665	0.009900845749050381	0.9655317983377432	0.6892144441144538	39.47271009722391	-1036.7896129227638	-1062.9648581494014	-342.2388291372044	-226.98617734330878	0.6693422871249205	1.469338217141412	1.619346221583982	1.9745967025815228	0.03572370729436568	0.9476718522527982	0.025661478433220548	0.001169717443831291	1.0087354096119237	-716.1292889218668	17	38.92814182547021	
598000000	-3403.1484370450225	-2672.635356152799	-730.5130808922238	0.013710605665153811	0.9492451885244064	0.6369093690981513	37.20189850996276	-1028.4320819309678	-1072.9539399991756	-339.7793942081391	-231.46994001451685	0.618577461382151	1.481440265064436	1.9424077707415806	2.264852249361111	0.02748269366255677	0.7280014209794584	0.025777249245310344	4.8792447327047407E-4	0.824346689419498	-731.2504167972938	18	36.13559461391639	
599000000	-3405.5443340976126	-2671.891088649541	-733.6532454480717	0.011294134612714491	0.9618680160769191	0.5712801267588073	38.86797928121696	-1040.415118887241	-1064.1729577926112	-337.8344649401497	-229.4685470295389	0.6438831940673309	1.3159346971574744	1.9226314157574493	3.3082020607275293	0.026115832006795077	0.9788887250446675	0.020441250757413213	0.0010221892227259366	1.1987174490615802	-734.3502662475412	17	38.64941222980636	
600000000	-3412.2624500155753	-2682.7867218687975	-729.4757281467779	0.04529745687095857	0.8665712703991868	0.631723834428458	37.77938724706288	-1045.702519112781	-1071.031247024054	-348.0862258607174	-217.96672987124532	0.6273653411556548	1.524299706519586	1.56235590225005	2.377238330428347	0.03565967252442342	0.9440970725846117	0.02646898005103181	0.0013480220331628788	1.0693996588890473	-728.2124497634743	18	36.951773923230576	
601000000	-3398.185893058632	-2692.6910833206575	-705.4948097379744	0.020976447853117676	0.9359500810725605	0.6578448041905183	37.793744115707106	-1030.7155530604655	-1086.8716650321971	-346.2849811754573	-228.8188840525376	0.601666541639935	1.5289263016450056	1.8261498341486155	2.3622367842757357	0.02724727585235697	0.7763316733234182	0.023831568904514294	5.30985381570999E-4	0.8979418771170863	-705.645907772796	18	36.763372082089255	
602000000	-3429.2992104295586	-2715.1110089574427	-714.1882014721159	0.0026030148265229593	0.9914582842723182	0.6596926256137602	37.35624513347503	-1042.7791777834368	-1091.4470300361172	-344.1477112095004	-236.73708992838823	0.6916749174554254	1.2715157633645913	1.9689666471262215	2.718843065594331	0.03041740900950222	0.8237070001692487	0.02250585422184922	6.232996023671743E-4	0.8808966704113702	-714.1951702158325	16	37.32323965783365	
603000000	-3411.2876900523765	-2678.679274939293	-732.6084151130837	0.022326246828866952	0.9277328668513055	0.605709910685436	38.663146584797026	-1032.901786222946	-1070.92059030929	-344.73919421311274	-230.1177041939446	0.6063801651482609	1.450603686256838	2.08355677925658	2.5271193221720734	0.03134831862453993	0.8947641079235554	0.024702997590523666	8.996484766603925E-4	0.9721266649632904	-732.5287847196411	17	37.331036700366774	
604000000	-3406.4116669597965	-2680.1733101909904	-726.238356768806	0.05427696130448276	0.8355382662661982	0.6203446157618813	37.86647975859712	-1059.0305904612944	-1060.3751598679928	-343.4535550472634	-217.31400481443987	0.6496978239711639	1.4292886590584695	2.0000957537103914	2.0419758440280242	0.02952858697916125	0.8484488496877826	0.021655689392889796	9.356220698458677E-4	1.1107821606150414	-725.8738034937033	12	37.447369311911416	
605000000	-3393.887813656526	-2676.5236823654386	-717.3641312910873	0.01133460118421258	0.959720764106662	0.6489967420814967	38.313000433273636	-1035.572032959069	-1069.3233420469553	-346.2867851910571	-225.34152216835736	0.6363616676282754	1.306640410694928	2.465347338398794	2.5850067766101086	0.03343462980705361	0.993622563567792	0.021070411550832762	8.613067415663829E-4	1.0081741295431554	-716.4384063296798	17	36.55551062113523	
606000000	-3414.4786083649797	-2685.6703272554923	-728.8082811094871	0.019337101835510004	0.9265968916819519	0.6700681010662191	38.355507410740266	-1034.5899991591668	-1077.7052499757867	-347.5221611430723	-225.8529169774663	0.5852018722408914	1.546202582658454	2.006179066922722	2.204527816381877	0.03299512312341873	0.7619933720834238	0.026811599879626686	0.0010814399179783342	0.9719851240178493	-728.2139898520444	19	37.42303425586006	
607000000	-3403.696904566111	-2681.966958244516	-721.7299463215952	0.0719541491441571	0.7741548070864425	0.6461005130214827	40.83013975318994	-1029.321581920067	-1073.8987950338258	-359.81143170853454	-218.93514958208848	0.6700549863009309	1.3249184368714098	2.071438533391379	2.469671895004385	0.02844711212021092	1.0166317313345354	0.020898413841084377	0.0013211253284639095	1.2839050472440312	-720.0052499625377	25	38.782302666430674	
608000000	-3406.837312642142	-2680.2745031079535	-726.5628095341887	0.061825027775378655	0.798242948470192	0.6613708715774749	37.2677581930484	-1036.0189615089932	-1051.1437756247187	-355.7699493403208	-237.34181663392127	0.6079884656085138	1.49905474235325	1.7539348886451194	2.637340417129669	0.02949903934383429	0.7979330140377172	0.02711488100279104	7.121319303322086E-4	0.9443232226807853	-725.7393149412295	16	37.19151817123338	
609000000	-3437.215089575652	-2685.3292651826814	-751.8858243929707	0.029054212166025196	0.8974552077468331	0.6275557323086541	38.19277525985091	-1031.8274107588823	-1073.7174084041924	-352.0908137450475	-227.6936322745591	0.5742482165196411	1.440471943451703	2.394948330972998	2.683876815858385	0.030710889536747416	0.9044050877895254	0.023697234010930514	0.0012136110303832	1.2436508191003814	-751.5057271642781	16	36.2516233693337	
610000000	-3399.78299456235	-2676.7685097359554	-723.0144848263942	0.008236102181741176	0.9726357210730655	0.5747286458471318	37.48292752796263	-1044.2064970510755	-1067.4835942421869	-336.0851666037561	-228.99325183893697	0.5967679955437531	1.5999291951271128	1.6582319647772668	2.110139390164091	0.030696148252576206	1.0682447398786565	0.02436816414927281	0.0013109524333509489	1.1978839471290355	-723.1533837477458	20	36.31491421298127	
611000000	-3392.0166944663843	-2686.583898469996	-705.4327959963882	0.01143429740458141	0.9580887856640236	0.6634882369683225	37.97077464498892	-1025.9193689490482	-1074.7104004805253	-354.70418206918293	-231.24994697123927	0.6118294790926877	1.4486966767347158	2.1268015341644944	2.3650671218382255	0.03227946685148744	0.823272009935359	0.02988044544863574	9.959286392121674E-4	0.9689175838507893	-704.9870578955876	19	37.04296721521691	
612000000	-3408.65998507682	-2692.9480053299485	-715.7119797468712	0.0225994158046472	0.9248375028963722	0.6342030818109453	38.5483659652273	-1050.0012781090054	-1070.668583814115	-346.73429347461	-225.5438499322181	0.6324997690532648	1.4997161766562932	1.8300109050588	2.0325397142279886	0.02364764909250059	0.8282321532591745	0.02192965148882815	6.906984658573423E-4	0.9814325583609967	-716.2302374205834	18	36.50319863514801	
613000000	-3374.1093230314464	-2673.0177347107	-701.0915883207465	0.04421341962629849	0.8722091155156795	0.6217710225696651	37.65655359453012	-1030.8048684319235	-1062.6740461073077	-352.0374634417144	-227.50135672975415	0.6390682572423532	1.447309009691872	2.1199252328388942	1.872052867699904	0.03105151448126118	0.811792710512567	0.025538831011033818	8.92214029444324E-4	1.006763525729191	-700.8704162108129	23	37.137346049209874	
614000000	-3394.0279118552235	-2684.1681819953924	-709.8597298598313	0.023082930680415312	0.9279510736040674	0.6322552199818563	37.47429943932171	-1028.2638716507142	-1067.1394540261574	-360.4211160712806	-228.3437402472402	0.6259011041660161	1.3954383144802998	2.0963566617734153	2.6303100324189996	0.030931840548983305	0.9508442099673193	0.02390690791712191	0.0013747514047337949	1.1767701372962849	-709.43920161969	23	37.0447815405506	
615000000	-3386.2166256771616	-2670.835049902352	-715.3815757748096	0.05601722180575779	0.8313334804056203	0.6538495985680709	37.048933834757726	-1036.4133666735956	-1068.8454357523265	-338.39425872659	-227.18198874983972	0.6283475619547029	1.467785624402614	1.7763573592476094	2.4927003245532364	0.0322168985933215	0.86204917852359	0.024863349947617696	0.0014649211598014439	1.1566865885329707	-714.3274840042851	15	36.899546547960625	
616000000	-3399.7491363610375	-2694.608671523595	-705.1404648374424	0.01101086952473943	0.9637298680372212	0.6516511985521086	38.10345912908805	-1040.1757363522947	-1075.9229969673572	-348.14155434199705	-230.36838386194614	0.6418312486448845	1.2645032915831105	2.174406679016344	3.3694649632200115	0.031107102838304108	0.8675746096545731	0.025107873989330863	9.707845254189707E-4	1.0372600479932819	-704.8365404130777	20	36.917116990486164	
617000000	-3440.7993903352503	-2700.200553645633	-740.5988366896171	0.03196391176554341	0.890269434126657	0.6143977605343485	41.2517366134247	-1041.0791697686836	-1087.9873442426676	-343.75994804566045	-227.37409158862118	0.6320827835134643	1.4736061342253661	1.8168453183859945	2.29849259803984	0.02718636110122876	1.0243766935028122	0.02445287796745873	0.0010698154463815428	1.190739030272185	-739.9894871476151	13	39.59167524264544	
618000000	-3456.9207784715527	-2687.106028906981	-769.8147495645719	0.01238470298610787	0.9510531913174542	0.5795311199853788	37.84691440246272	-1031.6655866568597	-1084.2872658798642	-344.73384016107184	-226.4193362091853	0.6511067272872689	1.4257132759192859	1.746379152196586	2.491389181923716	0.023324900042012094	0.9107903553807764	0.021270189627618407	5.995641529271148E-4	1.0415197252535031	-770.9666698172106	17	36.694316405916965	
619000000	-3407.0282277692304	-2686.628967390452	-720.3992603787785	0.03727406991546625	0.8995812809907359	0.5886651960343144	38.35211703348962	-1042.1521020081461	-1072.0590130184478	-345.60135394166167	-226.81649842219647	0.603037404901156	1.4719614443763527	2.1297077249066523	2.3176477889036704	0.03056343596385476	0.9786096362752266	0.02321717581324863	0.0014353938479301572	1.2110141503596206	-720.1336320280484	24	37.19560778213179	
620000000	-3461.7862567582415	-2705.482029685387	-756.3042270728549	0.04311827219982447	0.852816289050095	0.6478614948080644	39.066087268495686	-1039.987342433618	-1084.0877861785696	-353.0361538621355	-228.37074721106364	0.6510318517676253	1.3786730878134148	1.7988801200829332	2.8242968159486748	0.02871513129452054	0.7581627175402502	0.023256835196923512	6.648310611007198E-4	0.8944641376856812	-755.9967576291774	18	37.503999263094826	
621000000	-3413.390954154089	-2679.362764293568	-734.0281898605209	0.037071646461802533	0.8771468655723601	0.6266365668399114	39.168216838903454	-1035.590973408673	-1069.859220288545	-346.5438670784878	-227.3687035178617	0.5888936743346785	1.4843387469896645	2.306346216520672	2.1658655858223548	0.03144739127990895	0.9486160063590571	0.024064492029639867	0.001259152562716266	1.1585997417337772	-733.2197089102742	17	36.757628365969445	
622000000	-3412.5630780279134	-2665.6965273334686	-746.8665506944451	0.021585548210524438	0.9317399057415299	0.6081761415778052	37.48658624963714	-1034.8749001681535	-1072.2086826644029	-338.12857909505016	-220.4843654058622	0.7075973179693683	1.298196754414809	2.1183391674875964	1.914786625744871	0.031104485249575924	1.0113429583663955	0.025005997311446135	0.0015203868327931494	1.3087761057455978	-746.5568968222217	18	37.23121632912621	
623000000	-3416.335335848971	-2677.87902955288	-738.4563062960909	0.057741416992894645	0.8276173628186482	0.5823145545427506	38.37351603319862	-1033.81927629058	-1074.0598348262652	-347.09320474986333	-222.9067136861717	0.6096645312690318	1.351445466833727	2.4758174209830446	2.6706842176640637	0.029351492305912368	0.9884174525523648	0.022045217110541436	0.001183641994145277	1.2295282699096863	-737.9956395428942	16	37.23583446563363	
624000000	-3425.1722924633573	-2690.5569377542283	-734.615354709129	0.052715032736660235	0.8360134446658799	0.6580435164462263	40.40925786219179	-1030.449118661323	-1084.644089766939	-345.9916330521793	-229.47209627378683	0.6046848808662324	1.5159054888261632	2.1391918551675158	1.874252117562515	0.03145404425611178	0.9360260034065204	0.025778433655530692	0.0010017259311001882	1.0287994248898875	-733.0492713978335	17	37.36243448433162	
625000000	-3419.5511411711586	-2662.9335277711025	-756.6176134000564	0.019680977266477807	0.9322310785444377	0.6300189547154535	38.82614315437688	-1020.1896584690107	-1071.3258978324704	-348.9049301662199	-222.5130413034012	0.6105116786797128	1.4122681514143043	1.970011012735487	2.9923454700691874	0.026008765400319003	0.8573199065727439	0.02168120256564097	8.404574388191466E-4	1.0837539108470853	-756.9037518108327	16	38.811495846881954	
626000000	-3425.3640967937354	-2670.934369017169	-754.4297277765661	0.05040287257484122	0.8178839156841592	0.630734013392201	39.109646144198116	-1012.7014810009257	-1080.7012847137685	-341.4141349191986	-236.1174683832758	0.6193314323155297	1.4328490072183528	1.9017673320107988	2.7589688900204963	0.027663147561038933	0.7832625221673346	0.02424774117030367	8.817463230185225E-4	1.0042285626613732	-754.2258472594576	12	36.27011684726716	
627000000	-3412.8430451835684	-2711.2149390758564	-701.6281061077121	0.021822867664436547	0.925600081867545	0.6634779558377454	38.139313208120356	-1038.531653699632	-1078.5681729273576	-360.9845259856855	-233.1305864631808	0.5617672996767082	1.5292434980056722	1.8034813397234453	3.157137479575095	0.02875264158923681	0.7802026520093602	0.02334018457197756	6.580502981352748E-4	0.8762784667620922	-701.4838489179003	20	37.88492919320332	
628000000	-3408.0470118197327	-2681.095462197699	-726.9515496220337	0.08563494479275964	0.7331133839060607	0.673292302701406	37.78300849179354	-1036.2676612176078	-1063.9803086926354	-352.4002780952619	-228.44721419219374	0.655761514859888	1.3547805019444383	2.1219390213972864	2.3841134127165553	0.02681717181580264	0.8375581759591658	0.021705356300770817	7.53773875028624E-4	0.9964060811557864	-725.6380757367263	18	37.099269850914034	
629000000	-3413.003679829964	-2693.6705815667715	-719.3330982631925	0.05649111387748136	0.8218323902849923	0.6802271745982206	37.97091209278612	-1039.2679067383685	-1071.5873094521785	-351.6561868606709	-231.15917851555352	0.5836309229288237	1.4715640646806192	2.0010248039551852	2.915142475304825	0.029624007705980778	0.9184213960035488	0.024509577143752917	0.0010360636607610369	1.1174267841825447	-717.863985159284	20	36.52096247570049	
630000000	-3412.4170377736427	-2702.1712333542555	-710.2458044193874	0.0777051436862876	0.7866814560882632	0.6691447107290186	39.23089660487111	-1045.366424824161	-1069.919164009523	-358.017898966357	-228.8677455542146	0.6582394462411668	1.3356393374821374	2.283764662848835	2.226108324092741	0.02847252270259655	0.7977212088887244	0.024796002841523702	7.030113413658953E-4	0.9042028647834642	-708.9862884870143	19	36.706450829397085	
631000000	-3420.1084520061586	-2683.2877400239263	-736.8207119822322	0.022220485370458273	0.9242839572754219	0.6126617814449467	37.69842381483265	-1036.5002093121645	-1071.030732201203	-347.3577820589027	-228.3990164516562	0.6470637314051589	1.4171784734193325	2.1823931920454163	1.8819947564481208	0.024565055611229205	0.700430317272999	0.021782949930144246	2.9677348606871773E-4	0.7232211606690113	-738.0281872263906	18	36.6530385125366	
632000000	-3412.7337470102357	-2714.3579082642154	-698.3758387460202	0.045369181791051816	0.8619378221449612	0.6671687409719322	38.053173323095564	-1040.0070815855424	-1093.47502431578	-354.6192079856919	-226.25659437720105	0.6056149665775598	1.5595737583759035	1.8669738641448212	1.9399475473893966	0.029095225342673392	0.793668065886509	0.026770898536518577	7.935210613747969E-4	0.9275980439708603	-697.7321937752932	18	36.59233149444856	
633000000	-3402.567011449323	-2700.6402540529198	-701.9267573964036	0.027364022346388697	0.9186109773845148	0.6303668732326182	38.89151529624384	-1048.98356629398	-1073.0216446476627	-350.55155245156834	-228.08349065970833	0.6067295519641739	1.501219161754475	1.8988671673361952	2.388148514051697	0.028229366856825165	0.8802508890894313	0.023391726120862714	8.224799856212716E-4	1.0331932806549762	-701.8043817283105	18	37.101176469424765	
634000000	-3393.6311890706315	-2683.647027989552	-709.9841610810796	0.016983812114592003	0.9471132434094558	0.6105998955879156	37.39384589775013	-1035.1663970837265	-1079.6492584823673	-344.7700034929586	-224.0613689304999	0.6770583015329796	1.4145675312237471	1.7661049268422293	2.0641008678853416	0.025072020914566725	0.8839503712367539	0.021338196392999224	8.559987664380035E-4	1.1322001015591232	-710.7071194272314	20	37.04173864341574	
635000000	-3393.48817121919	-2684.1754492587806	-709.3127219604096	0.04796324181849378	0.8533659703837565	0.6655909457743431	38.06938923099399	-1031.0181449369968	-1064.7047516145851	-358.1112348856396	-230.34131782155907	0.615323421386871	1.4092492798929799	2.1433732586187366	2.6247082720294657	0.029628058822665497	0.8438168245050062	0.024226141615981	8.671369487750243E-4	0.9469657817841567	-708.4345898209242	22	37.16037631460404	
636000000	-3382.4260974304334	-2669.171848317165	-713.2542491132684	0.0015948035790106965	0.9944464178960759	0.6480586469180953	39.09463652735576	-1025.8810882312337	-1070.8880872384661	-344.3095406269043	-228.0931322205606	0.7087496721888268	1.344493832153433	1.4453992466392322	2.6538630574123854	0.028728492839285243	0.960911065608412	0.022173879880896107	0.001527256113649533	1.284061798488733	-712.9948756915833	21	38.39238888609016	
637000000	-3418.113047800498	-2699.7091094008156	-718.4039383996826	0.04146924995903431	0.8463085864607011	0.7162988338312455	40.4676738083847	-1027.286645141816	-1087.8412376624633	-351.4270140623588	-233.15421253417713	0.6136862082558578	1.4364132758128039	2.2905513866363694	2.153777634209435	0.027263780902186497	0.7497227751262834	0.024230758586358713	6.112701210957684E-4	0.8559592015092354	-717.0682688286904	12	38.29070988121323	
638000000	-3437.7981506201413	-2710.3434622978652	-727.4546883222758	0.04522193226072412	0.8597556787714952	0.6475901339550403	39.65924474069349	-1044.9742721620414	-1082.1879348191887	-354.064813900728	-229.1164414159071	0.6669727543672405	1.3860936304119817	1.8538591094883947	2.358421551709511	0.024063395610678186	0.9449705102164551	0.021002833765590125	7.595140473215765E-4	1.1053633138392385	-726.9118094835488	23	39.08422261877632	
639000000	-3423.672519859603	-2697.788733994837	-725.8837858647662	0.049828898944955485	0.8392354066135024	0.6743969830309186	37.79625617680654	-1046.5102607718964	-1075.6057362894294	-352.7867177353984	-222.886019198113	0.6140470222504535	1.4752583384611224	1.9924329567202088	2.3190238568305257	0.026013007153385014	0.7914375044727827	0.02319041939150911	5.967399680432019E-4	0.9028345734910265	-725.3762942230416	19	37.352875651547485	
640000000	-3385.4608084506162	-2666.444872989818	-719.0159354607982	0.04263287097168201	0.8733257339511163	0.6220444702693284	37.139119278617706	-1040.2263615044308	-1057.8319266599385	-341.07049952034765	-227.316085305101	0.6161874608319424	1.5012444814662838	1.9523504137555459	2.1146246869240204	0.026845618440799676	0.8911606371066695	0.019859222710486447	0.0010292595842891984	1.1240018433307017	-719.026551917209	18	36.1618874717654	
641000000	-3420.631010869422	-2682.113314944737	-738.5176959246851	0.012015084704176454	0.9514399807837012	0.6716882990495974	39.212116296836854	-1029.8666951986836	-1066.5596035242345	-354.03660682524503	-231.65040939657365	0.6413654625038204	1.3674637271528693	2.097734769371189	2.5858468216516886	0.02920959420743321	0.8430874931931794	0.02509102183447409	9.802681921625305E-4	1.0855611121693434	-738.0529401128578	15	38.22066974890254	
642000000	-3443.83636630498	-2670.598783824824	-773.2375824801562	0.02350622025167402	0.9141321601609106	0.5687274356729837	39.92642588120451	-1028.38204562349	-1068.4886207945362	-349.09015965147796	-224.6379577553198	0.6796540288951123	1.3601819480943085	2.0001506590581646	2.0946722647919587	0.021668146224649847	0.9226783901309555	0.017838556259654966	7.348463420164737E-4	1.157777537046076	-774.196997653971	17	38.59410607060868	
643000000	-3385.6003320400514	-2685.4049794122284	-700.1953526278229	0.0387980809330539	0.8780866081934385	0.6950122601912783	37.1188092333005	-1034.5286991471346	-1070.8702175525627	-352.75292402498144	-227.25313868755003	0.5870243687111597	1.5877352354678351	2.0113757881038743	1.7870122460952267	0.0314930847089557	0.9383554790306478	0.025838046992794624	0.001225578237794849	1.1529416397773518	-698.6286720374919	19	37.034824151072115	
644000000	-3412.9063909310644	-2681.491156117966	-731.4152348130984	0.0519528422160711	0.822825834925638	0.6788588103466132	38.11933522460586	-1029.2528987287592	-1089.3403626803747	-338.4997284857379	-224.39816622309468	0.5549241685104292	1.4771716343037746	2.3031490145742968	2.8813853140624897	0.02753859597899849	0.8639484258497345	0.022246012807073046	8.979863483014408E-4	1.0797815372343993	-730.3856371263331	20	36.98758590566113	
645000000	-3388.2246679162276	-2687.1088186159795	-701.1158493002481	0.024297220918977992	0.9198719008168164	0.6541452742030548	37.003018514096965	-1026.0356266706865	-1076.674399884633	-355.0600734319602	-229.33871862869984	0.6669435572980109	1.3694587060238805	1.886201508115139	2.45209141792102	0.0295984857206314	0.8954832353609233	0.02415826137423464	7.750083040515744E-4	0.9573792341005253	-700.733993325424	20	36.30239040219262	
646000000	-3378.497816867284	-2666.89788125522	-711.5999356120643	0.016519496125833494	0.9390909166491791	0.6565965609226967	38.451963131805265	-1026.1292130632633	-1062.7534719164446	-350.0726916107758	-227.94250466473602	0.6341476823969487	1.4432421786214713	1.9802116241651146	2.24664408457542	0.03250693997690707	0.988459896730377	0.02507728198330347	0.0018492178841125419	1.2947171834873146	-710.5760215757566	18	36.31883203010937	
647000000	-3387.208070479651	-2665.1968080861834	-722.0112623934676	0.01834651359123871	0.9428549528639897	0.6072935635603288	38.264391720262125	-1021.1328492361172	-1068.9712524098813	-350.22541599355446	-224.86729044663002	0.608804813472229	1.4782672541427253	1.810783398924973	2.709432308624037	0.026043710843952544	0.8063297041613768	0.021997339238640026	4.7304796200117955E-4	0.867477748818899	-722.8172950691312	21	37.04548289706842	
648000000	-3420.1933881994614	-2698.043751409641	-722.1496367898202	0.030175220464406263	0.888319449346617	0.6882501544657528	37.6522871130775	-1028.1619115077922	-1084.735504056557	-350.99200151116327	-234.1543343341287	0.5654210519090372	1.4938310584842789	2.005986345993992	3.0520443818799547	0.03875141797818654	1.0123249453826717	0.0303957855500093	0.0026914265237030824	1.3463980505533781	-719.7889473415324	13	37.01920765697451	
649000000	-3424.467098974173	-2684.9381226400415	-739.5289763341316	0.03446041069818797	0.8946921776411308	0.6209772837139852	37.61735292323155	-1056.3251114209054	-1055.0232993200223	-347.25517070800413	-226.33454119110962	0.6834542388267562	1.3008894895782137	2.1378704554044043	2.315090759129714	0.02526263642599272	0.9089782501619631	0.02206533824081218	0.0011079307645468401	1.180569938421817	-739.7244588148837	14	36.843728161991415	
650000000	-3426.1462182744217	-2689.0399590971833	-737.1062591772385	0.007000435863473458	0.9740462287018888	0.6420474431179036	37.711685756113475	-1026.0080391096515	-1079.4928220176787	-350.3505441378815	-233.18855383197155	0.5952244429914546	1.3917854575182853	2.15734081719523	3.1393200354057957	0.03079032556763134	1.0592849754881457	0.022709422265197992	0.0010588276538658333	1.1610280488525213	-736.4728659817362	13	36.87310237470037	
651000000	-3397.866348658025	-2677.387121067685	-720.4792275903402	0.028670837114784093	0.9095647609771933	0.6139582372932545	39.639576543276696	-1039.8816918931643	-1062.6160627329168	-351.26977078390274	-223.6195956577007	0.6384470159389085	1.4431789040756247	1.9109623904877138	2.2867123771262734	0.026511031832830365	0.8155939717275904	0.02348118947155576	6.447764057637755E-4	0.9768608817760953	-720.8214501606777	22	36.66675219498069	
652000000	-3398.4196499386917	-2692.7983877195193	-705.6212622191724	0.023914140982385614	0.9234527579819096	0.6591951473152778	37.2652555393648	-1036.7599111275026	-1082.9604221955015	-339.3611178981129	-233.71693649840228	0.545936261754745	1.549608738989367	2.204541539441297	2.572784681732918	0.02649990581648983	0.7855438403854622	0.022668492182164976	6.563017500394243E-4	0.9056752812037095	-705.7971447670849	18	37.084030108660585	
653000000	-3444.0410866064276	-2711.602114623129	-732.4389719832983	0.028402167544126267	0.8970886284944415	0.6338861388370093	40.47131340086586	-1028.7624899776267	-1084.5414605677122	-363.08073834293504	-235.217425734855	0.5940236585306872	1.4513828767563064	2.262026248045548	2.442558663030128	0.02786109971064599	0.7937780455088141	0.02415553814903361	4.989835894744397E-4	0.8316613042321297	-732.3807748594891	15	36.8267314209745	
654000000	-3402.127092149791	-2695.2616144537315	-706.8654776960597	0.008586498664855351	0.9698354733726379	0.6622710163867594	37.443744015667775	-1027.9295357083222	-1086.1881922388432	-353.38232405309134	-227.76156245347454	0.5832838443799164	1.5835823733398684	1.7070373321528414	2.42805026545493	0.034410543541360694	0.8798648110592855	0.02605852266071901	0.0010271604292133377	1.005851458887791	-706.1451868527023	18	36.94921413039385	
655000000	-3425.8488448807125	-2695.4576443262213	-730.3912005544911	0.053781070861735086	0.8122989796355193	0.6940927213017482	37.09676872961567	-1043.5993372973621	-1074.309032556147	-347.68724870076704	-229.86202577194473	0.6365065626017953	1.339215928961813	2.353530462271638	2.4847536409338247	0.02767021903949923	0.7478056973177578	0.024880772451351077	6.707096576533001E-4	0.928566395315326	-729.548501791941	13	36.9007316386626	
656000000	-3427.2050333799634	-2686.7996454102936	-740.4053879696696	0.0187130270104882	0.9334688968400238	0.6400651701981579	38.17899891049858	-1038.158724444057	-1081.2168616509416	-348.57864315396694	-218.84541616132807	0.6048960866439271	1.4009971748894177	2.253426825611689	2.704502834939768	0.033507263640154224	0.9745082106285735	0.02540463896291249	0.0012633663584532132	1.0648639609680537	-739.5403283408789	16	37.4067091356379	
657000000	-3413.7117240272273	-2699.9744726113704	-713.7372514158571	0.010956688103608779	0.9675465006639549	0.6027044777778168	37.524078693624425	-1043.7793233917253	-1082.7531330326524	-349.16714427157854	-224.27487191541434	0.5703361426964352	1.5135354257875993	2.1385649222630203	2.549305842718648	0.02904044640196324	0.772680712044283	0.02402816575297322	7.349361049639218E-4	0.9081586283761551	-714.6163956015907	17	36.69385176820073	
658000000	-3458.562717719482	-2708.7986628571307	-749.7640548623514	0.013890054186376257	0.9463606223621481	0.6629064802729332	38.300660200667274	-1040.245302671947	-1083.0911591276135	-355.94142033889045	-229.5207807186797	0.6030892664882871	1.500535496934019	1.9077249397527007	2.447965819748661	0.029321715658416226	0.9200064231548738	0.023652851525483697	9.143506359649723E-4	1.0604654369279474	-749.2392397894879	20	36.36722560243821	
659000000	-3390.3466752364097	-2667.102131682068	-723.2445435543418	0.01981827840524676	0.9291269945386285	0.6294487526933042	37.59821779927094	-1024.805395856642	-1069.3952522245654	-352.06525872825154	-220.83622487260897	0.6579631399074825	1.4837528595742384	1.5166831476660834	2.2407290971735287	0.030372519817498746	0.8191463994794094	0.023613388713895803	7.166336849307342E-4	0.9232266321155744	-723.359864329549	22	37.134339419577394	
660000000	-3372.348813027815	-2672.6067866015574	-699.7420264262577	0.04262908605440456	0.8671338761145676	0.6468092105922945	37.723252523225746	-1021.3408306997604	-1079.007609376259	-340.93878153548224	-231.3195649900558	0.6303204590593746	1.3893289635720776	1.990291303505584	2.7869408245878784	0.032520540303153295	0.8931046934530127	0.02449103573869066	0.001049894515479636	1.0429511003579015	-698.8026178682958	20	36.4121767155835	
661000000	-3420.931583344396	-2676.0827251053033	-744.8488582390929	0.03185606098467156	0.888683141945257	0.6085137884439366	38.490446512908306	-1036.555003884801	-1072.5330223286196	-344.28563736338737	-222.70906152849557	0.642977470477218	1.3836761160157476	2.288397872705668	2.075646739555765	0.02958334310925381	0.9557036690462057	0.021259027112702514	0.001021186486401939	1.1727030223572599	-744.5733264194603	16	37.95165830803705	
662000000	-3422.4955341159243	-2695.7977638898537	-726.6977702260706	0.03686017069993867	0.8785619718700094	0.6641123658952655	37.72170842971253	-1045.5636272497882	-1080.7591564923869	-345.64269853621346	-223.8322816114649	0.5852715184748511	1.4089055205384706	2.4925926242582332	2.5876543716792213	0.03136711375188097	0.8394654474890636	0.025503109174778608	9.875081664100607E-4	1.0231136833193126	-725.8913049544685	18	37.147315909564995	
663000000	-3436.302800596607	-2687.576924210566	-748.725876386041	0.04381234537243365	0.8344187040027695	0.70596518397107	38.67708950229515	-1032.7781304672797	-1072.5510947718187	-355.50037737692594	-226.747321594542	0.5610784708823418	1.551898196046187	2.032635232179495	2.565313632505253	0.026358263571097388	0.7758656783568095	0.020714496031857203	4.3253974595132216E-4	0.8327953413650586	-747.7122516959795	16	38.08743410297931	
664000000	-3451.973811498902	-2698.118364639972	-753.8554468589301	0.01600842764444797	0.933616189617941	0.6391588867516199	37.538337571336534	-1027.257338849523	-1087.9095234568792	-349.2488008049447	-233.70270152862437	0.6195009806086866	1.3905399820619067	1.8726068506030427	3.1875595413220235	0.024335953944664698	0.7197186885591149	0.0226517268613394	4.8656009425741966E-4	0.8663274296861692	-754.7985359225925	15	36.910769673751886	
665000000	-3443.470876131028	-2694.554108912098	-748.91676721893	0.008531669455151129	0.9659688215661159	0.6187025734328523	38.37240046272887	-1044.8121480742334	-1070.6294775961185	-358.6032262319212	-220.50925700982492	0.6067826753059952	1.4142352503878763	2.546716760357685	2.0362575850687827	0.029727199536423495	0.90663104616192	0.023640892053966692	9.360528614120455E-4	1.106943323711616	-749.0587803333399	15	38.26778484503335	
666000000	-3422.1340871291372	-2675.701900442753	-746.4321866863842	0.018015393462328857	0.940353468679839	0.5824428936818504	38.026634591613444	-1030.5413447712112	-1070.7592115073844	-340.3451440677304	-234.0562000964267	0.6579835810540131	1.4043881069810094	1.7784542285902214	2.496524097111379	0.025454775933581638	0.805007353006122	0.021212094013743382	5.424805595149876E-4	0.9068235751448812	-747.5969961754124	13	37.87070426790725	
667000000	-3406.2667330794256	-2686.5930842576863	-719.6736488217396	0.015910087844202093	0.9452591947989958	0.632746887671197	38.77484649995324	-1039.5766968371884	-1078.1394120595053	-342.2698772299808	-226.60709813101164	0.586090891834891	1.5947542891877295	1.8505093452080572	2.023093098332983	0.02538009215765424	0.754466909097237	0.022009461544299242	4.3436667345165127E-4	0.8258983898854558	-720.3792964772457	23	37.39904780851636	
668000000	-3431.2365125412534	-2708.27240627383	-722.9641062674234	0.054973317325151566	0.8090772742611477	0.7113683384562445	39.3059527247244	-1047.146902862086	-1082.947202520436	-345.5516540658136	-232.62664682549448	0.6074449740085703	1.4978871431108267	1.7329242732768062	2.6949437276048855	0.030582173403867634	0.8494880698281837	0.024549019534853698	8.108441378940204E-4	0.9728407352755291	-720.9719126784503	18	36.98680510884602	
669000000	-3386.3141597806516	-2686.894321765741	-699.4198380149103	0.017263346221864005	0.9431796753337954	0.6717465058613288	37.023990339556406	-1043.700703429119	-1089.5635401235788	-336.32473806457006	-217.30534014847362	0.5913186358745716	1.495985591771221	2.0253448215903718	2.5067221546585388	0.0314979629954845	0.9109974645776671	0.025443347859497756	8.748386583796057E-4	0.9715831256414272	-698.6622430353059	14	36.596765894686314	
670000000	-3419.101436266929	-2688.735159256463	-730.366277010466	0.06142663130805961	0.7789892103520631	0.6848634015168128	40.43441959203249	-1041.1391657371548	-1079.841218355817	-343.1500493856388	-224.60472577785234	0.614694093884449	1.470771985094433	1.8192147834335464	2.6502384793364024	0.021842757616761677	0.7971108801156495	0.019268832671265886	5.017919257937064E-4	0.9985012513229282	-729.5405649751707	21	36.39011221627149	
671000000	-3449.113316391695	-2689.335888803413	-759.777427588282	0.0070350603505534345	0.97426433790917	0.6138657768409254	37.79077121426453	-1028.4944790855186	-1083.2114384622914	-350.9671533151823	-226.6628179404209	0.6269849245252559	1.4957922160795858	1.790321485037811	2.242093890487264	0.02775431219197885	0.8667754986172701	0.02503841269152628	7.785448255412268E-4	1.0124712543070171	-760.3828722842559	14	37.396830043557316	
672000000	-3388.6323491487833	-2686.1473772839904	-702.484971864793	0.0512853445997003	0.8438186383452594	0.6317865306198631	37.09399963098869	-1035.7186726191044	-1078.0235322404108	-350.7662415736141	-221.63893085086107	0.6387770429574016	1.4072431383817818	1.9963202583622526	2.4544874862389654	0.03372182926149083	1.082881642037424	0.02237874917997888	0.0017807907202162503	1.2907631756805025	-700.959090501721	25	36.42801729292592	
673000000	-3397.620198304782	-2694.684977504081	-702.935220800701	0.04232239944997346	0.854381595545436	0.7023355118748558	37.59713956998986	-1031.3327300932503	-1086.7592033327114	-348.40642177686055	-228.18662230125904	0.621776054345488	1.4990924107211963	1.7245702048039389	2.426425412537645	0.028252460170365777	0.8158827366942722	0.025317748265617886	6.14225059934985E-4	0.879536980250242	-701.8298846441371	22	37.279488555868404	
674000000	-3394.540913051914	-2677.6250752555907	-716.915837796323	0.02924117125397501	0.9091268222614884	0.6267131342924767	37.098321259820565	-1031.5604740013657	-1074.6969943426272	-346.794828406807	-224.57277850479045	0.6336721185888011	1.3812466199384803	2.0188446365359907	2.7460320534280456	0.02697064146867289	0.9323048506767757	0.024133955961178406	0.0011871247701014979	1.2366020809937701	-716.9475057148971	17	36.98768623762061	
675000000	-3403.9898139295155	-2679.5030206179276	-724.4867933115881	0.07191172318250984	0.800095130510883	0.6635394017011205	37.018193983993584	-1036.200969436554	-1075.4622791177765	-345.23815104789963	-222.6016210156976	0.6803459455999635	1.3885973795381412	1.6978611347957708	2.3547936318643767	0.029905933256507422	0.9877432680938892	0.02233113455196632	0.0015674321145349756	1.298303965815251	-722.8934311939001	14	36.87054668901531	
676000000	-3403.677402105842	-2695.07893561648	-708.5984664893618	0.023798858463842543	0.9106680007575837	0.6888111558967747	37.092740931801934	-1022.3018585847383	-1102.3156561389658	-342.71483247120767	-227.74658842156856	0.6254078395751204	1.3999761927893841	2.100963327833358	2.5907794892594533	0.027845912460449936	0.8234086327453455	0.021208410734227263	6.305252315512935E-4	0.9472464903662244	-708.0871895758524	21	36.89939622092647	
677000000	-3425.8682499642127	-2705.9403360434817	-719.9279139207309	0.03746109047285971	0.8742929980322404	0.6609165640400434	37.639404469911085	-1045.37980895335	-1075.1468506765277	-355.58977625051455	-229.82390016308904	0.5620334000181958	1.3988554444699965	2.398542419689742	3.284217164966809	0.029724569524732705	0.8123727000688746	0.024262040115412692	5.904951207156702E-4	0.8295936898389259	-719.4127893147776	18	36.86155401253002	
678000000	-3429.084845458935	-2706.872397281575	-722.21244817736	0.019575034629593237	0.9313178845936289	0.635682806762571	37.035691187326556	-1044.108142560458	-1087.3537933184284	-346.14708214522506	-229.26337925746375	0.6404169175247774	1.4519203823429458	1.906504942243433	2.178411477016252	0.02964267855586793	0.9241910761832733	0.021240722375363563	0.001167772639047889	1.2006445196362154	-722.0538000620483	18	36.51472032041213	
679000000	-3415.1093684439293	-2707.587723188402	-707.5216452555271	0.054942168798830245	0.8296478435625861	0.6722411472780707	38.73578314915477	-1035.6577064165058	-1083.349894493577	-358.28854908016933	-230.2915731981497	0.6404970431953617	1.3899070180387543	2.1425885195880587	2.321863107659746	0.026020524253680215	0.878405840111527	0.02350773684465767	6.771720193721767E-4	0.9724898307669962	-706.5946303067062	19	38.40859351153783	
680000000	-3422.7956571122186	-2705.649593123332	-717.1460639888862	0.0651047981265272	0.8029201347014627	0.6820230671436814	39.69591313522411	-1040.1526003927033	-1086.124233055394	-350.15031425190597	-229.2224454233293	0.6541964334066822	1.376429448754443	2.058995325985375	2.3291609060081675	0.03150208546901418	0.998163881184697	0.023262946595640665	0.0021388872119172666	1.3718848153351124	-714.9009001899593	14	36.3133424617688	
681000000	-3412.2490345335686	-2686.1038662675487	-726.14516826602	0.04169157487035494	0.8661122573350707	0.6578862255951783	38.363955713295155	-1028.8129319254933	-1071.0232229087085	-354.9325173802743	-231.3351940530723	0.6606824949708842	1.2111144233176943	2.451750886019843	3.006438735158755	0.02653744209668223	0.7966557832280308	0.023346103260866627	8.276923945727265E-4	0.983259943013538	-725.8909157217624	17	37.5568624320557	
682000000	-3408.13363115574	-2680.6643295447166	-727.4693016110236	0.03886708239639559	0.8772165953023072	0.6425493753820997	38.61273885181566	-1008.6661853145779	-1092.0205247108986	-341.41007219301304	-238.5675473262266	0.599292021732021	1.402762832059292	2.156788701375259	2.964205871150791	0.02592566843183533	0.9702559143257637	0.023735939103970306	0.0014811661400026457	1.3457907347897065	-726.9595853265829	17	37.89542437763995	
683000000	-3373.501091003058	-2682.915467326507	-690.5856236765508	0.004367905738619536	0.9842505135857103	0.7194330364237024	37.144739039870984	-1047.70222803692	-1075.0691323850892	-335.3122753353851	-224.83183156911326	0.6684607010794975	1.416126150361069	1.9425816336476045	1.9045934673561262	0.03445840799343932	0.9113334210912665	0.026545660922393546	0.0017404463563172603	1.2191739154188048	-688.94234122593	10	36.422648599863344	
684000000	-3392.9296657438845	-2683.093837632093	-709.8358281117916	0.013438785130699791	0.9541051249560156	0.5923496123395859	37.735989497876346	-1034.38589028003	-1076.2216830593136	-347.71354242404095	-224.7727218687081	0.6311424868686587	1.382944363523571	2.2794181794941593	2.322811663668015	0.027951224133377216	0.8905551833067286	0.023791929225968116	0.0010378820196707856	1.1410437134270581	-710.4938877856064	16	36.706165615092765	
685000000	-3443.2606440252325	-2711.3420992198953	-731.9185448053373	0.04309994959695465	0.8555242638471133	0.616079830126003	37.919238427979884	-1040.4942667662754	-1082.58965416421	-352.1885307776863	-236.06964751172364	0.5813484316393345	1.5252513619930124	1.8905367359506504	2.6686782530013473	0.03081511260006947	0.9831470132314384	0.025031130544497602	0.0012193133672984944	1.125120944115234	-731.2210167842127	13	36.94354697249511	
686000000	-3413.8300515933724	-2684.4566218983587	-729.3734296950137	0.025064471684368025	0.9131745737572456	0.6469877224434869	38.15551161780443	-1046.2236586812714	-1066.5512889803565	-344.08580308513496	-227.5958711515953	0.6319014167002869	1.353302506424551	2.220937327810618	2.6775102012044756	0.03204347282355933	1.1011963098755977	0.02816883025649783	0.0026789362360382755	1.513495961212018	-728.074619054872	17	35.450868115871764	
687000000	-3387.189702212111	-2683.576766028085	-703.6129361840262	0.06132365323579726	0.8096525420039761	0.6534546562040349	38.77447137403782	-1028.854841830692	-1064.625008074946	-357.9649289658202	-232.13198715662716	0.6405115457405172	1.3381253879118953	1.9312757776782	3.1574195287857467	0.03078309220273495	0.8660856197431199	0.02713309433054109	0.0012601110061672227	1.0694006996105512	-702.4217508399786	20	36.03045826486739	
688000000	-3413.987090401543	-2704.9495256036394	-709.0375647979035	0.011010015477477363	0.961981883873385	0.664110356360981	39.201205449964256	-1037.644916279773	-1087.481850490984	-355.47213511433597	-224.35062371854616	0.5839235718723841	1.5013747643656095	2.106771665627611	2.4562288402853674	0.027412644432196154	0.7851552297436124	0.026290028455569697	7.090783391570784E-4	0.9391043887207046	-709.0673064284526	21	38.1190080188039	
689000000	-3416.542375255661	-2692.13455976504	-724.407815490621	0.020727674298034415	0.9238295330531632	0.6626990898768168	38.32681821164041	-1028.1198181631662	-1097.0152402523524	-345.73251100470947	-221.26699034481166	0.5538168835181614	1.4503303584206833	2.4955034833155043	2.807374891566094	0.031035924794323714	0.7992263785063995	0.023046557920648726	8.426654916838286E-4	0.9549416012722654	-723.9808596703368	13	37.3758776635976	
690000000	-3414.133415947319	-2695.721293442674	-718.412122504645	0.04948829756864531	0.8427601477875427	0.635248475542963	37.95809253399304	-1043.8565383886769	-1076.841908908991	-351.39313232777727	-223.62971381722915	0.594669436534691	1.5383624086250458	1.8567192329953108	2.3567603704731166	0.0278893068506336	0.8145948699281153	0.02620652054324864	9.150180444183675E-4	1.0346010497343439	-718.1898092676809	23	37.176410523404314	
691000000	-3431.8823048934523	-2698.2566771395377	-733.6256277539147	0.009184512504893142	0.9685670911497781	0.5993353515085856	37.74038175516525	-1034.1794707356069	-1083.5907051685872	-352.9849324448661	-227.50156879047807	0.5978332668061057	1.5593385940126885	1.74943679157076	2.2956061993204266	0.024851335410778292	0.8610211907569026	0.02371907600296652	6.77241065018764E-4	0.9652324265258323	-734.6579131553426	20	37.005810347696	
692000000	-3381.950630701192	-2687.098533902691	-694.852096798501	0.05610910934396825	0.840068527079612	0.6601214202850597	37.17831433885527	-1034.280684091871	-1068.5138593213837	-352.0701018061806	-232.23388868325605	0.5867708249705269	1.4362030487302182	2.1971064438159247	2.830590610309696	0.030326261157606532	0.8292961800415942	0.025243484472600823	9.997200270482932E-4	0.9961237544765449	-693.9994195736928	14	36.56911635292144	
693000000	-3402.69695503281	-2678.1892006260387	-724.5077544067711	0.048604985170778624	0.8329728598732754	0.6770191004270458	37.11112006621971	-1031.3597425348244	-1064.0135087995318	-352.99493201547466	-229.82101727620798	0.6510611985389871	1.3380174336666475	2.5367825643355597	1.8983108371717354	0.03292414488755679	0.8800163272472011	0.02591322441766318	0.001232274432463803	1.0597789994095022	-723.0819590844452	9	36.56896307844938	
694000000	-3392.1417224333695	-2668.7448655094895	-723.3968569238801	0.04124794042066582	0.8642056938943412	0.6597860901721447	37.55170547037517	-1025.9928166993514	-1075.2620108887797	-337.6511996617983	-229.8388382595602	0.6535805758214571	1.324968716835504	2.096790322827415	2.7378675429243646	0.028438917387852345	0.9424560065795865	0.020640788231279322	8.782207875664676E-4	1.078478986526877	-722.5628073809945	15	36.87922949764072	
695000000	-3429.4514159175196	-2691.6765698272525	-737.7748460902671	0.06382745959288968	0.776830940714801	0.7112249900279958	38.62565986237792	-1036.024699529665	-1075.7873102950152	-352.20453467761433	-227.66002532495816	0.6064167448049432	1.4020963480881081	2.011751886218789	3.0886489150298133	0.03405993183567071	0.872808139931	0.02651558601423089	0.0014190836555869482	1.1440631245779278	-735.2740988685557	19	37.050389211534146	
696000000	-3409.2284383784818	-2700.2346507099815	-708.9937876685004	0.01574497222409611	0.9438764458931772	0.6563536865731097	37.5255726707964	-1035.3569231265444	-1084.134951224046	-351.0379976210031	-229.70477873838774	0.6174326938877526	1.4505697855057593	2.3230166360251734	1.8983716335363765	0.03305505412212078	0.9482525567283722	0.025189999695175956	0.0012192214751627069	1.0609377546308145	-708.1530000728725	14	36.142020928853015	
697000000	-3407.315426735267	-2680.0206931188245	-727.2947336164425	0.035744084604249014	0.8785427423780267	0.6610763066106689	37.041744178439025	-1035.5601984971245	-1061.3175449505554	-347.5656043780992	-235.5773452930456	0.5707041543914924	1.4936791085123382	1.9431957299380331	3.0629165625586214	0.032602621198242664	1.1825152438863613	0.02196370950067284	0.002389110549958088	1.4500105547946787	-725.4358065666476	19	36.956328604816605	
698000000	-3407.465219218432	-2685.631708262683	-721.8335109557495	0.03587774570660399	0.8856295882209022	0.654653002950292	37.40466659008884	-1038.0319548668472	-1074.6914432405508	-340.05113918713687	-232.85717096814835	0.6421749611010941	1.4045816840950303	1.9252585311888846	2.5382381526429922	0.02636185064714456	0.9626606584572601	0.024046634354489966	0.0010902198254934975	1.1670135160313035	-721.3162682237732	18	36.711412713809054	
699000000	-3408.641614580807	-2690.5835534663843	-718.0580611144228	0.009053897873940233	0.9717617586573324	0.5880067089657685	37.462827065909686	-1049.006985471663	-1072.3972961390377	-341.9144983726979	-227.26477348298553	0.6633651449017989	1.3687199204626854	1.9328637223766758	2.445071448542051	0.02999199368740146	0.8598242095748141	0.025460159771402854	9.240907291711354E-4	0.9720028099432949	-718.7640291579597	14	36.20997201767202	
700000000	-3403.0375972829484	-2669.1669479446205	-733.870649338328	0.04284826088594822	0.8678548917538965	0.6165077294337515	38.0817584657487	-1035.3438161059105	-1054.94114914394	-352.7484834654605	-226.13349922930928	0.6343344078263856	1.3887212938181115	2.1717693545343377	2.3985582365001727	0.027548059677020002	0.8221435610893408	0.024237496174280723	7.992806291308056E-4	0.9822346607665531	-733.992886270681	20	37.37804885443506	
701000000	-3405.541630827771	-2684.6871819658295	-720.8544488619411	0.0596972444925426	0.8362924121049476	0.6212560097613965	38.073446768231506	-1053.1083714488846	-1066.8076884804034	-342.3704577030517	-222.40066433348952	0.6395174596438709	1.3944039332432638	2.231846053966248	2.1438022731357798	0.02667655499312812	0.9251178512424273	0.022144521308984824	0.0012348327320800714	1.2426989117451857	-720.4220293667156	15	37.792688790398294	
702000000	-3407.048371615383	-2673.055967255828	-733.9924043595549	0.01995779878114667	0.9338830814712015	0.6097311806667401	37.465529931701866	-1031.437824584789	-1071.512941924341	-341.8435627137052	-228.26163803299266	0.6125221463602637	1.3761441580294076	2.318179088491469	2.6699683920298947	0.0278654536156019	0.7834517388239559	0.02240462515082786	6.627628092455217E-4	0.9391078605571669	-734.7233570967851	17	37.09900831872682	
703000000	-3423.5102598869616	-2687.4615003756394	-736.0487595113225	0.04303945260198194	0.8495111301867042	0.652221427954204	38.04643363400564	-1055.5484021915813	-1063.0549650495043	-342.03553411240205	-226.82259902215128	0.6184525780472319	1.4494781496607334	1.977066270007478	2.494231697642528	0.03358838125564944	0.7773138907118537	0.028012368243931444	8.917069951578109E-4	0.9285769017707648	-735.2349726205438	19	37.0284662785683	
704000000	-3404.51339905474	-2686.521379016774	-717.9920200379663	0.02258390713972842	0.922712155755901	0.6816343050516972	39.091321711208494	-1040.8927182186103	-1079.7886883880956	-344.4934701486886	-221.34650226137973	0.5849499243445627	1.5062167560527904	2.208514488826792	2.215100277530884	0.03163242144056809	0.7924290629889921	0.027730076126911522	9.445735081843074E-4	0.9080844544100531	-717.1406932542857	18	37.30874704417242	
705000000	-3392.6686630363847	-2673.812237003565	-718.8564260328197	0.030049329128981627	0.9078432989895542	0.6386239676339429	37.386348657296416	-1038.6413634095532	-1067.2716934441512	-342.91965875327475	-224.97952139658562	0.6648154656875022	1.3777952544456067	2.298816621340499	1.6954197745807107	0.03326085346188495	1.0729013059908035	0.02382922360739391	0.0021313890406570992	1.3195431435645588	-717.6397218335645	15	37.2188151121989	
706000000	-3418.2067515891777	-2663.7135112621077	-754.4932403270699	0.09146396548107188	0.7433364774583852	0.6111372286979065	38.52179326321096	-1024.3511278526132	-1069.2191351777965	-344.81496637259244	-225.32828185910557	0.6556410511784877	1.3800680175285356	1.9752494735858657	2.4155212910762542	0.02740370346996234	0.9076568493733672	0.02323328121614201	0.001019950395599138	1.1301230590890508	-753.5892363195803	14	37.31341289620928	
707000000	-3404.912626243915	-2668.833738254596	-736.0788879893187	0.006365273316835345	0.9769304508799312	0.6189750600730889	39.79125087326378	-1054.7319305012315	-1050.1854377230932	-339.7695565775263	-224.14681345274556	0.6408498948942977	1.4292486342178077	2.0145949029251176	2.1850732089287406	0.025582609652406933	0.9145973959095824	0.019475700321932382	8.613328269711438E-4	1.139799016911355	-736.4814563064949	22	38.28105545291448	
708000000	-3404.614241207917	-2678.5045190574538	-726.1097221504631	0.034460201166082366	0.8918455146638674	0.6664507909296717	40.97895687526867	-1046.1545400565672	-1062.1224781822084	-341.69436850793375	-228.53313231074455	0.5940629275742063	1.5051658599848803	2.009255589734643	2.4001143541901606	0.02959282998507766	0.9397856916613468	0.023017351289881874	0.001452104053677928	1.2281686065911588	-724.840969810194	17	37.47601844591248	
709000000	-3404.251757618689	-2692.0791037346685	-712.1726538840206	0.00719897048011305	0.9736748055492299	0.6744558967036511	38.35790641897219	-1030.3468798167394	-1073.7820223712686	-356.32233150999474	-231.62787003666574	0.6926864993281592	1.3490923433287534	1.8617823383827938	2.1890063306359413	0.02660788890733876	0.7551937488928142	0.022131482643376874	4.7065973463635436E-4	0.8326214386448187	-712.3717039568944	13	37.38832016629656	
710000000	-3413.3843364491568	-2679.287824893174	-734.0965115559832	0.030926185827941374	0.8841748284466792	0.6218870755011201	38.77128291640565	-1038.1557835806732	-1068.6669412342128	-344.1064896428394	-228.35861043544855	0.5729625856917795	1.4655080062468848	1.9869728671321831	3.19693629815254	0.0281863603339011	0.8787184586436242	0.02326012033855425	8.070810803927455E-4	1.0500183942101025	-734.0162739239863	18	37.454228299729856	
711000000	-3399.919853982992	-2680.458215628725	-719.4616383542669	0.04777669604853465	0.847452712510768	0.6899144544887125	37.96694545927511	-1049.6214826351084	-1055.0547894721146	-345.8685210605822	-229.9134224609202	0.6196996497245996	1.4856423428214929	1.829005601132544	2.4041657678567696	0.038976116411298764	1.0299887900854017	0.026103359289679582	0.0024488328564769113	1.2639767130350805	-716.6879214539997	18	37.37659228358115	
712000000	-3383.7213095353272	-2673.9532641741735	-709.7680453611536	0.009446505482513239	0.9715184392026547	0.6125094103183905	37.15677512768504	-1027.430328945759	-1064.5062933383028	-351.6117152831454	-230.40492660696648	0.6842168303732442	1.4663075682498885	1.611489044158698	1.7330062813811937	0.03702342059165511	0.9342751471198866	0.025937375606186253	0.0017133323300585032	1.1428718357939183	-709.2762524307915	15	36.52760294431041	
713000000	-3383.6429526599595	-2666.944337247309	-716.6986154126505	0.04546550318428707	0.846257817193408	0.6946800391274659	37.94105921263613	-1031.6754503724524	-1071.2232250271734	-338.00674427427117	-226.03891757341168	0.6375575991171969	1.3619220285704359	2.1265952879853294	2.6575656056645207	0.02814064173876193	0.8491351738233266	0.022806656482929052	9.590331435875648E-4	1.0500334516854108	-715.5393318978528	20	37.511438008189344	
714000000	-3388.5112675255614	-2668.9260440764187	-719.5852234491425	0.07119056728759753	0.7671029765270734	0.6818423125186224	38.76150887992285	-1044.98457669327	-1060.0502228833743	-335.8267648135545	-228.06447968622035	0.6684552075752297	1.3430612206486825	2.094380759961991	2.2966337402985664	0.029425964909995404	1.013596771449013	0.022825115434349962	0.0015225505927977054	1.2469895485689455	-717.4737990132296	18	37.18796779897023	
715000000	-3411.1381388077266	-2672.2907241218754	-738.8474146858513	0.016759383594412494	0.9350409550942904	0.7173789932058061	37.578644392059424	-1035.382634542815	-1053.6750490383643	-352.08595836457056	-231.14708217612565	0.591746169303957	1.4375936071273783	2.328619708791498	2.4933958286928313	0.029041826548036238	0.965461974294431	0.024274591818918164	0.0014331600257970996	1.2429662403094324	-737.3599964731094	14	36.47059735038694	
716000000	-3392.056858523458	-2690.954219472596	-701.102639050862	0.023868226713445895	0.9224629095058678	0.6623283611106459	37.40516708794031	-1052.2254546660893	-1057.4482535089267	-346.36316387966787	-234.91734741791186	0.6388916074518565	1.4462580461631818	1.994682262028118	2.1040430843964137	0.02923941351967533	0.8908948688461263	0.02141350947344642	0.0010114563386715203	1.1119294630157195	-700.6221547102639	18	37.05300591777407	
717000000	-3394.546003868311	-2663.6998386866853	-730.8461651816256	0.039550172206274645	0.8677131340191858	0.6404321485990969	37.372032362691606	-1032.9989833794862	-1059.2999887248172	-344.441743801683	-226.959122780699	0.6879523850024067	1.3554779203593494	1.7103683917755135	2.486458716112551	0.03363068919383319	0.9767817807314371	0.022928529582752426	0.001937054528336036	1.3071044838928731	-729.6954108120564	19	37.08308761534434	
718000000	-3421.9263804668453	-2673.368967712098	-748.5574127547472	0.03825936859942696	0.8649814477452537	0.6260000046241316	37.88910835927029	-1034.6853428225688	-1056.9815695975142	-350.7912418536164	-230.91081343839818	0.584094795539948	1.353325350799935	2.4108059476346573	3.2533603191805356	0.03075760264242464	0.9443830600934946	0.0256597221714265	0.0016567861824042008	1.2608685173938763	-747.94196627724	13	37.30187477516673	
719000000	-3390.6928886169358	-2676.7996560407137	-713.8932325762221	0.023061865924508575	0.9242479832328976	0.6545845331650892	38.495156745803065	-1032.5766329001528	-1070.8093792276566	-345.48758620822986	-227.92605770467415	0.6001136299791975	1.4825129451483152	2.0633475939978805	2.394366234563735	0.028657803845464076	0.7294702745841477	0.02320444388379589	5.142632593200035E-4	0.8206970332595588	-713.9931579260434	14	37.13509428744814	
720000000	-3400.368570876842	-2680.397395362705	-719.9711755141371	0.025398524078840395	0.92433251361129	0.5822261151911697	38.148753581378756	-1047.370077693991	-1059.673147507155	-348.2653178083389	-225.0888523532204	0.6223484780948407	1.4233257240253194	1.7289026140881352	3.0898678253155256	0.032090418872038264	1.1566286750367674	0.024911424561352494	0.0031883621973392137	1.7271550159615814	-719.2806468061211	18	37.14169881495327	
721000000	-3395.844202828056	-2679.185846810296	-716.6583560177602	0.05517866574140676	0.8279745233969583	0.6198484511812238	41.13547047964681	-1027.6629234531456	-1070.7694756638614	-345.9473590900727	-234.8060886032168	0.6410838903776297	1.361001625809986	2.200601880699827	2.4693381593100616	0.030749887662698722	0.8402406071457089	0.023727253240164944	7.447684838960366E-4	0.9272551931422297	-715.8456553128143	21	38.99084368212433	
722000000	-3389.0014558757307	-2684.3290661743877	-704.672389701343	0.0059861078965864215	0.981217470942155	0.6347381322205667	37.38703637804417	-1036.8188782942216	-1075.9454671820165	-342.52776515689874	-229.0369555412508	0.6568417871819032	1.372691844338339	2.0464893049898487	2.334423160766165	0.02832507025305691	0.85248202118566	0.021626559162396395	7.20067294007788E-4	0.9958836750615118	-705.0727784246924	18	36.93602919949034	
723000000	-3414.6509099132377	-2688.425973305695	-726.2249366075425	0.04564556472461496	0.8404259082970084	0.7292993999481427	37.77323311500389	-1038.0697437164847	-1069.0368698301354	-354.5855866784616	-226.73377308061367	0.6592380123192203	1.363767160356362	1.97328684680628	2.497321340816173	0.04056442480572857	0.997714943254218	0.03059590131730986	0.0019466516174805393	1.1864928107576687	-722.741246470359	17	36.84470651616787	
724000000	-3409.2307059173545	-2687.767658503656	-721.4630474136983	0.03718318533583829	0.8810810994076491	0.6328051471623334	38.08035638941772	-1027.6050979653967	-1078.1113048436864	-351.1227913999675	-230.9284642946061	0.5997104725311468	1.4080472521610796	2.046067172602583	3.102458200403605	0.030549639552576897	0.8319163097071383	0.025892870281503104	8.241118161951604E-4	0.9264230492708847	-721.148290310889	20	36.80873613696042	
725000000	-3417.962546410107	-2710.443171692254	-707.5193747178528	0.02363286206120304	0.9290381763402842	0.5904854763771016	37.858999612313106	-1041.737054178725	-1094.3283586899852	-356.37815615489615	-217.99960266864778	0.5942169306876455	1.4961396178808883	2.199206702388631	2.146010026826278	0.03470918812130098	0.8035527416620613	0.0276157169120858	7.401799036227547E-4	0.863819055949707	-707.6241631557059	16	37.690835201100036	
726000000	-3379.7310754358546	-2696.70667089483	-683.0244045410245	0.03589746383968649	0.8932535522062164	0.6774418619478663	38.13837831730868	-1038.9301161295257	-1087.3545160474087	-344.0192975510395	-226.40274116685615	0.6247894792435342	1.3908437231334123	2.2315059460537836	2.4562709805776626	0.03273259053116439	0.7339747622760187	0.024983770690306006	8.567993360932248E-4	0.941634139875298	-682.206918095727	20	36.736719112056605	
727000000	-3414.57130476867	-2708.394786499063	-706.1765182696071	0.025193619945960977	0.9253484574231151	0.6515588559107924	37.511870056044714	-1046.7170047241618	-1085.6709891873547	-348.17576509638843	-227.83102749115778	0.6167493311081951	1.3579694463515506	2.1430941162360138	3.0596229883669355	0.033080606259058086	0.8138549664771888	0.028071939717534862	9.949767614651865E-4	0.9748655713008013	-705.6801747156239	20	36.5187004078654	
728000000	-3429.255594957639	-2691.578446674979	-737.6771482826599	0.029677981425085112	0.9109059757893877	0.6203098372075856	37.35885578390834	-1052.775870620979	-1056.7815059186767	-349.3699903388916	-232.6510797964321	0.6073297309998386	1.4982917635353878	1.9677440099535957	2.282557221765433	0.024478813263204103	0.7100051577981725	0.022745833482205362	4.7895317993639495E-4	0.8456409723116342	-738.692620329546	18	37.14850625868856	
729000000	-3420.381687467311	-2706.4415716476956	-713.9401158196154	0.06401736825908741	0.8263470647780915	0.676243987462031	39.84852057602701	-1037.918046036849	-1084.578823012168	-352.71412889328195	-231.2305737053967	0.6011836973031576	1.5960641010986611	1.4347316242218613	2.4521524989634664	0.03577722889956375	1.013417257875969	0.02571634479426196	0.0012851154616959255	1.1112087732918703	-711.3278875432158	15	37.00973641371037	
730000000	-3366.5395101381287	-2682.98360966324	-683.555900474889	0.014655611652577664	0.9627741772385174	0.6239718386068037	37.0478532815597	-1036.90321424034	-1070.6393092729886	-343.1041220553391	-232.33696409457212	0.5715840017218834	1.499388317720401	1.9334927713476475	3.0117967579418776	0.03858056376136816	1.0306299683265576	0.03365009670974041	0.0026811758078278897	1.3289514791538277	-682.4021220635084	12	36.90923623834731	
731000000	-3356.3388259499507	-2662.6587437339213	-693.6800822160295	0.015531362148015601	0.9384391068082116	0.7120967205264337	37.06008544094987	-1031.4878925508779	-1056.9590904271447	-352.9583574537123	-221.25340330218606	0.6452180219650828	1.337752997093331	2.1888751462862124	2.6205491028222094	0.030016020592847095	0.9110417892125632	0.027239793903224976	0.0013682960976856683	1.1460122419140324	-692.4328624321199	22	36.66119942133646	
732000000	-3444.1473963726926	-2700.7265535784845	-743.4208427942082	0.04224163735780447	0.8415809982207776	0.6787766372359604	38.01905287247062	-1039.5791020926492	-1078.4502314156066	-351.2967957026901	-231.4004243675388	0.6815266773084727	1.3542649013862873	1.8019891263745405	2.4591280475066584	0.026743210957685837	0.7910872386411556	0.022407135152280176	8.178139518567027E-4	0.9971472965714356	-742.8587717407659	18	37.72347412760728	
733000000	-3430.2171854065973	-2698.7091082597826	-731.5080771468147	0.04703390762156164	0.84908937281743	0.6428144821518771	38.290037633509556	-1045.5192378385873	-1074.4590619091375	-350.42832855073533	-228.30247996132223	0.5830269682416975	1.5712512549393507	1.9003934033574494	2.2055378530777414	0.026174461905506475	0.8632776325978593	0.02193988494216065	0.0013463364038649136	1.2373062810819218	-731.2000531314255	11	37.089431378936865	
734000000	-3398.1553531947284	-2675.1515438560937	-723.0038093386345	0.05505158016014236	0.835933073332668	0.6960364685962226	41.28814107419886	-1023.786311331	-1070.1199309509843	-361.39929185590324	-219.8460097182061	0.6248815905379758	1.4572940831927543	2.253694972232549	1.8176368296363838	0.03831904400676965	1.0855119051983766	0.02294559983904555	0.001650030767431999	1.2107219638088134	-719.5772314027548	21	36.16982880326476	
735000000	-3422.5269061515305	-2716.5980031986046	-705.9289029529259	0.016977257267995795	0.940433093132155	0.6171349686402219	37.30009740014014	-1049.9562505800006	-1087.4237760278174	-349.7314206344505	-229.48655595633613	0.7226994853340977	1.3466604420067694	1.4863209789178873	2.297704087484626	0.024428927106894784	0.8641294659406972	0.022450024579002793	6.414782607586427E-4	0.974203658451602	-706.6966754700692	22	37.14117096605419	
736000000	-3392.8697323748347	-2667.20112748429	-725.668604890545	0.018581291645642952	0.9355343271962381	0.6186368105550464	37.18963938611559	-1034.0660427253265	-1075.3739966949763	-336.94244659075486	-220.8186414732317	0.6560506326490977	1.4432942040164116	1.79679401795486	2.1510006120981586	0.030539230165509194	1.007242295345931	0.02107942155248199	0.0013545199015871634	1.186274586745058	-725.378176238118	19	36.959134196584046	
737000000	-3396.564766719689	-2679.638254066404	-716.9265126532852	0.03953780047283683	0.8776245217696814	0.6286481669239464	39.74838166418817	-1022.530454369801	-1074.1786060842812	-351.01430960008634	-231.9148840122358	0.6515645066657594	1.404235253904216	2.098195322126733	2.0603152744905806	0.0298429518261894	0.8486900588723584	0.022515458853380625	8.587418704110065E-4	1.0222797030445838	-716.4742986461949	18	37.45594565832068	
738000000	-3410.0182032249004	-2671.471085616861	-738.5471176080396	0.048823899471182555	0.8372388844891766	0.6682050015106293	38.66628676722854	-1029.9943362358913	-1073.4552647431158	-341.6705040709134	-226.35098056694022	0.6275419771908483	1.4046805537706115	2.1349479941452216	2.4484184596839698	0.024211607132343934	0.8275695433643341	0.021664811444940993	6.920791522687374E-4	1.0474290857502646	-738.0991629466965	21	37.02037882569281	
739000000	-3404.913844870196	-2681.7656455098913	-723.1481993603048	0.010120031936112545	0.9658777482056452	0.6616559877500577	37.492818778151005	-1028.771164355298	-1088.376563887186	-342.0066141942308	-222.6113030731766	0.615052058800099	1.4122399138958077	2.2585546990299936	2.401380934433142	0.030174300001080824	0.9444583794368833	0.02223556853585864	0.0011838644262177366	1.1916001593287833	-722.634013195959	22	36.855215912479835	
740000000	-3378.438107290795	-2674.6885458151874	-703.7495614756077	0.029411837575821286	0.9123756591436655	0.639551486960946	37.23405937533777	-1034.5295957970554	-1060.5541222814138	-344.9635388510881	-234.64128888563005	0.62348655567195	1.5392095722013235	1.8168194366067838	1.8714352783588757	0.02867938387789236	0.9538887915007834	0.023874501986665356	0.0015026666092513054	1.204973707430908	-703.3735072340459	13	36.91252648220225	
741000000	-3406.2310675734043	-2698.0448401124654	-708.186227460939	0.0010149882205441997	0.9964469678593395	0.6500956556342306	37.01731788415718	-1033.8625871834256	-1074.043812626641	-358.85618358505604	-231.28225671734302	0.6073543433472753	1.4669796285645884	2.101185733527499	2.330375785647088	0.0318734789080737	0.8367037358370608	0.026438197693175035	7.281803445944574E-4	0.9025243344700608	-708.2000292564834	14	36.99919449228416	
742000000	-3432.679445125959	-2723.6766827833603	-709.0027623425984	0.05714612945120462	0.8150598242665589	0.6840181893736798	37.96302340962295	-1052.2133210097222	-1086.8551216231617	-345.9839303458726	-238.62430980460397	0.5755347648552263	1.4381592293617542	2.1627656186209556	3.0865665709078933	0.028223716229740847	0.7846020618905437	0.024507217386958647	9.028304120800871E-4	1.0556301052491395	-708.0187294803011	19	36.80352494892776	
743000000	-3400.992317983196	-2694.9763640825804	-706.0159539006155	0.02657438969615279	0.9121291993594075	0.6227056400752987	40.11904465379697	-1054.5764250159464	-1062.8063588088319	-343.49552842346066	-234.09805183434162	0.6249947427742812	1.4564460696212018	1.5665499924974708	3.0256227738269597	0.031226433123540585	0.8855039447823587	0.03060755006827632	0.001303133549611659	1.0985284219448992	-705.552844950906	14	36.445573121601726	
744000000	-3387.6592522528954	-2678.6267703124586	-709.0324819404367	0.010890127056867427	0.9604200323712715	0.6580330306881592	38.78570926097398	-1034.7975132385686	-1057.461212643989	-352.1295132406503	-234.23853118925035	0.6154392510007296	1.4784319332309135	1.9143350033367499	2.4006805760682757	0.030971042100159003	1.004688007399938	0.02485730524309699	0.0011824453168586533	1.1670710805324052	-708.1545604780633	14	36.973336926359075	
745000000	-3413.528962215487	-2701.7926752224785	-711.7362869930087	0.03420229597767888	0.8900773424289083	0.6341831180227193	41.03276222983038	-1046.6044235309762	-1083.275571963111	-346.0460451665747	-225.86663456181657	0.629002775090426	1.4801388723294693	2.019004687931759	1.9444392184358061	0.032032130210441476	1.1409477784180582	0.02492486319286304	0.0015546003132695576	1.2695207346861832	-710.0441460282178	19	36.86331592784071	
746000000	-3401.7172903241226	-2705.5236945002525	-696.1935958238703	0.07791059665199769	0.7661731964228881	0.6978731708489722	37.75256882722772	-1043.0231359066652	-1077.4450779902406	-348.7145468024083	-236.34093380093879	0.6515461851853327	1.401771819173691	1.8316347209099844	2.5493153473226804	0.03017709517839649	0.9424127015789623	0.025694787950877776	9.518070555531803E-4	0.9755311280966507	-693.9870923712608	20	36.53888113463507	
747000000	-3398.954809655753	-2708.0473296467567	-690.9074800089959	0.029811450468902514	0.8894731962053276	0.7325605199657307	37.55174000987133	-1047.7991019757446	-1083.1541997889117	-350.8089994829737	-226.28502839912667	0.6551917601434982	1.3589110513931852	2.0020988976962966	2.567484023766015	0.02677473144214466	0.7970318209723942	0.0242963658432299	8.316604089524368E-4	0.9903118730121012	-689.6681646662112	13	36.812912033303085	
748000000	-3411.962355798421	-2695.8852527483027	-716.0771030501182	0.0013735959523860411	0.995488638923027	0.637065817840225	37.871275922186676	-1039.994723101386	-1086.8759528783262	-341.3824287075484	-227.63214806104173	0.6354377886421813	1.3566664891196627	2.1291571505049154	2.7406586003376376	0.02592700191964155	0.8561076489841233	0.02366145152210273	6.759498549693948E-4	0.983450066376644	-716.6875989548911	22	37.076353886658396	
749000000	-3407.548430097898	-2675.9576402056628	-731.5907898922351	0.0425364762983611	0.8623725991298117	0.6390910861747906	41.639810107424154	-1022.6416336482348	-1082.4522447596532	-345.9823424306236	-224.88141936715124	0.6361005050421216	1.4684315350486816	1.7192476249926418	2.4395232450240782	0.03075782914374443	0.8664035741329406	0.023614496653769034	9.534019791025014E-4	1.0147125657878948	-730.6057769891285	13	36.329788424929035	
750000000	-3409.0666844654775	-2688.4405145623973	-720.6261699030802	0.02248055785935269	0.9126975661244727	0.6822163388788387	38.328517951174376	-1046.841602394394	-1074.1247585248225	-343.27585200303776	-224.1983016401428	0.5880789464945031	1.5652848543223992	1.8838501895750852	2.1921984959460836	0.0300647100685355	0.9365704119273948	0.02859811428774445	0.0015167246401083625	1.1588628992183587	-719.5375463026004	21	35.622798185181274	
751000000	-3408.9023469014455	-2686.38574589501	-722.5166010064353	0.018012474356226563	0.9430143296904908	0.6077917415545494	37.4499009607571	-1039.8329449435528	-1069.4617957154312	-350.6259760642648	-226.46502917176173	0.6257561469867111	1.381911191014737	2.2514980997848766	2.48331081349605	0.025047575558543613	0.8496677437014041	0.022406914367085834	8.108381440464443E-4	1.1489494794493693	-723.3589074986297	17	37.03770708572263	
752000000	-3466.3064567325387	-2716.4934684641694	-749.8129882683694	0.0061193164326501515	0.9790510551986276	0.6039686171035324	37.63760121021409	-1041.002409337433	-1086.193801860244	-351.277676062896	-238.01958120359646	0.701847663957056	1.1733676864788758	2.181939397616829	3.036191260676291	0.022189163116625117	0.7463707455298152	0.019806585887632133	3.596422402588959E-4	0.8101457734210147	-751.4461155646445	15	37.551746042213985	
753000000	-3440.04616052939	-2678.45049473144	-761.59566579795	0.04681843818972444	0.8186838096261263	0.6981093561075782	37.291619355885565	-1033.7282932202008	-1070.0144271089237	-346.1475055724018	-228.56026882991367	0.6239214776254435	1.4411442425075396	1.7632992396169287	2.839420073218789	0.026283521889163663	0.7855755982936374	0.021836974317270896	3.7748115840440405E-4	0.801419778944055	-760.7749568296575	10	36.694011156905596	
754000000	-3460.3105336444833	-2707.3863852094983	-752.9241484349852	0.03689685917235082	0.8684933182077575	0.6587347932361489	38.39816810143505	-1038.8943296764203	-1090.1117617762832	-348.8848716243826	-229.49542213241216	0.6547762839473564	1.3401488431534996	1.6234555689626562	3.406863770933803	0.027086155425821004	0.7364314149114637	0.023106091102192788	6.631165303488413E-4	0.864951370417125	-752.8618983878517	18	37.12439357124992	
755000000	-3434.6560930085384	-2724.2194218097284	-710.4366711988099	0.016640665834072806	0.9392375109820955	0.6676388626794186	39.247207172103366	-1038.3824359528044	-1101.2463258575458	-361.4002563269398	-223.1904036724383	0.609032935322627	1.5329007198203446	1.9664797080839658	1.9409282613396717	0.029196888196131403	0.9706405798252864	0.022819756698614253	0.0011534179484457448	1.243574913515976	-709.557085676328	21	36.89224897689134	
756000000	-3396.990245470385	-2679.694637486538	-717.2956079838473	0.06085111563891941	0.8244007695420296	0.6700337498777751	38.200704049643015	-1034.3663823360432	-1055.89229826488	-352.7914976735559	-236.64445921205873	0.6448250911476359	1.3802391790158632	1.8190999126803233	2.892745809861241	0.030592077628062663	1.0060501123913042	0.024691780878633288	0.001742315394223913	1.2441377747628166	-715.5349575151606	20	38.12267010005621	
757000000	-3389.6597053553496	-2686.6843270618033	-702.9753782935463	0.019559409767284763	0.9413589387522731	0.6547827984491741	37.456103462347045	-1029.4608986698836	-1083.1714715308317	-346.67926263052647	-227.37269423056176	0.6373073568113616	1.3695401019687827	2.253235746036714	2.3721367473005097	0.032506878552744166	0.8964461837079132	0.024312775658151695	0.001385522071581922	1.1211975172355892	-702.3284267648957	14	35.64391035173615	
758000000	-3415.1783443271847	-2683.363308051884	-731.8150362753008	0.017478547190375452	0.9330677604181473	0.6834016135105614	38.09153987084162	-1035.5946234199334	-1074.6312541802536	-354.3576798630415	-218.7797505886549	0.6088617255269929	1.3649362932396572	2.313222964799518	2.8490603874307654	0.030618575701849227	0.8761715915180682	0.024778892483269522	9.935144969409572E-4	1.085766986684931	-730.9535416384394	20	37.20377413902798	
759000000	-3390.3301844636385	-2654.5066897202105	-735.8234947434281	0.02827805927290781	0.908342940945024	0.6364037081743593	43.30493969050751	-1021.0734984069434	-1062.4435771712276	-347.0049122547686	-223.98470188727103	0.6796914999754048	1.3301920834588723	1.7040635130635755	2.8820216014759588	0.029205074950208115	1.0139769076317107	0.020798668308402136	0.001689824949864143	1.3797538611031592	-734.6340569946582	21	37.01274487810965	
760000000	-3395.5949948977373	-2673.8942247537952	-721.7007701439421	0.031844974692237064	0.8820246980306921	0.6776115748526358	39.16837074550354	-1031.7974584573751	-1064.50541847635	-348.1348903539042	-229.4564574661659	0.629941651724301	1.3673248844191384	2.2049948450390278	2.6164436786474803	0.03069865682473761	0.9606427904436097	0.024359125700280884	0.0012894472255267247	1.2033861748262604	-720.3018546541585	17	37.66216008603393	
761000000	-3434.320919285513	-2682.04479570463	-752.276123580883	0.010328230453179635	0.9593457900695296	0.6215184163626322	42.22063361333931	-1029.2705226341704	-1074.2642857196024	-351.36467733910416	-227.14531001175283	0.6216805996306466	1.470808786164579	1.8451136542108753	2.471840636667177	0.02621577597252649	0.9202240435607821	0.02048339900393736	9.566350656989531E-4	1.127240072883276	-752.2508476107637	10	40.219202254016764	
762000000	-3390.6206002515382	-2678.458246076412	-712.1623541751264	0.01842298785760427	0.9410020703192012	0.5879616696527773	37.14625223742612	-1023.5574229294757	-1080.4597479261276	-350.8954813793976	-223.54559384141083	0.6294570215146569	1.4291439163714097	2.2331148892867474	2.0200702876267878	0.030493916818646685	1.0001536098395585	0.021846561132648913	0.001319085795204863	1.291714730148226	-712.2602840043982	16	36.596906851287834	
763000000	-3379.2927413523234	-2672.844632786472	-706.4481085658513	0.021421118172153746	0.9283436848906725	0.6605090617473149	37.39512560145626	-1031.947584898213	-1060.7763170270307	-353.4575306926931	-226.66320016853547	0.6159403635914114	1.3807922043703977	2.1875791416557337	2.7917397545318443	0.031026110639012335	0.9839557750021377	0.024716526702300356	0.0011974403218624494	1.1294946809582918	-705.5661050584526	16	36.519326636377045	
764000000	-3396.686314211954	-2675.517244153288	-721.1690700586661	0.0628404195637267	0.825813049467531	0.61704969960097	39.164930740787995	-1020.1954951810965	-1082.057493563349	-344.63199411962916	-228.63226128921355	0.5873553909726074	1.564006017135901	1.8856837940608697	2.2142467776905774	0.031079413469007874	1.042583069215689	0.02239166074462065	8.552713345548609E-4	1.0498666810933341	-719.829267004163	21	37.08353764628378	
765000000	-3374.294563538054	-2676.507095423124	-697.7874681149299	0.010001036216623392	0.9699236983162625	0.6597251740798901	40.50475164052134	-1044.9204972662758	-1062.740263344896	-336.9574092552014	-231.88892555675048	0.6631775702493607	1.4015989360916077	1.8094192612234687	2.3687520332963925	0.03939869063265872	1.1760263838869438	0.02719633075557934	0.004900244040402011	1.669563319117599	-695.3459489583109	16	36.99076031966338	
766000000	-3421.9491317399606	-2685.2936774097357	-736.6554543302252	0.030933253410503177	0.8840531719275809	0.6478132441788891	37.26351619015678	-1040.8533860668924	-1063.8278779284835	-352.3747395437694	-228.23767387059038	0.6549636163922512	1.3699524939797414	1.9961623204859826	2.482834781878829	0.036983028726669955	1.10886426698148	0.02403250456222201	0.0018575709927593624	1.309535852020509	-734.8003200460487	19	36.27008357133932	
767000000	-3390.8867917966	-2672.1026533877084	-718.7841384088914	0.07694493645707817	0.7879781704229192	0.641874877273231	37.760059775343144	-1032.1958263146412	-1064.0466837979673	-349.9978478318823	-225.862295443218	0.6131729930300758	1.4378138759594565	1.9575887134318224	2.733608000287558	0.03677778256950542	0.9454074994371453	0.02699390476584748	0.0015427959985022486	1.1182227908846896	-716.7646086554646	17	36.867059188495176	
768000000	-3419.951133460896	-2684.4118712525797	-735.5392622083164	0.056799147275517776	0.8034663025864913	0.6691596960913503	42.53493020598455	-1039.369206527182	-1073.2651419820554	-349.00060104112663	-222.77692170221545	0.6561833970207076	1.3574186028573805	2.1784452406766364	2.2534688597057957	0.029442441616145648	0.9344485291393924	0.022996884783687905	8.946013330755232E-4	1.0231125543959567	-733.7058182603307	16	37.15160234301684	
769000000	-3381.2447666315957	-2664.3146898142995	-716.9300768172961	0.012483556472659543	0.9533626547859592	0.6757091515974949	37.70439286446543	-1029.7896145416373	-1062.6682124182494	-344.37861715146823	-227.47824570294438	0.6230237378118366	1.4902225851725412	1.8553860522078285	2.2536201236582665	0.03355377301653094	0.9619125153947936	0.026300496790336914	0.0015399366780079085	1.1586246193153602	-715.7491726871231	17	37.3673675904699	
770000000	-3384.1791499636875	-2689.01767929206	-695.1614706716272	0.0033530874366627015	0.9886839439961412	0.6132562225602027	37.10052386150023	-1036.3207629162214	-1066.4509315433702	-351.76435166562686	-234.4816331668423	0.6441307055370956	1.4211370344436625	1.8288124283213325	2.520861535239637	0.030490528803134336	1.095672751441244	0.028896350336489757	0.001652874505905305	1.2581684573292509	-694.932929722463	19	37.04347781872033	
771000000	-3390.962888791777	-2694.135398560534	-696.8274902312428	0.04776667906229011	0.8484033926567977	0.6620427903524845	38.07540355308807	-1044.196504630939	-1074.191957970047	-347.74216478758626	-228.00477117196223	0.6115533410999908	1.480593789646961	1.8737108302858925	2.5261484592769503	0.02582046827090941	0.7574893544703313	0.02145200380181894	4.628742575617286E-4	0.8375883450857782	-696.6365969596224	15	36.70392774623342	
772000000	-3404.505719905529	-2699.9980018947736	-704.5077180107558	0.028407232347886512	0.9139851032153359	0.6010627622908283	37.83775978672074	-1038.6913003347597	-1080.8669205404922	-351.3655241267063	-229.07425689281558	0.647263592543358	1.351838920168271	2.283216935044852	2.289811823832977	0.03199714277033219	0.8374079263846713	0.025951360841201726	0.0011378258193933156	1.0696063354328125	-704.5875133087708	17	36.905183259122104	
773000000	-3419.7652627282027	-2699.1967620550276	-720.568500673175	0.06559552353921237	0.7821697625777305	0.6655088285917719	37.68902634103974	-1038.4073663941585	-1083.1315278532668	-348.2986136213828	-229.35925418621935	0.6189500959616946	1.478378815974822	1.8179480148007077	2.5031298070528223	0.02717364843579213	0.9725117878105215	0.022100492561619178	9.237676012638474E-4	1.1452585949152743	-719.2494343279701	16	37.20586055791411	
774000000	-3413.2961458884242	-2680.3991215763363	-732.8970243120881	0.0067931100815352965	0.9784909858222791	0.6163871217089781	37.95241377233695	-1018.7325901379055	-1073.3798944324078	-355.8373857091229	-232.44925129690006	0.639581381986046	1.4246476025602195	1.836342412597574	2.562526097177063	0.03104078923217756	0.9124899031267864	0.024022868650453798	0.001088245980583363	1.0842008360689879	-732.9968111272972	14	37.90485240629583	
775000000	-3403.6441998769333	-2684.7317463169547	-718.9124535599786	0.05131755290675191	0.8199973914228798	0.6924741273641691	37.176199972236816	-1039.7838857622955	-1059.4798234239897	-356.79950899846847	-228.66852813220092	0.6035199320194485	1.4442778875432418	2.425092790540474	2.0407079202951217	0.028420955286041136	0.7905331956205264	0.022664550944401545	6.118635152853972E-4	0.9316145196877049	-717.919476729931	19	36.705406191334326	
776000000	-3399.9680205063178	-2673.7864888773584	-726.1815316289592	0.03237607964276609	0.8914676526614314	0.6518398190188269	39.34831959085377	-1046.3046944651342	-1059.2502497138178	-341.9934228957644	-226.23812180264227	0.6490392214538184	1.3885619928440405	1.9537723567225738	2.5020952325162686	0.028203853431926353	0.8448716767864726	0.02092303050791766	8.525850240418326E-4	1.0731858913026326	-725.7478090978888	19	38.1199630603668	
777000000	-3407.7230869823034	-2680.3627873655305	-727.3602996167726	0.049039583077881865	0.8432846082914175	0.6714764163448403	37.42324051943517	-1023.3008515592691	-1080.8504720862295	-340.73337655973734	-235.47808716029488	0.5980996384779741	1.5843262695815177	1.58471322332618	2.353922301863645	0.0327472283557196	1.0617952065907394	0.022221582190022637	0.0017808467849974102	1.301882217674855	-725.4475236020623	16	36.451049526355234	
778000000	-3389.349577882255	-2684.252007600811	-705.0975702814438	0.02023549069358487	0.9342080797142094	0.6403340385933146	37.45357693503448	-1033.8158154586888	-1066.4961341775354	-351.3052592217309	-232.63479874285588	0.6124268934583147	1.3282485130114254	2.213563033580089	3.285917098423624	0.03346932354974022	1.012490301326062	0.025041047095210236	0.0011951466198049797	1.1398079003710817	-704.1717519097926	20	37.409133228793344	
779000000	-3417.9905197857397	-2684.545747738777	-733.4447720469624	0.023147679793068126	0.9192485778494066	0.6367424913097671	39.85367221097132	-1040.738143497619	-1068.0111423447124	-345.93538681442544	-229.86107508202065	0.6032987663835009	1.4912851177249646	1.7120826923287777	2.8696126676130373	0.02599740862938136	0.8001075597635968	0.022051582979358084	6.754166333370118E-4	0.9719570378775819	-733.6621724384772	13	37.88380841678426	
780000000	-3416.2637451810597	-2707.48953805091	-708.7742071301493	0.03141284512458578	0.891777360902932	0.6744078739589473	37.728589680533254	-1056.8691197853693	-1076.1271636814656	-340.53671736390186	-233.95653722017335	0.6669820062492064	1.3592599230609361	2.2071315373304743	1.981522383387866	0.032214622139526757	0.8931176369981987	0.022859557061784136	9.763156905934129E-4	1.0139208409092129	-707.6471465893911	22	36.72559423962174	
781000000	-3369.2640085021812	-2659.2209985388117	-710.0430099633696	0.02441291086164233	0.9251917359117211	0.6050888218788452	37.12580916957296	-1016.3795646494432	-1076.154442969356	-341.6447545868797	-225.04223633313273	0.5909536859736897	1.5284315211690955	1.682941816960623	2.820848096296506	0.03137022341673042	0.8990064125609382	0.02491579132646047	0.0015477247301005626	1.1840469584896591	-710.0840561282116	13	36.97499222836193	
782000000	-3411.8033426217185	-2696.999593044203	-714.8037495775158	0.03628932080691991	0.8622550227644538	0.7016138749317119	38.766877973111434	-1035.767011177735	-1076.4418509890766	-353.5179666019243	-231.27276427546653	0.6292446844663787	1.4704094611676504	1.7956990595335398	2.418192490445839	0.03229623031000444	0.9819251119603909	0.023185161076885726	0.0010430638020780252	1.067124513387231	-712.7558642306116	13	37.642238919228745	
783000000	-3413.4383016825677	-2694.341185066138	-719.0971166164297	0.013942733486487916	0.9531141614649297	0.6399957499925721	37.63411600870658	-1043.583965840573	-1081.9929666183534	-337.7723487624063	-230.99190384480573	0.6441007394972941	1.4535205965556537	1.897947963118936	2.108991645091967	0.030037447903339773	0.9409978064502869	0.022281317481280045	0.001172103020624271	1.147837776297034	-718.8257235568389	15	37.52009739041749	
784000000	-3394.7955238327067	-2682.1835049126353	-712.6120189200715	0.0541689460567888	0.8251625480081658	0.6902861075935677	38.092052793232135	-1036.489778809994	-1064.1555779559117	-353.42502404250473	-228.11312410422494	0.6149339386339847	1.4554249285841527	2.0949268753740613	2.3013087767918545	0.027539509634633794	0.8678346223683172	0.024728190739850477	9.282973326162221E-4	1.043989286583044	-711.3681426264347	20	36.93789437916351	
785000000	-3429.776101021889	-2707.1432792697137	-722.6328217521756	0.04854743168936465	0.8548164520443159	0.6210106175878777	38.68987087909447	-1042.9664343709933	-1083.133085657058	-351.4400569844213	-229.60370225724128	0.6719567755427112	1.2824632968065526	2.2012292700682115	2.5885003708097467	0.02582641891659349	0.794588255145539	0.02291008013759431	8.226552015844512E-4	1.0597551672243535	-722.7977444584802	13	35.72478512105433	
786000000	-3388.403491936074	-2677.869977735766	-710.5335142003078	0.029634972164952814	0.9009680435600478	0.677339088125747	38.40825264758037	-1037.9490575867324	-1057.0117482021371	-345.7655230778627	-237.14364886903388	0.7260562665245731	1.3262439129237023	1.4660952337632809	2.4530690606336485	0.03777962160966389	0.9487244463823328	0.026698169669194697	0.0013608954495089366	1.0495183005454158	-708.5818878265496	18	38.29485117434599	
787000000	-3389.5985341487885	-2676.5306862829802	-713.0678478658083	0.03333838071229168	0.9006958240737422	0.6262350101390688	39.10538026190858	-1024.9839811332738	-1066.8058446021516	-356.19107470128915	-228.54978584626593	0.6403888836130728	1.362229184872986	2.0769504497699214	2.687885260396996	0.0299583038638674	0.9086471301192588	0.02548038764933894	0.0010902520358034133	1.115811279756595	-712.6191971212448	17	37.427233861089185	
788000000	-3379.645007530825	-2674.6739080652196	-704.9710994656051	0.03793304243254526	0.8931538458063831	0.6349750209244903	38.4817938869759	-1021.9292853884074	-1064.1052131915737	-353.2451968762181	-235.39421260902063	0.6092098799055428	1.4391397949123335	2.066695216014492	2.6060374995579285	0.028627076009064376	0.8624601116456482	0.024838543126428293	9.569916446615309E-4	1.0660823106154635	-704.6838673368962	27	37.19903109943539	
789000000	-3425.1713306359215	-2686.66508257646	-738.5062480594615	0.019181779732491112	0.9247703185697554	0.6640990997144169	37.534855871139335	-1028.0500306185356	-1072.2831375023031	-353.0664418695952	-233.26547258602625	0.7026230908599814	1.3617779033728399	1.7721486431561688	2.042900017781079	0.028937055756483247	0.9893094428879236	0.022217369049217697	0.001119153007464083	1.1660531002825636	-737.7742265808944	23	37.15244153981558	
790000000	-3410.1027539986208	-2692.587255528794	-717.5154984698269	0.014658044972915885	0.9474847253268941	0.6699557089806991	37.43482544778225	-1031.9339494336828	-1085.7961656183609	-347.5891073677629	-227.26803310898725	0.6082480295956235	1.3996649195338478	1.9841742728081773	3.123998184463783	0.03548862381460394	0.9150349733741503	0.02485686266007176	0.0014203406622666987	1.1362378344465203	-716.3613771902919	10	36.36064187791684	
791000000	-3390.289121954502	-2679.3373978716445	-710.9517240828578	0.01598365784421637	0.942428539740966	0.6631097738961751	41.21401370003794	-1018.1222397465489	-1078.7204675297844	-354.1547247942683	-228.33996580104295	0.6289573807113754	1.4121120400532494	2.1413537341941398	2.3434323711644214	0.03290967993134171	0.8880072560447938	0.026231452513877197	8.677614818418601E-4	0.9751130388426759	-709.8319650181186	18	37.31459413696716	
792000000	-3431.40742208698	-2681.5066065749347	-749.9008155120455	0.016820780909111762	0.9487346119010277	0.5806417096912442	38.047172318065854	-1029.978706316176	-1068.8862633848419	-346.7108300800046	-235.93080679391218	0.6825136081799251	1.4324491909805364	1.5460428960784027	2.1846236576189315	0.0252539215164793	0.8660010515838311	0.021016421296279533	7.331016617396858E-4	1.074319471094515	-750.9317309696532	17	36.99898476984141	
793000000	-3378.6825222050766	-2676.3992441852242	-702.2832780198524	0.052921182228783205	0.8546710514427676	0.6543009001331793	38.053827737714265	-1026.9141588703003	-1063.9268435475346	-355.2722780821633	-230.28596368522616	0.6419187390584529	1.4339400518328849	1.8888453397434006	2.3426041468420586	0.02843015558497708	0.9126385005569071	0.025667840800708483	9.264606348526383E-4	1.0401401949993527	-701.4045777670913	13	36.84787614197763	
794000000	-3427.76578758889	-2674.4079756032465	-753.3578119856434	0.04282886514277094	0.8361637838612636	0.6673982893235889	37.501462527141655	-1044.5575177253218	-1062.9595875686077	-341.2729759897286	-225.61789431958886	0.6035494437042092	1.4647173582109645	1.9205721754934875	2.7391030386073756	0.02935254090403845	0.9838162430438276	0.02057143924958027	8.017498954462412E-4	1.0561830414230795	-752.1485913503933	19	37.0124199870562	
795000000	-3423.879155774546	-2702.1469539497252	-721.7322018248204	0.042717751413164896	0.8531343894808839	0.6930075588522094	39.41881753352047	-1041.525152168202	-1086.0960502990647	-346.0588321811624	-228.46691930129583	0.6389744502554358	1.436786969968136	1.852232704455133	2.4369954826366156	0.026579528648577922	0.9440559701361182	0.0205576091413624	7.618797947543757E-4	1.06365553216045	-720.3424517837383	19	38.96016312790225	
796000000	-3392.572729069002	-2698.7993143499866	-693.7734147190151	0.018837130617659986	0.9301282389481464	0.7258582583210833	37.27339224227486	-1037.0767060208111	-1090.8039967599884	-339.3759773180259	-231.5426342511609	0.6588948548310228	1.4279338215071142	1.9874949844090986	1.9014771419302428	0.031005789255536712	0.9083696318264141	0.02327152090767416	8.530372066575131E-4	1.0216537463314705	-692.1130570682169	15	37.22538938451433	
797000000	-3421.819545909848	-2692.7484918333407	-729.0710540765074	0.025117870515566503	0.911353408603193	0.657230212110046	42.13995722468504	-1037.2635593770326	-1074.0206776303912	-354.41320878527745	-227.051046040639	0.5978463771725978	1.4246780044634788	2.2413601269894246	2.6464365713174836	0.028236442515936305	0.9320635012226018	0.02369126484413048	0.0010219870408922102	1.0738171050731695	-728.1138859853631	21	38.57241938861865	
798000000	-3435.189278854389	-2682.3387871728314	-752.8504916815576	0.06189748668558043	0.822409642023906	0.6575477798592547	41.05876024934336	-1036.9271308679465	-1076.443810637501	-351.85980284034497	-217.10804282703916	0.590242136003614	1.4392872141272155	2.2943281158355906	2.5667402860737893	0.024511849311967586	0.9708312823854139	0.021474697052755527	0.0011854991606311605	1.2674550247636638	-751.6445455584189	18	39.27647370686804	
799000000	-3391.138658764764	-2677.886255761941	-713.2524030028229	0.03391824179109185	0.8851634421585847	0.6686055743758178	38.80387970073733	-1031.0399204650046	-1064.643148746944	-352.00548915157015	-230.1976973984222	0.6366669574294929	1.4259687221672412	1.6752480408977481	2.887925237763097	0.03325569663263307	0.9429570018156458	0.02504983986603924	0.0011604253790557452	1.0298630099272132	-711.7989343615403	16	37.3226848180936	
800000000	-3432.075871989395	-2703.7495448573964	-728.3263271319988	0.04570983487808246	0.8587843192158835	0.6258955005781893	40.23724671665956	-1050.1360632952765	-1076.6551117297902	-342.17931733500325	-234.77905249732623	0.5769107724486978	1.6667314374845938	1.8022234236030612	1.6342213948077022	0.0303598831455727	0.983068066333536	0.02157841081759567	9.511315105634818E-4	1.0684101788860052	-727.2849071448362	24	37.932421483489016	
801000000	-3433.1044830683227	-2702.6775257371773	-730.4269573311454	0.07343909357595453	0.7859443803591686	0.6386219467996223	38.1014400207904	-1037.704675588335	-1083.0858718007564	-357.1415369397436	-224.74544140834246	0.6273580507542272	1.3655420254781918	2.186423411680996	2.714077835923877	0.03001003223832428	0.8518150353087298	0.02339671302616565	9.349504975912364E-4	1.0171791316947614	-729.4387304101181	21	37.79453507816904	
802000000	-3388.9714464673375	-2683.520074318761	-705.4513721485764	0.014698922674980911	0.9501752230669173	0.6534102880627459	37.23979627334746	-1036.2756842205124	-1066.2108336270342	-350.47388592037805	-230.55967055083642	0.6380563854840935	1.4000051346555185	1.7232211026477628	3.01124553426861	0.026429343719721634	0.938095715590363	0.021114582663174036	0.0012619370029563447	1.25958863677369	-705.3847839118657	18	36.96295711462443	
803000000	-3405.889372041555	-2683.6413462221453	-722.2480258194097	0.03483056126944448	0.8812957164110716	0.6525413620628608	37.558717722685515	-1027.4231706464996	-1072.5650452941961	-353.17192200038164	-230.48120828106812	0.5848653219297841	1.4569047642102806	2.2554018358918557	2.5784627926304404	0.0308466434189353	0.9293312360395755	0.02418748310566649	0.0012404994806545716	1.1389681542369483	-721.4209446168728	14	35.88850612893808	
804000000	-3409.8813828503	-2704.4283252611817	-705.4530575891181	0.028206242251829893	0.9161104800880133	0.6352999569464063	37.61568445836871	-1050.7607956502354	-1084.8184063571025	-347.57478095730704	-221.27434229653664	0.5915596379587915	1.4746635014612375	1.8905772849478197	2.9298851169727707	0.025472776809299363	0.7066264348091935	0.025231278549223232	6.710234571180674E-4	0.9349186766587695	-706.2012394068764	19	37.24048798522556	
805000000	-3418.3736375744065	-2684.8328298662113	-733.5408077081954	0.04041198064748321	0.8730743391110468	0.6611832424341713	37.879726517872115	-1037.2088461073638	-1069.9029797340268	-354.81681147650033	-222.90419254832034	0.5660414265650292	1.5597124620725997	1.8751352785251778	2.6763139991915925	0.028225033183770645	0.8822301741855536	0.023142741501399187	9.78649101276605E-4	1.0432243507097234	-732.8829341785988	16	37.14901247383929	
806000000	-3403.1149011862663	-2683.511923240197	-719.6029779460689	0.015332038117226266	0.9508980107339761	0.6302903351806299	38.41038896506054	-1035.4383275666257	-1066.3680119560106	-353.3003385278115	-228.40524518974937	0.5729778278233478	1.4682806477903083	2.5007606957941464	2.2725642236035104	0.028037303119319523	0.9186067699362779	0.02654538881614269	9.359214855372473E-4	1.062192487643759	-719.6212144852401	19	37.08680505836255	
807000000	-3389.7499262147385	-2682.628113125127	-707.1218130896111	0.015273842327288486	0.9500515430442219	0.6130448202819323	39.131900692407164	-1033.9471868711769	-1077.2799176412716	-353.32473463359383	-218.07627397908465	0.6741998824887153	1.3657637554604714	1.7764821467804186	2.5394846767040926	0.02528217034714265	0.8195042367396642	0.022563784472877962	7.356555638422481E-4	1.0057150810150892	-707.8462916662705	15	37.13258613372281	
808000000	-3417.9524154649357	-2679.4156982016	-738.5367172633354	0.013737772037468251	0.956647522860926	0.5534464134826034	38.219403421279615	-1033.713225563643	-1067.1337514254678	-343.9712619664675	-234.59745924602186	0.6054120025852521	1.4907043326744778	1.737613878513024	2.790008669411759	0.031394511379164096	0.8976543806566588	0.023412323474664383	0.0010506195314137858	1.0677000122113738	-739.1768383208879	15	37.021702747544474	
809000000	-3400.8896285155097	-2697.1532989517527	-703.7363295637572	0.07338535092009878	0.7921511003447381	0.6848174950810336	37.92070320510138	-1039.3852768063284	-1083.1404837595248	-352.7795925074604	-221.84794587843876	0.5892593154291117	1.5073189842373529	2.0763699304429855	2.35455477043514	0.033055817122578345	0.9302368700511688	0.024832236185407596	0.0017889584234859583	1.2753393007252345	-701.5628903437996	15	36.939934305837944	
810000000	-3412.6682484571215	-2686.8915510558977	-725.7766974012239	0.023718883113023292	0.916880359324729	0.6606281369231336	38.331793332921485	-1034.1227818916764	-1068.322557356393	-342.727840097392	-241.71837171043666	0.5880143725177944	1.4922487898623111	2.487376492425366	1.7945789516563926	0.026920783134145355	0.8833465219264632	0.020441702783454727	9.041011790608616E-4	1.0963485398373503	-725.4677343227997	17	37.05679285697958	
811000000	-3397.9895832186075	-2704.261717745064	-693.7278654735435	0.07516760063006092	0.7610198611934781	0.7379011587080125	37.73536700203147	-1044.6045373701147	-1073.2258515703372	-352.99217861762605	-233.43915018698613	0.595303974228955	1.486621182364929	1.7965965028694604	2.915589968343611	0.02877826100639906	0.956070653054071	0.027397395044534797	0.0014127417250993652	1.216165101923545	-690.9261064014139	17	35.88759687215376	
812000000	-3370.5938149669173	-2675.615439792582	-694.978375174335	0.09007404951695652	0.7850125360819221	0.6301147464336607	38.2432137677018	-1035.638556766016	-1065.4862804316515	-351.76578691676946	-222.72481567814543	0.6191495631977051	1.4767488911029598	2.286424261560854	1.6941758215851306	0.028912546054040447	0.8001352354376933	0.026644016637845068	9.333066953400933E-4	0.9792291436290239	-694.1387406425998	13	36.85266038604025	
813000000	-3416.6770320521123	-2691.403939562021	-725.273092490091	0.03066108738641108	0.8861160069581674	0.7032870847044617	37.50871374801505	-1028.8831081684052	-1066.5839555389873	-357.8006454706931	-238.13623038393604	0.6084138446870191	1.411164504920966	2.324188385205887	2.4223267325473135	0.024345173425840385	0.7943038906195183	0.02143240769392025	4.710670467649711E-4	0.8836237254708196	-724.7807974819011	17	37.040418949388695	
814000000	-3392.2486174699243	-2693.6713289654094	-698.577288504515	0.06354927119939963	0.8055782672229046	0.6701386763163408	37.048583491646646	-1044.6392859143693	-1081.038118353279	-340.8965005706996	-227.09742412706132	0.6320060072250234	1.3581528424280729	2.306874396172974	2.481480087568907	0.027913050656125284	0.9516026999498414	0.024079951836538802	0.0012557662127756328	1.1616541316849438	-697.3070483916298	20	37.04712235725375	
815000000	-3407.358632804518	-2684.982892825011	-722.3757399795071	0.041136597290042286	0.8694564046739985	0.644941453610607	37.5893503036745	-1036.9913943085485	-1073.9241369772444	-346.86202092907627	-227.20534061014192	0.6887509373604174	1.2970953442990893	1.9545812556053364	2.569356894150619	0.0339924490227979	1.0909879880992892	0.0216250046770298	0.002438018253388277	1.404645044174663	-720.737218671428	19	37.57663570740008	
816000000	-3399.513757722407	-2665.08134836851	-734.4324093538967	0.03727501421023108	0.8635108777657204	0.6854377352699593	37.584643254882955	-1038.6326461817725	-1053.5504711771937	-347.36332693378824	-225.53490407575535	0.697515177483992	1.2953568466391583	1.8100710752014109	2.671375626448926	0.02819965403012371	0.8245225633907572	0.02394829211049398	9.116964892026317E-4	1.0410726973103936	-733.6570615068322	17	37.35766162590187	
817000000	-3393.5245278012812	-2669.7696977929822	-723.7548300082991	0.03929630990590731	0.872300515914067	0.6520601162563184	39.46575425772157	-1030.1819653656548	-1067.0593448504703	-344.4299877677209	-228.098399809136	0.6406572236445578	1.4268898372404408	1.996611753449321	2.2414336470528107	0.028428735452260136	0.7068922845271053	0.026729046165939904	4.8284825729297005E-4	0.7576850816621042	-723.6155860958462	17	37.02388836045791	
818000000	-3403.4367516370794	-2669.896814278485	-733.5399373585942	0.020885507647482218	0.9245515959976156	0.682457108608977	40.049361949900685	-1033.3870879118874	-1072.9713817240677	-341.76832050194884	-221.7700241405814	0.5875968640659642	1.5451872701289942	1.8471412554189417	2.446476954602248	0.026964409568059705	0.9390500891317901	0.021575046578494413	0.0010545726251529634	1.117492981353799	-732.5965118573154	18	36.51702410589941	
819000000	-3382.297895065928	-2678.0182991697866	-704.2795958961414	0.06877106208514192	0.7911297902018973	0.7007001213149363	39.36391065130559	-1038.9956373070693	-1076.010040356312	-344.57876220847834	-218.43385929792743	0.7169813979699696	1.3182184620737885	1.7078607452886239	2.2746309756510006	0.0345360628172823	0.9295570337651602	0.025284616761925404	0.0013233383176592458	1.0921882270543803	-701.6098758042237	15	36.04943764722376	
820000000	-3394.7348935810937	-2669.251122258533	-725.4837713225605	0.0810899661806636	0.763146008312272	0.601417153136759	38.149399205377186	-1025.4757257613	-1070.1365087584934	-343.9331487527893	-229.70573898594995	0.6070159783883841	1.4643286678710439	1.8606195695146794	2.781654153130294	0.03140507401941069	0.8905956126154513	0.024299476037617635	0.0012844237980727674	1.1540582242064508	-724.5521375491761	15	38.044921971201425	
821000000	-3411.8807255620604	-2666.5981587511	-745.2825668109605	0.03931920611777688	0.8639546161927737	0.6623111579584571	38.202130177649536	-1028.2865508528903	-1068.4561432742903	-345.0600074535426	-224.79545717037684	0.6459639041798956	1.4355887813911081	2.008177684132346	2.0420758408301305	0.030552430094590664	1.0162344482589847	0.02035860281127253	0.0012326648216779313	1.2000203405628809	-743.9341601319147	15	36.52078071132239	
822000000	-3391.4923399965332	-2674.5252143966054	-716.9671255999278	0.024097961145468635	0.9230650367031317	0.6527719823382124	37.93943284942094	-1045.5982205073556	-1059.302124602869	-349.481117555932	-220.143751730449	0.6108879369224189	1.4628218703670886	1.953114652250391	2.5597817237317404	0.029939491073712993	0.9450118094862227	0.023127788984689715	0.0015001894521872645	1.3538730464659592	-716.3252781602191	17	36.99753435167074	
823000000	-3423.8062687464203	-2691.907268832298	-731.8989999141221	0.015784501967993726	0.9351244954081835	0.7071191134269678	38.99283992106187	-1026.8392483032949	-1087.8036737841303	-347.2083106308614	-230.05603611401162	0.6429121668607336	1.3373654027970732	2.018165745455063	2.966590149925714	0.027115792854805802	0.9072154743983886	0.022051648627909808	0.0012039705406657502	1.2444674424103588	-730.8251758299174	16	37.178921262269554	
824000000	-3381.1269299753008	-2680.47050984639	-700.6564201289106	0.05056260483547154	0.8384690353638357	0.6705550916473101	38.07848359968708	-1048.6791228018299	-1067.5377012212516	-343.7930816746102	-220.46060414869845	0.625238315493022	1.366500572051404	2.077542901525056	2.936266779500799	0.023533824974109618	0.7997865688129776	0.0198586812003922	6.082869682443427E-4	0.9855714491335417	-700.3604336677458	15	37.69344755909861	
825000000	-3414.6574127062463	-2688.7479141662952	-725.9094985399512	0.021324255129312016	0.9293310219996672	0.6167401101552153	39.0977453480646	-1030.183000175296	-1081.2904816741072	-349.659831355076	-227.614600961816	0.6627336047104609	1.410982400081192	1.5999951387021565	2.659228417041393	0.027004556941007677	0.7642327207061443	0.023187169557002542	6.461543390326323E-4	0.9201657205241484	-726.5098851878458	19	36.5610344580007	
826000000	-3383.0120080532506	-2696.051454362079	-686.9605536911715	0.024024058840760656	0.92237832176967	0.7149548723077883	37.36498017327051	-1035.3887549287417	-1086.1513706654148	-344.96963150267936	-229.54169726524293	0.629637936796448	1.4007309451109848	1.9699619225558898	2.7328673303954285	0.036180090740087475	0.868212353496702	0.025704097539654264	0.0016873732398997466	1.097522854514679	-685.012075710258	17	36.91016044771223	
827000000	-3433.3748918287374	-2704.019032264887	-729.3558595638507	0.045519123796191975	0.8503816152647162	0.6447418213718977	37.72518894733601	-1045.3089758185945	-1074.6155149208037	-357.55171913250376	-226.54282239298493	0.601178877265085	1.582613369850022	1.835637615463007	1.8717151762525985	0.02818956626639421	0.8969334582505724	0.023096471004399963	0.0011620340437748242	1.160563799093746	-728.8050581990223	15	37.35319383768048	
828000000	-3382.922770237588	-2661.597672357947	-721.325097879641	0.027935477272862122	0.9032387988507201	0.6533002271218746	37.14653011027606	-1033.3263071585282	-1051.4182778766235	-343.4908549342425	-233.36223238855274	0.5527116045725715	1.5397426191030155	1.8815473836255767	3.0980880198489427	0.027419060795863957	0.8498141799367936	0.022735210704509984	9.441609322627019E-4	1.1097118394311287	-721.2297119845489	18	37.138177593529605	
829000000	-3431.3710073167576	-2704.0925223317545	-727.2784849850029	0.015395872924745141	0.9448673875733361	0.6258353643896178	38.43243381142535	-1036.3388173957337	-1075.8897593191816	-354.9604284474652	-236.90351716937403	0.5877681898412307	1.4844628880776138	2.2987958311977756	2.1993456957217226	0.02860501750596377	0.885451611370149	0.023055813228306788	9.372964982434276E-4	1.119333562630042	-727.3917707169959	14	36.315432320182765	
830000000	-3422.4806227045387	-2703.829627050845	-718.6509956536939	0.024043998769939713	0.9160220433260448	0.7035021199838987	38.04319889779997	-1042.9676512506871	-1079.7054116000697	-346.54279778343323	-234.61376641665493	0.6510451046886713	1.2973146891543892	2.4106499231879877	2.485673442946525	0.040546518236107006	1.0600615566920237	0.02502394373377033	0.002636400842527445	1.3679464629061613	-715.779270096801	13	36.602752418903094	
831000000	-3404.4972406733223	-2698.880968644903	-705.6162720284192	0.04314628421458599	0.866013619597834	0.6668539263887077	37.42459317099676	-1051.3572749817451	-1080.434505409781	-344.7221419030444	-222.3670463503325	0.5992107561434807	1.4815614624271192	1.7771694545229941	2.920895926014307	0.03377101383578703	0.9528065412602535	0.02471694875067648	0.0014195645824919445	1.0840997963849193	-704.1057365582867	21	37.07429622846027	
832000000	-3409.7432686440334	-2694.3313073712125	-715.4119612728208	0.03389432205057007	0.8865635985915131	0.6630839988256216	39.09521560832146	-1044.0286290019299	-1070.738215252387	-350.3005901253115	-229.2638729915841	0.5970183073783857	1.4968400466356913	1.8895800634272282	2.628326629091619	0.03429515891742154	0.9818858355442617	0.030694705886626178	0.0017561870788773478	1.2648006974550596	-713.7836708987405	14	36.542773996652244	
833000000	-3403.1377287960277	-2689.4409774792384	-713.6967513167891	0.02902835291692329	0.8913342602014155	0.7008252939603458	37.9513466784055	-1046.0340940441133	-1066.0596090044637	-351.35346333889004	-225.99381109177148	0.617421178176779	1.4786707474581449	2.031469558489677	2.1558891601608017	0.02972565934448773	0.9156069200583535	0.02360764960430588	6.823749144194147E-4	0.9796480650273593	-712.3374505678968	20	37.127636463897126	
834000000	-3349.5135465998324	-2680.202147147924	-669.3113994519085	0.02772112801984712	0.9103435968697491	0.7092287822502397	37.83822927624959	-1041.30491925657	-1069.448046033445	-345.0904439682843	-224.35873788962434	0.6492886144271128	1.4578201574535898	1.9039367012354955	1.961245681640293	0.033433609096088314	0.8464387064199829	0.028504341654618785	0.0016331901648653005	1.1680033166232404	-667.7032706576756	20	36.87622358887605	
835000000	-3395.7613613784224	-2683.510015363502	-712.2513460149203	0.028429015902847243	0.9018362879881033	0.6791962297802555	38.70603204276324	-1051.4763550648495	-1069.1316870437913	-336.0292115433583	-226.87276171150262	0.5970367606537881	1.510402545435475	1.7003485694685394	2.8370686420886804	0.02946129978520169	0.8308836816043158	0.024224675628333928	0.0010621256379784155	1.0722581714548398	-711.4721555765207	21	36.96978485799258	
836000000	-3442.395319322014	-2702.9725637472297	-739.4227555747841	0.02672940440009077	0.9066001178314067	0.6003139811329022	38.37973038268444	-1034.7552039036136	-1072.3523768764096	-362.47742519735976	-233.38755776984632	0.5680668250975384	1.5220261077889425	2.074561931686711	2.6280119725944164	0.029952549855591152	0.9144585056774948	0.023213813749878093	9.761058251237517E-4	1.069356177706911	-739.4310985628111	19	37.07155753941874	
837000000	-3418.631659908121	-2694.122058745637	-724.5096011624843	0.028812665225549376	0.9038906473402264	0.6415128393086249	37.53432311139339	-1029.129519959838	-1081.958689871135	-350.4960905025282	-232.53775841213582	0.6052682718043135	1.5067990307733021	1.645412613491408	2.8092394851482108	0.030213362425638223	0.9644200820436292	0.02485803968134715	0.0014233400777443439	1.2170855632344026	-723.8915739363232	21	36.42012837362502	
838000000	-3434.3340895011233	-2695.689647911961	-738.6444415891622	0.04343261980463078	0.8500952445801504	0.680298636530224	39.405653769968794	-1036.6222745005398	-1083.7299226018204	-347.896719194827	-227.440731614774	0.7304003494200638	1.3251536288702088	1.7599534745785026	1.866092120674392	0.028997805301812812	1.006743996092682	0.021429782029102024	0.0012791150366785221	1.2278133513729907	-737.017924179408	21	36.78132772077754	
839000000	-3395.2598967973095	-2667.223118471337	-728.0367783259725	0.010825471217668735	0.9631904365817039	0.6560416427175356	37.72444382730901	-1026.4791672162676	-1069.5132779213359	-339.51654787974104	-231.714125453992	0.660955955631408	1.3814208628932214	1.8818818152176948	2.465755900333131	0.0289561531222592	0.8844215875105571	0.022976111437403794	0.0011854938506751277	1.17205495508604	-727.8734042744142	14	36.9475475272355	
840000000	-3437.765074999017	-2716.966849126822	-720.7982258721948	0.013703275192772965	0.9563604898012309	0.6301317350999052	37.8185134999585	-1037.9617498114542	-1092.6515269111076	-354.2046956866064	-232.14887671765368	0.5884635297829665	1.4445055835791933	2.1513421597316027	2.8037939023804412	0.029276850427604497	0.9074963770926793	0.024859734508963942	0.0013202422307071688	1.1640901152293468	-720.8206467264978	13	36.26110548026497	
841000000	-3407.463882625108	-2679.1582451493828	-728.3056374757251	0.008127696081945439	0.9717507555216252	0.6325810166263752	41.04920716535979	-1033.2451841246407	-1079.3952294351202	-341.9832216938307	-224.53460989579122	0.6278921236145772	1.3096397876155328	2.1846438882434622	3.2101647583570725	0.02756955080731087	0.8286686619173559	0.023680695667743872	7.975616765477319E-4	0.9984951172513945	-728.4654084600188	19	36.21336386126994	
842000000	-3428.54789353889	-2698.7711766203797	-729.7767169185106	0.006145318828720288	0.9782837091477411	0.6472275160075129	37.77691310520461	-1058.1471513607923	-1066.9177806043378	-348.9954155190807	-224.7108291361689	0.6225655276996205	1.457102004074835	1.902445335219199	2.478057600400059	0.025523017574138954	0.8329982766386809	0.023373066175984288	6.595706364839325E-4	0.9963398346149167	-730.2931594555797	18	36.92291799844543	
843000000	-3398.292777262886	-2671.26550014431	-727.027277118576	0.010813522502646096	0.9596159609709008	0.6311151042065495	38.163590381999505	-1014.9976304092797	-1081.3261462437272	-343.5894014368351	-231.35232205446783	0.6323376547419326	1.3528378760290034	2.1493326523784457	2.798711533979956	0.027408228945518708	0.928914736854023	0.021765234000714596	0.0011175942480813764	1.185994728970246	-727.156825188894	23	37.65653995633562	
844000000	-3409.6669737954853	-2686.210179101633	-723.4567946938524	0.005097697739040452	0.9832975081954856	0.6062740430092546	37.16789981426492	-1032.895387014178	-1062.6887766087693	-355.76864425913715	-234.85737121954892	0.6581578382471067	1.3195610054207796	2.327214144914101	2.29632727091824	0.02999525296601549	1.0790475891953635	0.023713784078784737	0.0015493888776425021	1.286635942214636	-723.3743974290662	19	36.90819123439192	
845000000	-3398.028597679843	-2668.1770063136614	-729.8515913661817	0.04594998207369431	0.8447254377137233	0.6329195463115755	37.897491230902006	-1027.2390936293398	-1070.5538034383133	-349.760981058169	-220.62312818783965	0.6526226818867479	1.3882800780689344	2.143751724043865	2.1040828244545713	0.030221730552857817	0.9461262104236378	0.024624614063360414	0.0013877900507645552	1.2381990679150618	-729.0722060230148	18	37.65034076254489	
846000000	-3430.4277573152667	-2706.0861745152456	-724.3415828000212	0.0734217012134977	0.7808944457434389	0.6436659064957693	37.49284705274134	-1040.7971475034722	-1081.560064962605	-355.3333392500887	-228.39562279907977	0.6289834700771061	1.4618211082520456	2.0652831508103584	2.028678580348359	0.03263709747980017	0.9493711213753854	0.02372307932940755	9.733709394907031E-4	1.0949305831806284	-722.7745444722472	19	36.850038798291905	
847000000	-3417.894873695719	-2693.3884400277666	-724.5064336679526	0.01354842122231125	0.9511693130318056	0.6679926408912147	38.364187179819474	-1060.2678886548845	-1066.5862151065026	-339.9652437514993	-226.56909251488037	0.6754158063487069	1.38642103077688	1.8107654917733484	2.2704707917792244	0.026601193394501246	0.8996605337603334	0.021687612882114755	7.427252731933041E-4	1.0218682666643701	-724.2361873309937	20	36.92251414592976	
848000000	-3405.7431995291968	-2675.2490561398	-730.4941433893968	0.08689685842322004	0.7462518431105879	0.6636465052746293	38.539630501604044	-1018.1220058122552	-1076.4329916454053	-354.3883941746938	-226.30566450744513	0.6099060677049033	1.527871471004186	1.818364299921229	2.2288039497069945	0.028317257196654715	0.8674525814443271	0.022844782966404742	7.195886543807444E-4	0.9779371015274473	-729.0073129544929	17	36.70449550628765	
849000000	-3390.835945187268	-2700.0658279189593	-690.7701172683087	0.03075169339737812	0.9020239681661756	0.69472231412625	37.47958978443391	-1036.6542128900696	-1083.855319090366	-357.1378345729163	-222.41846136560687	0.661206184553641	1.4851596637534146	1.7590181907785762	1.7423636858375637	0.029450113370150098	0.9193189718176024	0.026831522074225393	0.0012260928798310381	1.1136378099615047	-689.5654287611994	25	37.08072785487368	
850000000	-3428.4040611029764	-2689.8643133080377	-738.5397477949385	0.039889171518464515	0.8659206269652003	0.6329166679459084	38.16019807471042	-1030.6646937942905	-1083.1728410661399	-348.31052396227784	-227.71625448532973	0.7164240052240457	1.2961940656856668	1.8012187951198406	2.320064418112463	0.024807925320096756	0.8545043928053068	0.020223073607063772	5.052731035963628E-4	0.9014697817267175	-738.6387360181153	16	36.7710450124778	
851000000	-3406.8633559788773	-2671.3484309256137	-735.5149250532637	0.02567143809424278	0.9171396434367468	0.605994942083474	37.470634172254016	-1033.527029205338	-1067.5148313963853	-338.28100940555726	-232.0255609183331	0.6373912130670266	1.4787522924026635	1.725299382456666	2.311522400803379	0.03181416580059791	0.9571741625940846	0.022730292665780735	0.0012964238939089223	1.185525853579726	-735.2588809746942	19	36.32814817882539	
852000000	-3399.7548397354985	-2676.5833027156223	-723.1715370198763	0.044049294087608326	0.864371348374358	0.6358911835802525	37.03218323864067	-1019.3395625866266	-1080.5254680420735	-353.48507312539886	-223.23319896152367	0.6423196512850151	1.3134277524660916	2.199007032017005	2.87681454736018	0.022574009704035253	0.8697004971110199	0.020594099270708755	8.771105595962425E-4	1.1541472091433949	-723.4361612171537	14	36.44262364998084	
853000000	-3372.3801815992274	-2681.4206376276384	-690.9595439715889	0.04164099808626536	0.8756143396753245	0.6562578708679396	37.483852252445935	-1036.3112343044932	-1068.08306593887	-354.99649025899834	-222.02984712527686	0.6756005578386048	1.3725860013302673	2.0529252625409184	1.967696179647542	0.03068401990477307	0.8391388855390489	0.027374112226716776	9.869103795711077E-4	0.9989607766065428	-690.2928437099089	24	36.6503784441009	
854000000	-3374.0222446210696	-2664.1777707234614	-709.8444738976082	0.06284226500411999	0.8111042453659744	0.6832295768068332	37.26678245505875	-1023.0528429404698	-1065.1695158202137	-352.144819783408	-223.8105921793699	0.6107326790870882	1.460315429702664	1.8657339822215582	2.738205761133646	0.028455152540185064	0.8743894430357114	0.0236333841138326	8.417555643891647E-4	1.0423625832157277	-708.5581788883694	20	37.19923822875663	
855000000	-3386.9730273387513	-2679.2592634658167	-707.7137638729348	0.04162895503645026	0.8438932489181579	0.6649693555797848	37.889657920091565	-1029.242963862322	-1062.1371230617322	-358.80278998902406	-229.07638655273888	0.6164288070230869	1.4221584612481704	2.325220751366058	2.169290200437291	0.027327929231558624	0.9004318554073216	0.021511481938320226	9.086359011532465E-4	1.102258890533054	-706.979715733537	18	36.56737274002456	
856000000	-3440.535599571174	-2696.456458238358	-744.0791413328155	0.03579967666812606	0.873789309741544	0.6461871734603127	37.06042295850668	-1035.0043450147582	-1082.6364642694248	-352.6261194720243	-226.18952948215107	0.6248872289961256	1.3417284110525156	2.459501023484714	2.4974601585027796	0.024239690741026977	0.7362069735396983	0.022525233856070637	5.704191268236382E-4	0.929741879517206	-744.6091416250891	17	36.589989667665456	
857000000	-3386.263539190294	-2687.4738072272194	-698.7897319630748	0.007954870726518593	0.9748663879154988	0.614755831560127	37.707709711735305	-1039.7148327458597	-1074.9727023576422	-344.28487526880184	-228.50139685491553	0.6202404845184109	1.4765566193024242	1.9407007531146583	2.280194902477787	0.031197845669001203	0.8717190248065203	0.026727899775669035	9.834113875508152E-4	1.0419126724137353	-699.0274924032238	20	36.79911211963348	
858000000	-3367.163009398238	-2661.4509651215594	-705.7120442766786	0.028463509089910775	0.8952727566052286	0.692384772184156	37.42814320607844	-1021.9687167853502	-1057.183719381566	-352.8488438192409	-229.44968513540263	0.6290949210984467	1.465404982455588	1.8433135210221199	2.382752995240569	0.03202345399377004	0.9869299490178338	0.024846447598701128	0.0019023083220206971	1.305378119817074	-704.106260919438	15	37.03607505091622	
859000000	-3427.2553917387795	-2675.7411791879595	-751.51421255082	0.040023802869781716	0.8529053446336158	0.6416707514409782	38.05172968346633	-1022.1595682759196	-1081.3688211178007	-334.02257306715785	-238.1902167270814	0.6558926397609978	1.3913393742388307	1.7207749541678168	2.754629306597847	0.029487546747491575	1.0148244946074585	0.02118660095346517	8.74512887839929E-4	1.0667384513049274	-750.5527476157944	17	37.39143193757136	
860000000	-3407.050173492711	-2697.1712713019733	-709.878902190738	0.029114778444691524	0.9150979395776188	0.6406966256627662	37.00772102676011	-1035.90083540386	-1086.2232772172251	-349.166418603868	-225.88074007702028	0.6146180420558001	1.4885642477154408	2.1712341827213097	1.8755191517385215	0.0314131831617664	1.0225212541074324	0.022864823809110153	0.0018342510984248515	1.3236069145683256	-709.0354444534372	22	36.909170199500444	
861000000	-3437.902282217233	-2694.841202123974	-743.0610800932586	0.050473028248778876	0.7954510855849679	0.6916265636676517	38.99913102057214	-1042.0584807607343	-1072.4257379143435	-350.487207649033	-229.86977579986367	0.6495119970886409	1.4223082397983768	1.9874898422131753	2.1303906732573425	0.0287638733712291	0.9743871995648411	0.025069520458246536	0.001317511623239417	1.2075980383243998	-741.2628258217377	15	37.00457009952126	
862000000	-3386.844482662769	-2663.4981881438575	-723.3462945189119	0.014186465152846963	0.9525712966679775	0.6384159838770128	39.26540412586852	-1029.8367016705909	-1064.3135890444532	-340.7671918130279	-228.5807056157852	0.6207337563755989	1.421346323532153	1.901615987082573	2.8361137396796745	0.02566329173840278	0.8359927178470249	0.022720953270104934	0.0011485736002903547	1.1397901733454734	-723.6717988524579	17	36.924018445957536	
863000000	-3409.744273723225	-2678.2660265168697	-731.4782472063554	0.022629056287428367	0.9176924727209449	0.6845218053705644	38.6596509989568	-1026.6484828284902	-1073.9047053215852	-352.7720120113065	-224.9408263554878	0.5856425231667509	1.4059731440160717	2.299124077379328	2.9455666282731823	0.027031798089920744	0.6891086335058674	0.02153023318700058	4.1528303611599763E-4	0.7707072978210704	-731.4067910731402	14	37.558195502653646	
864000000	-3403.2936469412434	-2671.9363851105327	-731.3572618307106	0.03941734236369053	0.8773567534923221	0.6022807018148563	37.02515272474078	-1030.7084092640723	-1071.4365111754785	-344.3001767467265	-225.4912879242554	0.581123756253242	1.559856173730685	1.874370174297202	2.3897952625920493	0.03180945253646184	1.0325641438597342	0.024337273315770843	0.0016118329199017614	1.334212424936054	-730.7343333166835	20	36.52218868770128	
865000000	-3408.0185875141206	-2686.302346718924	-721.7162407951964	0.006167632284651392	0.9794912026896401	0.6140946351961725	38.92849479217141	-1028.8709768560154	-1083.8960274365927	-346.0549710427383	-227.4803713835773	0.6559339347318212	1.3521779628585544	1.8275702769257856	2.9194055897481475	0.026518848286773235	0.9589227683736781	0.02172326477474008	7.799549838915646E-4	1.0707108498447326	-722.0472677494658	16	38.48272303073378	
866000000	-3404.7056410072996	-2683.388103107786	-721.3175378995137	0.028817388998751258	0.9124144765732883	0.6165717038134415	37.7360650308419	-1034.2554972945875	-1069.0351244740339	-347.1745487533937	-232.92293258577092	0.6511490216151621	1.354425082995115	2.126588604907553	2.4668127837674763	0.02594092502071288	0.8194132080306638	0.022867374131327094	6.871273334095286E-4	0.926142742132871	-721.867466324006	21	37.43524023495666	
867000000	-3437.1540581441677	-2685.0003296818404	-752.1537284623271	0.015628429258320562	0.9422544838159754	0.5953949713246638	37.38268214589027	-1030.0107854818846	-1073.138246576526	-356.52251098560265	-225.3287866378268	0.5726227960159654	1.501390764644504	2.465936316712823	2.0422614396485472	0.026663173378852	0.882675625845488	0.020536426210758296	7.545914456841997E-4	1.0948228809651204	-752.9210246724999	18	37.32679836147873	
868000000	-3425.992650454407	-2692.597384379445	-733.3952660749618	0.014496180524549084	0.9512178555804246	0.6028597907333925	38.39070381345992	-1037.4325614413603	-1083.6264949230256	-345.18724320027343	-226.35108481478588	0.6835514850086529	1.2251160336678626	2.2656118149401245	2.7716568056795303	0.026234228796203875	0.8982402393897051	0.020779578838258237	8.317614663263748E-4	1.1023206036210926	-733.9900961861778	12	38.06163443318985	
869000000	-3376.3125006641794	-2686.719466823415	-689.5930338407645	0.030900346306518632	0.8919668686073536	0.6708073422977866	37.321002427515374	-1041.622088106833	-1065.9560736535038	-351.6973547153181	-227.44395034776034	0.6508416121427598	1.4809940381990567	1.7037337125409222	2.073529028549384	0.030317727823486428	0.9685341254760779	0.02371595632312208	0.001894240041886866	1.298333284260374	-688.5242577610817	17	37.12481208381322	
870000000	-3421.7343032426743	-2677.44542395473	-744.2888792879444	0.04799259297481163	0.832832408559482	0.6755771425192482	42.40111168749676	-1034.364203131691	-1073.550465010608	-349.03317160407755	-220.49758420835346	0.6188602553911549	1.5362665027484224	1.7673289707600421	2.072430924002127	0.03108136649322513	0.8812135275884223	0.024639460972568156	0.001379789182683126	1.1731453176448743	-742.5279674531107	19	36.88823730697454	
871000000	-3391.7477959454695	-2682.5939971017733	-709.1537988436961	0.0452588013941098	0.8541991544591587	0.6496860579320297	38.14093722928105	-1020.1419976226787	-1087.4598781431143	-346.7564153682031	-228.23570596777708	0.6023350540506278	1.4153652548131441	2.2227900695047933	2.677464058086327	0.03241357818402815	0.9160605512338515	0.027182617801257924	0.002054188877014976	1.2701614425268235	-708.0219916631451	22	35.60504460459562	
872000000	-3396.3424771349264	-2680.3120721122323	-716.0304050226939	0.03245825690972969	0.8932210449016423	0.6491241358101372	38.47738464494079	-1032.9160005235078	-1077.0302068696724	-348.2105328597184	-222.1553318593335	0.6457657511734798	1.422951936767083	1.9297467089061697	2.296826556214264	0.03314798768115388	0.8816880614904852	0.02857508444408665	0.0014944616834085904	1.134164982483416	-715.1160517537982	19	36.477542678485754	
873000000	-3406.224105879942	-2661.786399056567	-744.4377068233749	0.01689959104504443	0.9308856045247981	0.6780777055592686	38.03817299735581	-1016.004113305237	-1075.831056035545	-344.975595824808	-224.97563389097678	0.5886389624498621	1.475670863714117	1.8775715235818353	2.999071773757333	0.026680214897413613	0.8215280838933381	0.023314660286751908	7.897150361649994E-4	1.0039619619596187	-744.2244028646965	10	37.36878029224708	
874000000	-3416.6133867756544	-2680.698355112984	-735.9150316626707	0.018009176322764494	0.9313406839959973	0.6629280520699081	37.38752369847327	-1048.7141788734675	-1062.9990150676003	-343.1068297588654	-225.87833141305052	0.63723603066838	1.3953346497787933	1.886313942690333	2.783454169583555	0.024116826271860972	0.795611656239804	0.021561326349771967	5.29139487276132E-4	0.9080544580515699	-736.2941190843891	17	36.44868949803552	
875000000	-3389.5206414184004	-2692.0615964147437	-697.4590450036569	0.013141516664332794	0.9496219179121708	0.6511971393069382	38.164163269769496	-1051.396102212566	-1068.3082153378914	-347.5105592060523	-224.84671965823398	0.6418263121405553	1.4448730607547857	1.6393170215607948	2.682637734804959	0.031199608338683387	0.8241980012919564	0.02419360298047688	0.0010548726417843979	1.0915952546675436	-697.2404556436467	19	36.71558644897673	
876000000	-3391.6181272717836	-2679.472071932709	-712.1460553390748	0.06860968251088612	0.7869873885357802	0.6573130381277641	37.29470133931568	-1038.2248575883866	-1069.6545359249812	-343.5232161181364	-228.06946230120434	0.6587633770362232	1.3846772857298892	1.990202040704603	2.288546693509684	0.030958217181630422	0.9480719652873653	0.024880753138834154	0.0013018578260705854	1.1157255911249624	-710.6569744380982	23	36.29108903664772	
877000000	-3409.2119784802753	-2684.9385094732297	-724.2734690070456	0.012975684404726235	0.9516297297955014	0.6608949260974327	37.056781424876434	-1031.5258201820836	-1087.38797612737	-338.1193915939543	-227.90532156982184	0.6015870856119612	1.4963894085938092	2.1422296820366173	2.1034387524642915	0.033475928505166536	1.0115614370899928	0.028342201605322206	0.0016591932296233928	1.242193464319711	-723.2230572460121	15	37.04064113679152	
878000000	-3382.499466336018	-2678.7509538066233	-703.7485125293946	0.04695861002719019	0.8521743761493461	0.655182963733559	38.819913638650085	-1040.1000292528465	-1065.6015732989463	-346.63196409085504	-226.41738716397532	0.6018068060288856	1.4825972028469145	2.1514718452132544	2.2072201307056623	0.02783542011658831	0.8386424095974266	0.023035274979224467	8.969863809187161E-4	1.091148748310162	-703.1432753432758	20	35.88688996806143	
879000000	-3382.1903405443873	-2670.8536458893013	-711.3366946550861	0.048672744906617244	0.8638611984719717	0.6141965161981318	37.12288278536331	-1020.8734260160902	-1080.6272987400962	-339.46508349997947	-229.88783763313592	0.6654006555295519	1.3658649383412813	2.055390596627187	2.217669555769337	0.03279916715435493	1.0015438119518005	0.023879086266095115	0.0012824659936448875	1.1091699464068552	-710.4242605671016	16	36.52538729243696	
880000000	-3457.4856126618556	-2716.8967762357365	-740.5888364261192	0.008950480447279223	0.9677929350815132	0.6257245674102586	39.377088267796275	-1050.0156076253538	-1083.4038464823136	-350.5523507723664	-232.92497135570233	0.6298227882635918	1.4634718022413993	1.95783902191091	2.185902514475	0.02783497907923525	0.8973587847839046	0.02266440589319753	8.145246500869302E-4	1.0584522523525157	-740.750950000987	13	38.07805289650814	
881000000	-3434.4453781320726	-2699.7719068617553	-734.6734712703176	0.005244309158138752	0.9819886499456731	0.6536056525490007	37.65041069779967	-1045.9434174674352	-1085.3092636932242	-347.0744471840143	-221.44477851708166	0.5925455014944375	1.534375641506299	1.8630956542421608	2.4218373031251765	0.029570031573924852	0.9863938123704032	0.024881241790725962	0.0020768639695199205	1.4297949057880066	-734.2661268970528	17	37.149748855493385	
882000000	-3411.5749119423663	-2681.555113249263	-730.0197986931036	0.024131671846473454	0.9257258531112097	0.606458338347784	37.91400942957362	-1039.714439638714	-1062.247310570472	-354.94401512598813	-224.6493479140886	0.611890768322021	1.4892108024695099	1.763963279882623	2.6342424398614153	0.024905968051596217	0.8464452063986665	0.02138466824847219	7.304770098107499E-4	1.0729235388580713	-730.7541302560933	17	37.10860065226688	
883000000	-3407.7810134152924	-2681.8000287017444	-725.9809847135482	0.018557864979150025	0.9376079933620591	0.6642346489765321	40.61192267714456	-1036.1623618944063	-1072.3281919396077	-352.4782937071861	-220.83118116054436	0.6743465620158939	1.429787877331793	1.5161139193297506	2.4161250668848426	0.02804491516133053	0.8023602091349352	0.02189658506310006	7.722183509079114E-4	0.9588720883090124	-725.6233239167148	17	37.20861537571502	
884000000	-3449.3780716768533	-2698.359473365539	-751.0185983113145	0.032043891392288436	0.8849433823316363	0.6484683339260379	39.69020570433901	-1030.632090352939	-1090.9001291763918	-353.4283426631713	-223.39891117303637	0.6076430417881629	1.3929366621151391	2.278357440759078	2.6812267256603204	0.02514759807591699	0.7038467736858087	0.02165174361116145	4.850072219964441E-4	0.8476604928302975	-751.332271792048	13	37.34950778951356	
885000000	-3414.8444184960645	-2691.463390824271	-723.3810276717936	0.03994143274747516	0.8593037499393684	0.6904500722380308	38.190201811653786	-1041.1074772399577	-1072.32330746148	-350.1914302301469	-227.84117589268598	0.6310097402973818	1.4907844457644928	1.8219059170773972	2.155419567583957	0.033610961076623966	0.9107710628733756	0.024175048792358857	0.0010295291035973511	0.9921900078642976	-721.6120982917105	17	36.94377654779341	
886000000	-3406.207163826638	-2695.185660738874	-711.0215030877638	0.009999487837471998	0.9685818430339876	0.6253887972964101	38.206465668780176	-1023.8449775204576	-1093.9315070039445	-357.58521283549584	-219.8239633789762	0.6396312171695502	1.4896290910217573	1.609309746826845	2.3740529976358467	0.023727864645155344	0.7222978006577235	0.023425048598632273	4.178290011851592E-4	0.7836045422831326	-712.2302241463117	20	38.01323656468696	
887000000	-3410.529180349072	-2686.851994160392	-723.6771861886795	0.04501328716832821	0.8354863033468835	0.6820666249676172	39.587572376873	-1035.5782174287149	-1081.4967876040926	-345.911381075147	-223.86560805243798	0.6448900225648266	1.456228181974894	1.9772536599178272	1.9308420286381447	0.033192350169555476	0.9443851767812949	0.024241946980716477	0.0010041217209525305	1.0651674152553965	-721.7394738659631	13	37.719207806948624	
888000000	-3424.6193840088663	-2702.7238923178193	-721.8954916910471	0.025314913000431538	0.9261204087233781	0.5811806469294584	37.04673345347882	-1024.636730675677	-1090.309101060603	-356.4746840676213	-231.30337651391807	0.6503452601481942	1.3719928734773643	2.2465044692297633	2.114121374736101	0.03032090155094854	0.8078390540590192	0.02281519305985558	5.70288151414053E-4	0.8648636995645628	-722.5889806655774	15	36.40488009124298	
889000000	-3416.6902242350006	-2683.046530370266	-733.6436938647346	0.057047419799958095	0.8133326380791613	0.6702222895704426	37.56246535816956	-1028.7120118673522	-1085.2543163361593	-344.1157040007804	-224.96449816597388	0.626368055142823	1.4457752750508333	2.059635151674282	2.2326679613989984	0.029451448097207546	0.8923158274848535	0.02554831707597441	8.090041197193064E-4	0.9993351600693203	-732.4484637807568	14	36.139885284340814	
890000000	-3404.718119297622	-2689.6367589689103	-715.0813603287114	0.06172748963227389	0.8196339923126266	0.6379299690103164	37.04788170501966	-1024.5222997153232	-1090.5719010542248	-345.2997738667213	-229.24278433264095	0.6433211395466027	1.4195218736831743	2.025189048663516	2.207120650304945	0.03058838182303901	0.8210590567747071	0.023682822402502805	6.943703365677636E-4	0.8801331517150222	-714.4457060800668	18	37.02107730675143	
891000000	-3421.5092397375092	-2688.9588688305867	-732.5503709069225	0.03398094026287539	0.889888045292484	0.6006232738970089	37.704291401430844	-1027.0511181700203	-1078.3657591457404	-341.8924452399825	-241.64954627484332	0.6042346792347015	1.5292666438221179	1.8467219868079299	2.2743778232278506	0.025104488673795135	0.9173795458188888	0.022592726369355404	0.001065222102446493	1.186625892422855	-732.9644114971974	17	37.546755464830696	
892000000	-3425.680075527861	-2683.2623021025297	-742.4177734253311	0.036961607431634735	0.8849027363617578	0.5959306517900701	38.151454392717575	-1030.7386425031339	-1077.7517641262477	-348.5541670276577	-226.21772844549062	0.6641590952404469	1.3877811907346176	1.9330688577144366	2.258075972819795	0.03194318778534932	0.9898075473940441	0.023746907223100727	0.001313043565842576	1.1315848704432332	-741.9080837493483	22	37.67360459078086	
893000000	-3422.677987565711	-2675.2506553793582	-747.427332186353	0.0300897849817189	0.8958272958917274	0.577083082891893	39.63086104283136	-1025.4764199579938	-1076.5165029278128	-345.9965569018195	-227.26117559173213	0.579196410866268	1.438754737443136	2.0656922796404418	3.1815140671820554	0.028344254393376633	1.0015325547733522	0.0236513080820262	0.0015812132345975785	1.309738072031819	-747.3887795357795	16	36.54404947794683	
894000000	-3418.5235205428667	-2688.0940948946304	-730.4294256482361	0.02797351853629504	0.9080795896829841	0.6335064997155504	38.679892575471015	-1020.3523140204059	-1086.8344857959307	-352.3199358886314	-228.5873591896626	0.6166464819665367	1.411358759554827	2.2424061313885066	2.4072772767125796	0.029490389737500306	0.8084528510959751	0.022276079865162605	7.304646804803683E-4	0.9728243196133054	-730.3735938216179	17	36.33707401773567	
895000000	-3418.5939160414196	-2676.5069955820622	-742.0869204593574	0.009165492396077564	0.9686252298420368	0.5994297947765542	38.17338485802752	-1037.0930291258128	-1077.2209165124082	-336.54212963939995	-225.65092030444112	0.6690914507652803	1.4169506220490726	1.922561221627492	1.9202246991700314	0.03050752988157415	0.8056806857497335	0.023980010798242243	0.0011076257693128817	1.068068626551275	-742.709702612557	17	37.76619098441658	
896000000	-3414.2280486549953	-2674.594657111323	-739.6333915436724	0.015194908100015128	0.952890132853549	0.5704457257999604	37.140860614878285	-1027.124635323171	-1081.9797796475862	-339.2192307980108	-226.27101134255497	0.6548024354692807	1.4495645308764775	1.8321612916507777	2.0563906878066147	0.0292800376734344	1.0201264739515377	0.022718335259638747	0.0014451964445295852	1.2582882689632362	-740.0273847821136	20	37.11770830136185	
897000000	-3404.0634440364647	-2679.0962743561777	-724.9671696802872	0.020829208442836512	0.9252059214956206	0.6899927326978891	37.92111176091358	-1032.721623741022	-1073.4381292589908	-349.1313391796734	-223.80518217649177	0.6471769654167494	1.45707783914934	1.9255375164221926	1.970246450999026	0.02861646314713746	1.066077363624325	0.022150577204184056	0.0014714579253541533	1.2759115357671218	-723.5770712995248	17	37.49085644021662	
898000000	-3433.8940139998863	-2711.70911633812	-722.1848976617662	0.02666621092577526	0.9014128164135227	0.7111470822160847	37.039173222259464	-1045.7649727485064	-1086.834250094901	-354.5192424527522	-224.59065104196029	0.6436678758149528	1.514575928924285	1.609159864624865	2.073097236103992	0.034678718037706266	0.9541355305361465	0.02427439071256079	0.001083707958672703	1.0440867347439136	-720.1655144156214	14	36.68386803004147	
899000000	-3412.8722827447714	-2673.669957955574	-739.2023247891976	0.011282956578891409	0.9521798660646207	0.689581154140843	38.70963095963203	-1015.0052512684944	-1074.4537392086324	-347.71209411021425	-236.4988733682327	0.6604116377908295	1.4187847226762185	1.6432864768609465	2.557365043381798	0.028068209067928236	0.8623848326840761	0.022761674314035824	0.0010411192227743834	1.1243775736729391	-738.5745719436055	15	36.79953882964198	
900000000	-3434.5055644234544	-2680.0991057842084	-754.4064586392459	0.01480507315771084	0.9438474658903908	0.6325813712985745	38.968967607107096	-1040.1938550024267	-1067.5516103090308	-343.1755281577799	-229.1781123149712	0.7318603153225385	1.2959247237652933	1.7364069014973305	2.142619417363954	0.031034124944187228	1.043775402309465	0.02584210603254302	0.001224399122508267	1.1336934136243162	-753.6556073971121	16	36.69721739182838	
901000000	-3397.685127751126	-2676.754480180358	-720.9306475707682	0.020512985980457157	0.9300685638255376	0.681973059627238	40.08765925574165	-1027.7622692011648	-1083.6568190190123	-344.50811613524274	-220.82727582493774	0.6379700336472115	1.4058951832018882	2.07640706956275	2.341800340151232	0.029758546039444986	0.8960696585145859	0.025434208977470753	0.0012989436439088617	1.1154690383355668	-719.8650998267523	18	37.22467511032851	
902000000	-3388.2675696700126	-2681.168836630548	-707.0987330394647	0.04146365336460478	0.8518219581871613	0.6687808251386463	37.72392322666358	-1033.0166151176225	-1073.0216427047433	-348.7973566722597	-226.3332221359222	0.6407949482602358	1.3376260096613983	2.0788661100415595	2.8982462035303014	0.03137391199014462	0.8484062143882487	0.0270159587269705	9.240064713535581E-4	1.0148907111759322	-706.1042704691763	20	36.612430744155304	
903000000	-3404.524669865559	-2681.385346606221	-723.139323259338	0.07044284860256068	0.7711484272228734	0.6881146868311301	37.698107550865416	-1036.3088288154597	-1064.9687250338084	-346.3832981902475	-233.72449456670586	0.6488219608738512	1.3697512900979192	2.1325034488961396	2.3627400969473977	0.0257585906731754	0.775705030081757	0.02088768771596991	5.932211239374934E-4	0.9481730701460213	-722.1508089963788	20	37.54564353421244	
904000000	-3408.20385474721	-2672.944590551797	-735.259264195413	0.02462165105950903	0.9218658796559851	0.6241206644135203	37.95142887235166	-1029.9151426622298	-1071.3121778968343	-348.79112428912936	-222.9261457036036	0.6464527985840683	1.4602187720369815	1.6875576445199096	2.372202000660094	0.025682352152415707	0.9727553548656698	0.01952391416658918	9.616208070297461E-4	1.1679454015941637	-735.3034279206975	15	37.77910130339355	
905000000	-3388.8937489088207	-2675.0929574578045	-713.8007914510163	0.06004138015099043	0.8082783285570266	0.6571640562437707	37.55880855273346	-1030.3002063976385	-1065.6347500945249	-351.55016286273036	-227.60783810291124	0.6267437208681731	1.5172275869809528	2.0215548368391705	1.649100056207629	0.028244700192399896	0.9391717171492997	0.02098594412714766	0.001252487796642857	1.1953474690443413	-712.7200393263491	19	37.35863171008765	
906000000	-3389.91939050422	-2664.169182016389	-725.7502084878307	0.005589059223446926	0.9810819722939325	0.6396741102004769	38.02421122469839	-1022.4994086736193	-1060.1620427684518	-346.34756338758604	-235.1601671867322	0.6611760242228678	1.3415008668105879	2.0650219626149573	2.5003593038940766	0.026777748721379183	0.9719737632664102	0.023850767556720845	0.0012560979105570632	1.2279881557637151	-725.8002900889092	19	37.59884718031188	
907000000	-3385.396136766115	-2673.5518928694273	-711.8442438966878	0.01990275352746784	0.9340277719103799	0.6320090211568334	37.73315769798427	-1032.2517531485303	-1071.3983045266425	-343.8038271065106	-226.0980080877439	0.5958990735629033	1.4383355079256965	1.8974875752878284	3.162294774219897	0.03260546037832999	0.9992594617833674	0.023171333644362458	0.0013738306841438448	1.170983880997939	-711.1297274176738	16	37.01709303745803	
908000000	-3425.0165592422863	-2687.4980573327875	-737.5185019094988	0.003524143103201015	0.9870011814696873	0.6585074059820888	38.394884442496384	-1044.9041962559052	-1067.7541599252734	-341.2271432337422	-233.61255791786712	0.6297875442031309	1.493186171550535	1.6069960968002819	2.533117946785242	0.03161817966131412	1.0251619825806313	0.0235472247793885	0.0014815270096690562	1.2666469043949145	-736.6697712246481	16	36.840544307742185	
909000000	-3389.8774345498864	-2680.6699595384243	-709.2074750114622	0.02758893067793107	0.9119414089164966	0.629466855075108	37.50563278949033	-1033.4355799120563	-1071.5676612832513	-345.0558000686292	-230.61091827448746	0.6006941358360153	1.5005102830925845	2.044073754132513	2.255089801550588	0.02836376183774862	0.9589288236046352	0.024956857700366382	0.0012310535007892705	1.1060789807920746	-708.9711004927666	21	36.395398729122405	
910000000	-3388.284410054691	-2673.999151116204	-714.2852589384869	0.05454383977598434	0.8243413772323925	0.6671839906983031	38.97823667099133	-1032.2997350329276	-1064.8857387099956	-351.31437811270746	-225.49929926057354	0.6164242518305598	1.505827647520418	1.7667693812563443	2.393643970337024	0.027660449067955874	0.8194380187415291	0.021431786161847256	7.820085045226842E-4	1.0418366460134942	-713.438398651115	16	37.59948955325157	
911000000	-3399.886833776264	-2681.0004522973154	-718.8863814789486	0.05659482351858658	0.8283242505691	0.6523137609680761	37.32152280937519	-1023.6290009000378	-1091.119535814957	-343.9437896219094	-222.30812596041125	0.617386363325459	1.4228165227847354	2.211263250532335	2.3445997033221264	0.02901364193583528	0.8683889562562283	0.026581072009018266	0.0012449123178594884	1.0530317582929172	-718.1135088999766	14	36.698234808594734	
912000000	-3416.2762829857697	-2671.3773100274675	-744.8989729583022	0.062018612548162946	0.8017595523753975	0.675748693027717	37.466977074450554	-1029.7098773416178	-1066.2608537360459	-346.85627661478264	-228.55030233502094	0.6315493600507087	1.3863354497829259	2.253406748379145	2.330081301326759	0.025588894785554924	0.779459647501488	0.021140086087713134	6.924546019907225E-4	0.963493257722144	-744.2779354642761	19	36.797876254137165	
913000000	-3380.6659866939335	-2677.8855877002434	-702.78039899369	0.026749299741019618	0.9154575970126838	0.6751219017401442	37.15868692871151	-1034.5613101412293	-1061.7502924302862	-353.77240145339874	-227.80158367532914	0.666218471533391	1.383996336827431	1.8828660304703262	2.34086645609571	0.04004862733619388	1.0773748296600079	0.027991893611043348	0.003177037670653059	1.475658924237116	-700.4156337296654	23	36.708214482814675	
914000000	-3401.764510866703	-2670.558004917402	-731.2065059493011	0.05092326882904497	0.831141744364972	0.6780924628827532	37.00783303773152	-1031.2222165448718	-1068.4430472704728	-342.1630107986769	-228.7297303033801	0.6009544424243778	1.438968899991656	1.9413437608457784	2.9837939125318966	0.027700484671485826	0.8027582609442037	0.023965000408984156	6.465850615314957E-4	0.908954464282091	-730.5055757067624	9	37.001299681545056	
915000000	-3407.847173233771	-2701.0944040394493	-706.752769194322	0.03761925771957916	0.8799871915490818	0.628183293582409	37.568308272932676	-1026.9110745075698	-1078.084834110393	-364.6358693475689	-231.46262607391753	0.6200813422437867	1.438556192033289	2.1233632205005444	2.30556313319254	0.027335624689881228	0.7507226152002362	0.026393485420738265	7.431785769395079E-4	0.890447534806267	-707.116256561682	22	37.13540922911087	
916000000	-3398.9466631006067	-2679.4659977574233	-719.4806653431834	0.03576998217699334	0.8997769667423663	0.6421391276195542	37.23537814062307	-1030.1787278230363	-1081.7633004875759	-336.34721845670134	-231.1767509901101	0.627120845142633	1.4101090643437517	2.0938576150265846	2.4794715368996982	0.029920585365649302	0.9458241974814301	0.020744609995928344	0.0013810271929432742	1.2654294751554687	-718.8767166816788	14	36.556759744835276	
917000000	-3441.772333705362	-2694.435133593778	-747.3372001115841	0.04294206817617672	0.8473715048350606	0.6609784757220717	38.562340940156076	-1034.9455134475595	-1088.6567002083502	-343.7702713877882	-227.06264855008038	0.5901656640109275	1.5822063654421357	1.6003230252614424	2.496429800605597	0.03167370014374484	1.0149110148717342	0.022223373468569	0.001084844208400999	1.1384634214378322	-745.7955911384817	20	37.303313840294024	
918000000	-3435.2348835140283	-2679.6141220899754	-755.6207614240528	0.019652891978380202	0.9201824029465745	0.6557476036146351	39.37455833446569	-1042.3152896422855	-1072.3028580343794	-340.45741026327	-224.53856415004014	0.6079932610397355	1.3807982328885247	2.059297778012333	3.1671728327266577	0.02504454682808225	0.9028247953509614	0.019831546178282027	0.001064391943636578	1.2426068575159845	-755.4412960864602	15	37.545240224909456	
919000000	-3423.736490739456	-2682.5772174839144	-741.1592732555414	0.05528848741073585	0.8309593779893555	0.6353407583276305	38.82104634094945	-1019.7745174922856	-1065.3536081833636	-356.709712093691	-240.73937971457423	0.5949712084451265	1.4300539803308012	1.788258055896469	3.4456096187465097	0.03166178143198745	1.0245786667026835	0.02390839977446676	0.0013624762420204437	1.1703127509126279	-739.7289364051294	14	37.40958862403117	
920000000	-3411.82463322277	-2670.7921443114533	-741.0324889113169	0.028842665155332455	0.9070825093409467	0.6176080062511681	38.7976837623783	-1023.4734476938825	-1073.3545127825384	-346.9056312645405	-227.05855257049134	0.593522896438475	1.5053469216449997	2.1655203740437727	2.135282018287317	0.030971758273587262	0.9263041710561408	0.023285533959202156	9.308644298127392E-4	1.0336098654510335	-740.6307803976755	12	37.44452715799029	
921000000	-3429.4918292342627	-2694.190423189615	-735.3014060446476	0.027946585755123	0.9125459333172757	0.5939567077125051	39.09549412326933	-1045.312178735988	-1060.9836038177336	-357.43679066903644	-230.45784996685734	0.6264188871166516	1.3580482454273601	2.1125474374831557	2.92864892034179	0.026013232151031483	0.95370679633161	0.02168249067736157	8.536690208933998E-4	1.1020425790152715	-735.5536945810059	20	37.91690587874976	
922000000	-3438.7681928050742	-2697.8225835525986	-740.9456092524754	0.03702862608003091	0.8488272836655711	0.693143843053127	38.46349047492096	-1031.119335374127	-1086.9830761918981	-351.083906293551	-228.63626569302227	0.6126354342127409	1.459268916799536	2.035154918156164	2.414985391988743	0.026855475033795085	0.9045799688953726	0.0216506286832269	0.0012248566823608324	1.2146097683050148	-739.8186645140783	18	37.54629465215197	
923000000	-3439.451862748456	-2703.0662324450122	-736.3856303034433	0.037917076885320845	0.8782888866130809	0.6611763714030708	37.74139466661317	-1042.4517722753353	-1085.9601211346624	-347.76507060797286	-226.8892684270414	0.6028263947244578	1.4408894022150343	2.089131394104219	2.6723139406175447	0.025405035898266298	0.9146853392735979	0.02328694080935796	8.705583106124804E-4	1.144580906563607	-735.9442118706306	16	37.02320939836204	
924000000	-3416.0836875292266	-2683.1422874076716	-732.941400121555	0.030296188113009975	0.8930150629351813	0.7135667473921341	39.081212080078416	-1036.912088877577	-1072.1396152584605	-345.4153544195917	-228.67522885204284	0.6524824009498413	1.3692777933460842	2.0271719251649993	2.481783372799488	0.02362067713433633	0.8026317211412702	0.021104478879707116	5.139040455871372E-4	0.9480179132487973	-732.1576107395614	12	37.18087579239239	
925000000	-3373.1960943657004	-2667.798413694066	-705.3976806716346	0.05473954526488722	0.8496003028966704	0.6295088853043043	37.24074159924074	-1033.2579789448578	-1058.1460459610978	-342.57811514640014	-233.81627364171007	0.6445289129562791	1.3942608036574597	1.9299454026406364	2.578198966292439	0.032736417473677906	1.029678709403938	0.022690300071159037	0.0011795375200133592	1.1539340001139884	-704.1100298568801	18	36.93216255164351	
926000000	-3390.1213940066013	-2671.8378377452045	-718.2835562613968	0.08373202843301338	0.7228018105332152	0.6974882076020842	39.087111347261505	-1034.0925354938652	-1060.0672639128384	-352.1528401050376	-225.52519823346336	0.6009007886405193	1.4162487724272577	2.3000796293441454	2.5615067126325832	0.03230759303796257	0.9416280389738017	0.024823061272566442	0.0011863771385570432	1.1411745754040306	-715.5998830870922	20	36.74019145992092	
927000000	-3390.9638205628603	-2674.522179382165	-716.4416411806951	0.03897007065177609	0.8675140243708346	0.6433156101919173	37.85645635529166	-1023.7636436870878	-1072.5852026134735	-349.8234459504535	-228.34988713115047	0.6034631796470219	1.4728561071785735	2.075460852606076	2.396438130038804	0.03046380977589195	0.8227932989160649	0.025259554679242253	9.754001531941533E-4	1.04544291946705	-716.0119927689575	19	37.171078474086755	
928000000	-3375.5297933663915	-2683.7563491374503	-691.7734442289409	0.01789564973406237	0.9441899967240074	0.6384289820788979	37.16384553722904	-1029.672514636543	-1079.7893006121128	-350.0979316447307	-224.19660224406408	0.6025625119336016	1.5127809326209012	1.7580683627182152	2.609664244916614	0.038468494508397136	1.0477674992917305	0.025409192221153974	0.002719891196117487	1.4209018802450657	-690.3218183014857	19	36.2624804271833	
929000000	-3421.7693479811373	-2697.9921429213678	-723.7772050597696	0.019112400435995044	0.9384750270742651	0.6357483932520952	37.97647683121842	-1045.376014296565	-1072.373231481237	-350.40320030757994	-229.83969683598576	0.6425028933469544	1.4582065767371002	2.11651285110832	1.714688346334461	0.03119787517516176	0.933674980654738	0.026568092018338763	0.0014346526763009762	1.2045983230548725	-723.3497337871898	15	36.90895375502322	
930000000	-3394.630057135922	-2684.3427522860843	-710.2873048498376	0.04949187289984473	0.837733243428967	0.6638581499759862	39.21082997284978	-1036.0334208885085	-1069.0439117600176	-343.07423317207247	-236.19118646548566	0.6811745620945531	1.3789014971872469	1.9132488504446736	2.049384357240175	0.025700462648767356	0.8513067379159794	0.022199138300368886	8.375202805650077E-4	1.0908245902840068	-709.6294147456272	20	37.023623572900576	
931000000	-3405.7077815053285	-2698.9004370666435	-706.807344438685	0.037537293902358444	0.8734477292523474	0.6566784965455311	37.419086814989534	-1027.5933746581688	-1081.444703439195	-356.8013123777572	-233.0610465915224	0.594694319713605	1.4779237130605203	2.0517238961450945	2.5589776896429304	0.0321465086594552	0.8433603218699864	0.027325798008827288	8.559441400361559E-4	0.9434578978619946	-706.0321259493102	17	35.976077119061856	
932000000	-3356.386887109285	-2655.1934497915718	-701.1934373177131	0.003942974693901574	0.9864113620458529	0.6553160032772535	37.216526417112355	-1033.583346942482	-1056.9444978095285	-341.761489315898	-222.90411572366327	0.6079431482229152	1.50579394521237	1.780635277322569	2.530822941538806	0.027865617786222003	0.8907432718410696	0.0233082212388265	0.0012943005539729968	1.1784694466129602	-701.2921956184923	18	37.0440957253365	
933000000	-3383.021669216781	-2678.95871854814	-704.0629506686411	0.05298670813096748	0.8355142158060261	0.6614546726339836	37.054716183883144	-1034.5200670730994	-1065.1235391020286	-349.6535998870228	-229.66151248598928	0.6190875172566764	1.4235338999178737	2.0722678265159287	2.5490633764593897	0.03954313694611436	1.1516865894190362	0.023336098429606964	0.001505223352846619	1.2060281997359341	-701.3024967865392	14	36.648200428499244	
934000000	-3350.8872121674003	-2655.899144388939	-694.9880677784613	0.006194596841050561	0.9807811415976114	0.6509557741172967	37.88646461129917	-1027.0570549143777	-1057.0605521029293	-351.2819179251785	-220.4996194464536	0.6224402224315493	1.4874395772490276	2.0277582470889453	1.9881026461536726	0.02971075444776356	0.8483491050797083	0.025507827275441305	0.0014717421251067766	1.1876783344629542	-694.9961139926058	20	36.72192077800261	
935000000	-3416.301169080768	-2686.3781502684305	-729.9230188123373	0.020402664678951066	0.9247554931056857	0.6310230082655133	37.406367326705535	-1033.9012310204826	-1077.4592538001052	-345.2211684265654	-229.79649702127742	0.6414814002008713	1.3865754385757854	1.9975770991255366	2.586914525531707	0.030314251438296802	0.9770999038548174	0.023485735124087075	0.0012367992916330563	1.1479530264950442	-729.5369889779366	17	37.17331017457626	
936000000	-3378.4316393752697	-2677.750231909392	-700.6814074658777	0.03401446603014167	0.8879160751458041	0.6488000777521855	37.75220642309187	-1032.071441638866	-1074.843286041513	-347.7423728860005	-223.09313134301289	0.6337823352776678	1.3248539546745612	2.432108738966388	2.528259744462125	0.026175719533920075	0.8838080693389123	0.021770453651328233	7.22741378426764E-4	0.9724301963075568	-700.4985191225264	21	36.75984416596383	
937000000	-3352.2340229722045	-2666.6283051056507	-685.6057178665537	0.025530717650500547	0.9128527961800922	0.6735076846193262	38.07103467562227	-1021.7033351027827	-1070.5587978246613	-346.1258252076841	-228.24034697052275	0.6407204206800649	1.4781475537550555	1.558583191699484	2.5454634378091807	0.03519100449412008	0.8972366502707074	0.02728227865546213	0.001249580569952885	1.045566919621836	-684.2402865781459	23	37.19492359671169	
938000000	-3407.3415569237504	-2679.702458042434	-727.6390988813164	0.04075384616847648	0.8790963437875946	0.6017499110123221	40.682862534858714	-1030.496757613414	-1077.9207656869855	-344.521205457857	-226.76372928417712	0.5911225656121668	1.5537719560983831	2.0553540054880726	1.9378541388792148	0.0288434658804641	1.0085310824144291	0.022303768586593567	0.0015647058238223673	1.2985378193774915	-726.997104104032	16	38.183138576871144	
939000000	-3412.051740326248	-2697.8359396668275	-714.2158006594204	0.03231632779372719	0.8987089204898021	0.6396463518836557	39.15765508707052	-1030.750238083247	-1076.3931301566324	-358.9593896517995	-231.73318177514892	0.6810336186633023	1.2489595164439782	2.3323140477632776	2.4881760138156785	0.0329549441488325	0.8079116319524687	0.0248716469604597	7.65816279092616E-4	0.8840187649568888	-713.6184884972828	16	38.95866512709069	
940000000	-3382.44956472126	-2674.32901037193	-708.1205543493295	0.02878469355120715	0.8958490777618958	0.7059832514828441	37.428769041588446	-1029.3538790046825	-1061.3785587735467	-358.3760293478986	-225.2205432458021	0.6214187866598545	1.4330510591111056	2.0473673721713292	2.462690620162934	0.026092174636499092	0.827398322044212	0.02186494576973143	7.233304599859674E-4	0.9841683247940405	-707.362847558515	15	37.02078858478088	
941000000	-3390.626042731907	-2682.1065258900962	-708.519516841811	0.02667714703057167	0.9043823276370279	0.7150384857518283	37.522798599397575	-1032.3485974240082	-1071.628075321086	-346.270912151908	-231.85894099309417	0.6067284395663552	1.4564743333164958	1.962716273767953	2.6791371692968005	0.025670412658586224	0.8054732294701742	0.023623872775486124	8.721244609285543E-4	1.0774234745323343	-707.7398493634657	17	36.83436580498284	
942000000	-3380.15146800265	-2666.138984891492	-714.0124831111581	0.03366604342977481	0.8856793549750451	0.6256568020974184	37.180339835460046	-1028.4921627255126	-1066.840281841458	-343.26137444897483	-227.54516587554656	0.58251530838512	1.618292053318553	1.7502492660666247	2.054644445199101	0.025789999351621327	0.8655730779182823	0.02353644365022765	7.853852634590677E-4	1.0335300374913738	-714.2839534948438	20	37.14668122230472	
943000000	-3406.385411473529	-2695.4982250842627	-710.8871863892663	0.019886634490723837	0.9355432316169011	0.645146616439956	37.09535121083447	-1036.1523506643366	-1073.7025727724122	-357.71854312320363	-227.9247585243103	0.6225370440647761	1.4041147466264587	2.278877750525221	2.2967273797119208	0.027505594813768276	0.9194297465759899	0.023032652309308375	7.560762871476713E-4	1.0379773801936767	-710.8211530509436	15	36.561785240691805	
944000000	-3406.4866361980357	-2692.0012062824235	-714.4854299156121	0.03438621933094327	0.8958624119302591	0.6494258354342354	37.220367638600145	-1030.6806329201845	-1088.9682458377756	-346.96342912665864	-225.38889839780478	0.5589739487855873	1.5298149482367573	2.019953864211944	2.8262411765720703	0.026466504048495165	0.880754124825569	0.022247653911368234	8.011688009697158E-4	1.0623617916837031	-714.3356248539206	15	36.54671856007703	
945000000	-3383.3466478159557	-2678.278103859094	-705.068543956862	0.005772986952561407	0.9800085719241906	0.6585756002684526	37.41354123175359	-1033.6166707761986	-1056.5792432421233	-356.25949654657734	-231.82269329419495	0.638842212967675	1.2528774535683191	2.5645134607954025	2.848202315107282	0.03017380637195275	0.7962114636294427	0.026146338756630277	0.0010130895590310012	0.9924790810008505	-705.1442723207848	14	36.908220346514824	
946000000	-3411.782593757366	-2679.68087528349	-732.101718473876	0.006498833027822095	0.973763562543387	0.6814601605357172	40.992336498150955	-1026.607771885394	-1078.2264061560172	-351.96351889889354	-222.88317834318514	0.622584841590985	1.429419661029167	1.8863832743167865	2.754940330454374	0.032089599689481184	0.8878374369015286	0.025795556370081966	9.807914322247449E-4	0.9940173068866474	-730.9717667003365	16	37.1277551923424	
947000000	-3407.7291821740264	-2675.9996392468943	-731.7295429271323	0.010315034625078488	0.9598409558600495	0.6395115688153871	37.5893585381738	-1028.804996704453	-1061.3868056905387	-353.06987327964583	-232.7379635722565	0.5933322601307841	1.5126846385527164	2.060917320845741	2.255919999060558	0.02279925692989433	0.8761548450827579	0.02013254219597508	7.238837296768071E-4	1.1031576876219882	-732.3953654355154	17	36.668966216281284	
948000000	-3417.881724587373	-2688.8842790076546	-728.9974455797184	0.039701182499809175	0.8800545125684649	0.6294296303190767	39.46600185919531	-1024.2822906088957	-1076.591817052624	-355.87851284572747	-232.13165850040724	0.646283756995492	1.3610879337459958	1.8660029751066127	2.955312006935042	0.026640958317289437	0.9869264359879101	0.024860712963543367	8.409945349321011E-4	1.0305799953447397	-728.4431754099245	19	37.69718519719681	
949000000	-3386.835862354981	-2676.9785558272033	-709.8573065277778	0.007910861287002512	0.9755126118797831	0.6100590045149132	37.54978779739627	-1041.7845712891967	-1062.3273280687442	-348.4525675249352	-224.4140889443272	0.6308874029566147	1.3798277291091665	2.269434156816907	2.3731800074121923	0.030208475542352457	0.9986975675775438	0.024364377089585953	0.0017168080887480374	1.268851474071742	-709.8717303365878	16	36.97081180431176	
950000000	-3406.6932445165457	-2684.336851719353	-722.3563927971926	0.056294325066125056	0.8352977109612687	0.6069687134987559	37.245082634183284	-1041.619705778265	-1066.080402376515	-351.0500421259669	-225.58670143860695	0.6542935017933119	1.3288502011365113	1.9710757446538092	2.909389102554257	0.029529756155998177	0.9588986814807714	0.023705609192197562	0.0016410910818610402	1.2958953773573698	-721.8423549340577	16	36.729927029156435	
951000000	-3411.872896264067	-2698.02746521289	-713.8454310511771	0.04645101259044983	0.8516132136981674	0.6269947671081653	37.565803298731986	-1033.087042817094	-1079.780873308221	-355.65752364956677	-229.50202543800827	0.6014664118652985	1.49410844053966	2.070397874751011	2.2519659288880463	0.03286800476941608	0.8559141155741378	0.028298356083174485	0.001338783937137619	1.0618240908075214	-713.192828063427	16	37.373041243489176	
952000000	-3376.977100115514	-2677.8672227638963	-699.109877351618	0.022171767585632364	0.9372559773154239	0.5789289525807146	38.06892460413182	-1029.1087955144553	-1074.8293120256435	-346.4869350887426	-227.44218013505483	0.6859042420320329	1.3211468972201732	1.9419336826402134	2.4291133817893167	0.030900381163355983	0.9071413250586613	0.025337624861052756	0.0013176053010129358	1.2072729302175431	-699.402856109618	17	36.901892895276845	
953000000	-3419.8980377656326	-2671.9348438543075	-747.9631939113252	0.0036838784597594044	0.986982000334518	0.6321957807503744	37.66484835969182	-1032.5809946067616	-1065.269531478998	-350.8082104020279	-223.27610736651994	0.6708645946264409	1.3910326573303724	1.7810128299367158	2.3675063337349	0.027952684680801032	0.9271614456377119	0.021519605709301906	7.572578206105705E-4	1.0980252314472327	-748.2049768466406	11	36.63881434294639	
954000000	-3412.4728802190543	-2671.5044028510006	-740.9684773680539	0.04393727311393077	0.8538408746419617	0.6268761630582231	37.48825568920461	-1038.0351170409351	-1059.4072263871415	-346.03026669492147	-228.0317927280027	0.6356654825960565	1.416127633659889	2.019531246817049	2.3930274458059446	0.031013205529359017	1.013318957656265	0.026107366688119877	0.001076563635096635	1.1717324458943643	-740.0580745128229	15	37.303476096919695	
955000000	-3448.9274120278387	-2714.5561316402473	-734.3712803875917	0.007907549944638319	0.9726338983954953	0.6338011310586622	37.68413549582666	-1039.778058609161	-1088.0125567460286	-360.2757873821507	-226.48972890290705	0.6883959311156586	1.3423189365226447	2.1629325087199924	1.8044749898385604	0.02940739739511468	0.763623045495116	0.024254993864871666	7.046718255257749E-4	0.910758869932847	-734.8967686030313	23	35.98051879321742	
956000000	-3390.7898947421454	-2680.268081489154	-710.5218132529911	0.03475839026654818	0.8901391841857971	0.6760992136674013	43.41548870011253	-1025.3854525363129	-1070.3282116643945	-350.3117715398277	-234.24264574861948	0.6130821217758462	1.39643598958463	2.3476032991509004	2.4252100064830544	0.029856351526552125	0.9597311957847753	0.02427304498087093	0.0014914759322178393	1.233998550793569	-708.764358155681	15	37.78147944322018	
957000000	-3384.1127552008816	-2672.268528847628	-711.8442263532532	0.023533773949982552	0.9212517144930631	0.6775342146944894	37.25977577717085	-1023.6070865021495	-1084.9084621707123	-338.67207702202194	-225.0809031527445	0.5806253908559545	1.5203234733735769	1.7853690593083342	2.910810459584952	0.032095134789353656	1.0690109820207723	0.023163247536626633	0.0011933059431215851	1.1728248430251276	-710.322417215823	19	36.78408922168061	
958000000	-3411.6521599502285	-2687.0836784300272	-724.5684815202014	0.03820694378244554	0.8603555203932316	0.670572671945653	38.56842398014333	-1042.6871661176558	-1074.5272490910306	-347.7167691911826	-222.15249403015798	0.6188227715547647	1.3763088251935045	2.435286182086659	2.343837095066143	0.02546974211821203	0.8092188469719308	0.021968145015715035	7.308656830245744E-4	1.0009793559135207	-724.207512278226	20	37.09237852476618	
959000000	-3426.26695828676	-2699.7511498674303	-726.5158084193297	0.020771352699019467	0.9281330779701396	0.6527953586788782	37.12984048362067	-1027.9715163486353	-1089.2545498309196	-351.16282877477784	-231.36225491309756	0.6220262954655837	1.43937145137354	2.0014642423273825	2.474594899719013	0.03285050165904678	1.0836649606000968	0.024815246777725158	0.002681248355303627	1.545426238915695	-725.2877129138321	16	36.42551524228816	
960000000	-3434.180670191236	-2706.015511573198	-728.1651586180379	0.02270185699273525	0.9248981880529108	0.6288328984668192	37.63883388197002	-1028.207951892748	-1091.9608416194305	-352.0817452173474	-233.76497284367215	0.5307044403653464	1.5985297242170593	2.027539607044763	2.73165380277642	0.030258568764742037	0.8561568439228814	0.02465376587959523	0.0010803392412205679	1.0490828309453737	-728.1359422657455	17	36.82011644334912	
961000000	-3461.1534414713733	-2729.0845186764395	-732.068922794934	0.027113238466220553	0.9071764967435516	0.5995392986747877	38.29796120769872	-1046.0551454429885	-1107.0680896281442	-347.9794470009316	-227.98183660437573	0.5822254950134869	1.5177043535726114	2.1403513159885206	2.282761609610208	0.02569762883510958	0.7020969549176795	0.02221883687491691	4.2357923964923865E-4	0.8123935946086377	-733.175505004627	15	37.04730279649165	
962000000	-3430.1971189685105	-2689.97145475543	-740.2256642130806	0.00434752191597778	0.9838991396292303	0.6221270371506316	39.757349494806675	-1035.767933308442	-1073.933208569423	-350.62042026470465	-229.64989261286058	0.576649932477917	1.4829391731622634	1.9074928821287385	3.1090861807337937	0.024376570676866365	0.922503946891569	0.019835814879545575	8.385563596811305E-4	1.1435436685371085	-740.7103166066847	17	36.744044842622095	
963000000	-3396.1359455465963	-2685.158709539948	-710.977236006648	0.03230391150836653	0.8971918455654703	0.6269167603938963	38.2520104709699	-1028.2746287083678	-1078.8274276486568	-349.9474287886897	-228.10922439423376	0.5834113410547217	1.5902767192464022	1.72609533150374	2.3320272166109937	0.023689781306545414	0.7557355530923728	0.021471725793712808	5.01969373256616E-4	0.8810693434447824	-711.6897667840421	23	38.09945017249506	
964000000	-3414.8081101809016	-2695.8626916973276	-718.945418483574	0.01875253049028639	0.9382720560134717	0.6483538298773984	38.74886074824395	-1032.6466247484104	-1074.1985507791778	-354.3010300693027	-234.7164861004366	0.591505979777449	1.372327068740776	2.870836985448957	2.1364780410257	0.028827613210976318	0.8950412662534064	0.0246791572021925	0.001029273396471228	1.0772897762490852	-718.6314664134898	20	37.08239179125252	
965000000	-3419.245583125933	-2697.906420355771	-721.3391627701621	0.0279281723896736	0.8965541862828145	0.6959028556261591	39.08478916978697	-1042.1998866180882	-1062.833290899727	-357.92305863948894	-234.9501841984672	0.6079829292894976	1.49663334444635	2.114418679448013	2.028391554448286	0.03019733909188798	0.9100943826478598	0.02691459119747485	0.0010211323676507051	1.1098959831288504	-719.9347970307706	15	37.273662227461266	
966000000	-3400.0584956966636	-2701.038590894051	-699.0199048026126	0.0590529643242601	0.8397997997789275	0.6347103798058921	37.558095934915386	-1038.9727016491233	-1094.504979541292	-338.0436063862123	-229.51730331742368	0.6065683639273525	1.5514765869850669	1.8434128478493932	2.035939318778187	0.029252185157075988	0.7617445024443973	0.02594297068890829	9.187360641698902E-4	0.9654010488659175	-698.7544133682188	23	37.32238153612565	
967000000	-3401.315179851341	-2688.0356795517073	-713.2795002996338	0.007293530372583766	0.9737667325910094	0.6537570905013895	38.66642572180338	-1053.111808772783	-1068.3456373896624	-338.8503913691152	-227.72784202014668	0.6402628023348983	1.462166025630023	1.7135127261723184	2.4268652541650653	0.032636507864629974	1.117824312537627	0.02446657562913652	0.002817966347586721	1.5088038390441436	-712.0209346891634	20	36.578875456609545	
968000000	-3415.602807918147	-2682.222807062235	-733.3800008559119	0.04000371372564832	0.8685021457983584	0.6530849612200412	38.329495382668505	-1032.8848303268348	-1071.5492449560911	-345.3802251577287	-232.40850662158076	0.5609492336518144	1.5843935561302445	1.8909963175920006	2.523178999657235	0.037359099162793265	1.2085068630033373	0.02776634140484745	0.005026061275844862	1.8691881607259135	-730.8673728077916	24	35.91321218597751	
969000000	-3425.0796574167935	-2685.645210377158	-739.4344470396355	0.07302740781615145	0.7578926222692697	0.6783759795979124	38.6471512285301	-1055.9909812396647	-1063.4898539163175	-341.6912966449964	-224.4730785761795	0.6375291745588425	1.4569310429769806	2.1011147849306058	1.847615422960431	0.025592899266331116	0.9069545975959787	0.019269471401071714	6.977160223499408E-4	1.0512168115447578	-738.0477593953215	13	38.31214506268302	
970000000	-3392.4454285804222	-2669.858997467288	-722.5864311131339	0.018833282506944646	0.9310624125144668	0.6872513989693311	37.08218754410026	-1028.839031894386	-1063.1601891958194	-350.81824680871904	-227.04152956836367	0.65928308519943	1.394124280342427	2.103124906135214	1.9960342723922035	0.028507054381761536	1.0045105557805993	0.023716644096802183	0.001914517806739592	1.3679498450225764	-721.55824140781	23	36.17993141605249	
971000000	-3382.3718093931816	-2672.8290275029262	-709.5427818902552	0.02412382225064148	0.9165253221530626	0.62600852833075	38.75373461925974	-1041.369348394903	-1057.5142961335007	-344.75035676396425	-229.1950262105584	0.6332236661171272	1.4493523478497992	1.7968028556698747	2.530174215703963	0.03044322796137103	0.8275385903301165	0.024446642506546327	0.0012128533660759398	1.0879843912471994	-709.4781231946763	20	36.84811521990486	
972000000	-3411.370653922405	-2689.3734261575205	-721.9972277648842	0.02437922991423296	0.9075527404581836	0.6494959627295656	37.67528422486129	-1021.9357656258017	-1083.711620009837	-345.9126824477669	-237.81335807411477	0.5708533430479236	1.5206345663810503	2.041917724952968	2.644719365992168	0.027144940981718314	0.9427380156660321	0.023615136566326	9.727033063826957E-4	1.1106637121231553	-721.6853812409165	20	37.14561263768853	
973000000	-3383.7043811879485	-2681.969385835863	-701.7349953520857	0.03271451169013647	0.893166489468117	0.6479817357737104	38.51166150127286	-1038.4445874676699	-1063.8151342156275	-357.5326448108848	-222.17701934168042	0.6777511977266262	1.3114382271547833	2.2232930435732823	2.1790203725477015	0.035467469783995016	0.9417907670229485	0.02792328317849281	0.0018923295662894505	1.2371179575018652	-700.4041638714973	19	36.61611127545324	
974000000	-3386.276147365117	-2657.5108839495497	-728.7652634155673	0.01478185438487095	0.9445690241192508	0.6663917792526287	38.91137873732909	-1014.3032906559769	-1061.2655217452357	-353.3192647983554	-228.62280674998124	0.6070883662320292	1.5067118634910133	2.004894800715436	2.1463483689201475	0.03153932846115398	0.8772929650971032	0.023466373554018646	0.0014970297754289446	1.153918295272929	-728.0264251536684	18	36.428505338759834	
975000000	-3441.084707319591	-2682.248592661503	-758.8361146580878	0.08105881751397735	0.731336267834952	0.6161180531714094	38.57962090252434	-1036.6825860077684	-1059.8418998790448	-357.91270804044154	-227.8113987342484	0.6896909589921609	1.3556116953833295	1.7158095312855801	2.442699840949056	0.03519853254652253	1.0150908404942112	0.022186417298011078	0.0019417074904317935	1.3208694991038168	-756.8745824599748	27	37.147788917866656	
976000000	-3430.763091732117	-2695.3530045667467	-735.4100871653704	0.03204543012429696	0.8814634037117536	0.6635746978821268	40.93565620871236	-1032.5721408839397	-1076.7420044321361	-352.585915870819	-233.45294337985166	0.6312057305482359	1.494519314544783	1.7400006360989835	2.2614161755071343	0.023725237317823843	0.9645993550031248	0.02166425165063513	0.0010359273378231736	1.250165402333337	-734.6776133698852	15	36.86527969408307	
977000000	-3415.9409830471714	-2686.530743678504	-729.4102393686672	0.013947662914944687	0.9481633050112477	0.6748048357000336	37.88860314991868	-1036.0277508942534	-1079.7421323918243	-346.0725710183143	-224.6882893741121	0.5637681501732292	1.4899009449595706	2.443992918481813	2.3523090347291737	0.030457866376364284	0.7799329133781724	0.023704131177961153	8.385048208981021E-4	0.9958016748401908	-729.0848931800195	18	36.65504003261011	
978000000	-3403.387852602728	-2678.373083859046	-725.0147687436821	0.009112623841433095	0.9693144206231351	0.6201180034889278	38.4472273517327	-1026.8051655634417	-1074.8645955522954	-353.1662414179159	-223.53708132539313	0.6083098132037565	1.4267813213994316	2.0332324924473695	2.792924794750658	0.027553136643220677	0.8895462136319537	0.024353870188436395	8.849454091374014E-4	1.0977328275687246	-725.3928137269106	26	36.90157803517597	
979000000	-3431.266962888226	-2701.24886041964	-730.0181024685857	0.0436153430913729	0.8506985558121402	0.6830413409743571	37.667610524828355	-1051.5854940459587	-1072.3090026106706	-352.18028440809707	-225.17407935491354	0.6737668084429883	1.3375488592646516	2.147079556354817	2.153101682580258	0.02875807610107464	0.9409517881150992	0.023432229901991026	0.0010782428704012377	1.1190491456041547	-728.7540756707463	18	37.209817607585734	
980000000	-3384.826204573099	-2700.431439721128	-684.3947648519712	0.04086938645448973	0.8533445121657867	0.7176598911368695	37.128430940065066	-1021.2730932946956	-1103.8829125532523	-353.99116886739444	-221.28426500578504	0.6266339671436897	1.4681746915232248	2.077670260300933	1.9944594450340754	0.026786716330348775	0.7125079079495941	0.02324679049100452	6.47905195019278E-4	0.8674745952082705	-683.5621346469486	17	36.61033016655852	
981000000	-3379.858332132627	-2679.769877978916	-700.0884541537105	0.10469153773391685	0.7581703266600182	0.6313947010291125	37.51130248924801	-1036.2103155357272	-1065.9325722842268	-351.08104245729726	-226.54594770166486	0.6231614674637235	1.4351808036415818	2.020281321283468	2.457812573168753	0.03213195525971445	0.870982696459235	0.025647027074409603	9.990372495423737E-4	0.9942405036761238	-698.5377153201678	20	35.91355636423439	
982000000	-3389.704957359713	-2692.762340601394	-696.9426167583189	0.014804592753080392	0.9494659416980779	0.6774826869455894	38.54888188290235	-1034.470941993022	-1088.043666931413	-343.80153878779475	-226.4461928891638	0.6343856208782979	1.436620096550483	1.7484026972153548	2.7073876142309263	0.03230414349860425	0.7485387881638388	0.028505365649124603	0.001065572437603976	0.9583861895283547	-696.4143397184993	21	37.93649272779216	
983000000	-3384.988628067076	-2683.427653357595	-701.5609747094812	0.0043683959849826525	0.9857892779540627	0.6423300739446187	37.64186555219656	-1034.40420615294	-1083.8704800038165	-345.43025972330486	-219.72270747753345	0.6032304117332156	1.4689593056883241	2.0366737744567156	2.503809320574556	0.026429427856326425	0.731312249012669	0.02375421739067223	5.423185217209015E-4	0.8208095257047533	-702.4301380033288	24	37.04812764849285	
984000000	-3380.022284992172	-2684.6027222148628	-695.4195627773091	0.039140486353323185	0.8775758964820263	0.6625326416709567	37.7096776965653	-1034.6309334976943	-1075.1308722851134	-346.11684413717865	-228.72407229487646	0.6015159348112901	1.5023466170893025	1.7609136183070688	2.7184788527442194	0.035616406398975384	1.0051850445490889	0.02611631528193398	0.0014730863570272207	1.1681949640870102	-693.6565554500082	22	37.051381035275874	
985000000	-3377.1539981145584	-2682.0397385510087	-695.1142595635498	0.04541508497634579	0.8495571084746772	0.7089748538043602	38.745331509440106	-1025.2133116140828	-1085.0744536046268	-349.1088167892123	-222.6431565430865	0.571759054736656	1.5065557865434902	1.730849007499	3.298590117988693	0.028607160103510432	0.8733487306844995	0.027295180208436475	0.0011599846539488588	1.1037752497066207	-693.51464268006	15	36.96398724749033	
986000000	-3396.8697046666366	-2681.9894804879164	-714.8802241787201	0.04674831990460737	0.8565183687427549	0.6333462685216684	39.233378153488246	-1015.1245009805143	-1087.9708876918314	-350.47665487026063	-228.41743694531033	0.660693705763411	1.4363291597508236	1.8821297358097744	1.9761301150704549	0.02398101371511226	0.9029268430966607	0.021387983162901907	5.878228667440311E-4	1.018232514111745	-714.6829768601029	20	36.96046455138561	
987000000	-3414.3715625365635	-2692.023946362871	-722.3476161736927	0.024947966111633784	0.9148071225048708	0.6272436038146799	39.16531917153295	-1054.810858854422	-1057.0944272242987	-348.9075713044523	-231.21108897969827	0.6390524525107142	1.4426919279045127	1.9210854177835894	2.261876570034227	0.031093159334421576	0.8761488427985544	0.023273584065382668	0.0010017986680620808	1.0090006503354787	-721.993880117111	17	37.78939479400714	
988000000	-3414.1482803332856	-2701.5384557277102	-712.6098246055755	0.04222911483286146	0.8618139768002434	0.6647201534937444	37.23450885479043	-1038.7875373405834	-1085.816258182633	-345.9951632812415	-230.93949692325242	0.6336432365926806	1.4401522741746462	1.7760392487372891	2.641339351876648	0.024876561826934884	0.7858205314358028	0.024913788260355667	6.384933513806178E-4	0.9315127487081344	-712.549853847123	15	37.17527035188795	
989000000	-3391.6697090228827	-2674.4011734663386	-717.2685355565443	0.02183429285904254	0.9295093431820914	0.6256633273594739	38.97686457723158	-1031.7919853122503	-1076.227586051052	-343.6998740835161	-222.68172801952045	0.6020960301643752	1.6309210041127387	1.4738111073392113	2.0527169520181925	0.026985968194710913	0.8163657801733297	0.021605690368724118	7.827904877822453E-4	0.9973053062873969	-717.6010055440113	18	36.54702526202668	
990000000	-3434.537119800436	-2697.3886649131446	-737.1484548872913	0.032656115092867755	0.8840684578987834	0.6477562064091018	41.145953485218534	-1039.0159073141406	-1077.7106219984596	-348.68034769785277	-231.9817879026916	0.5853208565192582	1.5567634347480095	1.971523106965241	2.167867376212443	0.030742203508179546	1.0125918147686255	0.02300036842837038	0.0016327848583148326	1.3069085427721776	-735.8000625191518	17	37.13646957055861	
991000000	-3397.9783471215233	-2707.004883762206	-690.9734633593173	0.008087892134058083	0.9682148258912867	0.7151767633609866	37.987281556589245	-1042.258569770958	-1083.1357327132428	-348.46553434695755	-233.14504693104755	0.6369909764641997	1.4017144899771246	1.86851295310059	2.7618433694596773	0.03087559731097145	0.8442239115957041	0.025723634507508166	0.001035444356764433	1.0617585853030878	-689.8286587147581	18	37.444032946508244	
992000000	-3379.486860527955	-2682.3749701311353	-697.1118903968195	0.04298665941269399	0.8697272919866152	0.6840877400917025	38.53581485931925	-1028.6943400962548	-1085.3119281169545	-337.96978964441996	-230.3989122735062	0.5685204545310115	1.4630294119874658	2.0325892289183662	3.2238155054160504	0.03743803332740622	1.035294861619263	0.030945161351831615	0.0023453746707226635	1.323190367318937	-694.602149241798	19	36.82295088949659	
993000000	-3389.3574171983355	-2704.7991260301624	-684.5582911681734	0.008625037686190374	0.9716862556794845	0.6673924300755872	37.15220746038328	-1031.9949290286715	-1084.693657823761	-353.41458638362616	-234.69595279410396	0.604068074110066	1.4569163588650893	2.0488762034557695	2.5749260060749375	0.032523126539388145	0.8657126159591043	0.02851458775939837	0.0011027445067330083	1.0131691417524205	-684.0324397543669	15	36.67989928072044	
994000000	-3405.135690775229	-2697.666547085051	-707.4691436901776	0.027809041464518215	0.9145954285234429	0.6548801374715489	37.02764162324853	-1025.7226725370524	-1071.7312748583354	-362.373255098853	-237.83934459081036	0.597690338156692	1.498468265798723	1.9959140687356745	2.4148195625464486	0.0359733372182798	1.0275664876678827	0.023026034925799136	0.0015921892755051163	1.2084724419354222	-705.9681803502958	22	36.72208735020225	
995000000	-3422.9370131210594	-2700.2324532797984	-722.7045598412611	0.03029927706547143	0.8998438482315528	0.6489651127631849	37.15563247129949	-1037.0916012801258	-1071.2605449122002	-361.02828124105014	-230.85202584642218	0.5747942159738343	1.45140758567177	2.7676646957999163	1.9228284078009317	0.030218435536257186	0.9336130082022939	0.025307713991372324	0.0010088277646570216	1.1132863401996302	-722.0972472003798	19	37.13960743838027	
996000000	-3408.6911122158817	-2693.174112754699	-715.5169994611831	0.03083888805392976	0.904348987790849	0.6101343679511666	37.7229382798266	-1034.4410998316455	-1083.0517890069589	-354.93475919392694	-220.74646472216784	0.6122371982398236	1.4406060265987684	2.254463298222791	2.2067282221641693	0.0305600420488896	0.9355339486152939	0.02722823104571577	0.001399103316928628	1.2087184032482994	-715.2984332614085	15	37.04597240650249	
997000000	-3403.258110473966	-2674.936503924958	-728.3216065490084	0.007331368678759455	0.9735959749060485	0.6560291283647273	39.1709443156007	-1035.0598416979988	-1072.246416629753	-340.07565511118827	-227.55459048601813	0.5835261312101492	1.5087925631493964	2.0118688700104044	2.5630999161440395	0.028371100408250548	1.0677175730253243	0.024274957855255273	0.0018054179803175538	1.4669263092106561	-727.5554243130324	15	37.036511724677666	
998000000	-3382.3026719205072	-2677.1721878880107	-705.1304840324967	0.035610494059667756	0.8931208845291256	0.64563164285486	37.28215871447672	-1032.5310011361107	-1080.9680028517132	-340.6909814474011	-222.9822024527857	0.6222640627627346	1.4195575962590996	2.173685469946432	2.347014868769574	0.03839686730043361	1.0768527565579367	0.03130062134924807	0.001843496564479966	1.2361685004120926	-703.2035202219997	23	37.10775105380816	
999000000	-3467.249381937305	-2706.631737850981	-760.6176440863239	0.029909110567675635	0.9043489036412208	0.5920723939710923	39.74272548140286	-1032.1997159592386	-1093.158794032856	-354.45595383345614	-226.81727402543032	0.5821631720643589	1.5301207706989122	1.9660948375179579	2.4771468288302363	0.03168566648968901	1.0395711545878508	0.025087062251990873	0.0027244926787281178	1.551471787081805	-759.9725950669642	16	39.11345436849039	
1000000000	-3415.29216446826	-2700.469767753968	-714.8223967142923	0.06770239370425069	0.816729863616975	0.6287789519571364	37.30932583888275	-1034.7535289912125	-1080.0562231473848	-364.40965009052286	-221.25036552484798	0.5502026959350063	1.5140405748763972	2.35722591846336	2.544638246036132	0.029512143954704688	0.9040904254410846	0.02453900235509683	0.0011603912782149346	1.140063269996167	-714.0401423422218	24	36.61673082918137	
1001000000	-3405.3142923796067	-2692.3426593104996	-712.9716330691073	0.012419094003485624	0.9640130771732255	0.5924542396834821	39.497758726024784	-1034.3655912356714	-1072.8887360334638	-353.2242255098857	-231.86410653147846	0.6732072036707512	1.3962225991004833	1.7827600121894764	2.273229717019496	0.026792007446912527	0.8475405375311859	0.02429972043699023	8.080547076941689E-4	0.97239757683275	-713.7157994583104	21	39.32280853296433	
1002000000	-3406.83310638875	-2680.460887318895	-726.3722190698551	0.010364811468359924	0.9656292416899303	0.607888370463537	40.463418085693256	-1026.6711158422668	-1067.7044022852197	-349.83135680535094	-236.25401238605767	0.6402932578913795	1.4012503279578796	1.7934492817510743	2.834638905377937	0.029729354379422913	1.0460532924090324	0.02223385579583056	0.001183315329362391	1.2432191888741162	-725.9705714546908	18	36.88238169972138	
1003000000	-3399.143101729751	-2679.4582866709115	-719.6848150588393	0.020929311522249344	0.934023909496023	0.5927500701777608	37.76588844239593	-1034.468358695639	-1066.3957444636444	-342.9614112235631	-235.63277228806498	0.6107867324300641	1.586841443131921	1.7584494233489263	1.7861926047802734	0.03246576152617525	0.8730714207585043	0.025010561876227636	8.657727965090821E-4	0.9158130860799015	-719.8236623143805	11	37.093988250250305	
1004000000	-3379.1133224947293	-2692.6529405822625	-686.4603819124667	0.02021534339057439	0.9304202767804338	0.7161160621209158	37.67521305638202	-1028.500874648523	-1085.259516872614	-348.17340941749035	-230.71913964363517	0.6466937662603744	1.424304481480201	1.5577052980197568	2.9180938361959634	0.03471096145168905	0.8825153654707814	0.026325853888623484	0.0011873470158611928	0.9831078411533228	-684.6234041038111	25	37.175331392933565	
1005000000	-3391.8435417258806	-2690.1743679163806	-701.6691738095002	0.0182603410529169	0.9398996333873023	0.6751503113599151	37.32297418719593	-1031.8400102570774	-1077.3323559790208	-356.3497318473341	-224.6522698329481	0.6502994406934913	1.4738161907639564	1.4470315929338449	2.597659622313295	0.02843514848108454	0.8033437953842261	0.02592658666366788	7.811157279544756E-4	0.9335574168359067	-701.4562968592902	20	36.62282420513753	
1006000000	-3391.270878854849	-2665.1309004998247	-726.1399783550241	0.01794176791606094	0.9378513517910728	0.6270309823469793	38.49271609504319	-1023.9045359798602	-1069.7078848449726	-345.0948837454846	-226.42359592950763	0.5915429131658875	1.5097207339715581	2.0131499210425736	2.400185682279089	0.025655284216295593	0.8552042816813472	0.022127413664312742	7.593966920731979E-4	1.014216213934232	-726.5659389807685	14	38.39876344263007	
1007000000	-3401.927625922088	-2680.09875685068	-721.8288690714081	0.03216781705037685	0.8938443535786824	0.6623597017847421	39.14449736907242	-1021.53661380887	-1072.893749410046	-350.0418734411981	-235.62652019056566	0.5913994148285603	1.4815259757798531	2.1597269907288945	2.4001551024625667	0.028397606817512	0.825307632390358	0.024052759927786483	7.507801520614072E-4	0.9645486753896454	-721.3174543134885	20	36.81751447558176	
1008000000	-3372.232599357438	-2649.243301596462	-722.989297760976	0.033779946949084975	0.8879681208186408	0.6803215632493413	37.36053567133608	-1013.3303476386142	-1061.6467421623222	-345.0764865209478	-229.18972527457805	0.6299355600082768	1.4870470341408675	1.7188003882826801	2.3899003730796418	0.03312108661508034	0.9392774636161451	0.025874269534130835	0.001915196995935654	1.3028041433960256	-721.5393075642771	18	36.18572870082841	
1009000000	-3383.0218272510883	-2674.896080172592	-708.1257470784964	0.05081056872959384	0.8515433679026269	0.6063701339514522	37.33612937286126	-1027.7083538120492	-1076.1119904632505	-342.21518056596744	-228.86055533132512	0.6281040885134398	1.4168992689594957	2.0312758120939827	2.5091962264441103	0.030723776815352922	0.9281956733690916	0.0231899431802006	0.0011751205312150864	1.1400546825009346	-707.6768242718642	20	37.29145179063465	
1010000000	-3416.7230022363524	-2691.7246332997365	-724.998368936616	0.0011027944065262908	0.9951903113657738	0.6745282864247594	37.49366395635742	-1047.9004122492095	-1073.2011139427784	-347.80048226157794	-222.82262484617038	0.6324109504193696	1.3908880753007578	2.1487786815117897	2.455836571678905	0.029021746632161772	0.9155978971610841	0.02364433807631496	8.24483812936487E-4	1.0130098912131562	-724.6467145175084	24	36.76628910415308	
1011000000	-3425.9175190860205	-2707.7213202998114	-718.1961987862092	0.02118197802034691	0.9425486969805574	0.591291989478405	38.147945182213384	-1037.9551881175826	-1089.525884195597	-352.7313533438112	-227.50889464282093	0.6127220678292021	1.4982817533442927	1.6974898778891856	2.6531376448398243	0.024874602697040473	0.8842504811381392	0.02185675934490696	9.272715706279779E-4	1.1306159503891955	-719.0164200545487	17	36.94058759103993	
1012000000	-3392.022276602162	-2678.4746011240345	-713.5476754781275	0.013830513104836038	0.9501388971708502	0.6318464997859717	37.9316852996178	-1018.9995970342018	-1087.3852388074808	-345.17219364152993	-226.91757164082213	0.6434896556394493	1.3930511932054022	1.6683941251998116	3.0665460849015105	0.03284817802955043	0.8673500988188442	0.027738094286918334	0.0014972163687281754	1.1495112451307823	-713.2969113894495	19	36.424179674923295	
1013000000	-3388.4451437349107	-2681.7719816896133	-706.6731620452975	0.03411321966749818	0.8846951471757627	0.6504782427845495	38.871942619045214	-1030.5823346343434	-1073.8904334753431	-346.0230567347967	-231.2761568451303	0.649959274582299	1.4627943722753023	1.967828774954326	1.7919240762878896	0.027550323932912513	0.9485721574194866	0.02325878818406774	0.0012665949363771343	1.1952340264239358	-706.0150546000712	19	37.28017412375721	
1014000000	-3405.166162026967	-2689.6209192765177	-715.5452427504495	0.03182774398717922	0.9127517576771622	0.5861106968089881	37.658713804558836	-1028.6667242454446	-1086.901094286133	-347.28606080532285	-226.76703993961746	0.5995207642018631	1.4964607573956836	2.0304537203535955	2.337664652984082	0.030259040625669757	0.898707853641903	0.022356646009074724	0.0012713511534073586	1.152158228739934	-715.7430047076687	18	35.727651647156925	
1015000000	-3443.134641810277	-2721.124994602687	-722.0096472075903	0.018555470346280953	0.9371513801546106	0.6207897639193908	37.70883443477118	-1049.8243754617276	-1081.8158441068838	-354.6790760705735	-234.8056989635018	0.6863597746310417	1.3851028317262888	1.5697720334289427	2.496137737972405	0.02939859689863316	0.8523562532570247	0.02785153010424961	6.744342700462456E-4	0.8836360093907861	-722.2369342611947	25	36.356664106663644	
1016000000	-3413.7128985015424	-2679.680301742281	-734.0325967592614	0.018995410374355474	0.9174425860535103	0.722810723483739	38.12262383996309	-1022.4737625121633	-1082.8826819042217	-349.8259141436714	-224.49794318222442	0.637671611445213	1.3564023503215135	2.1120907124227957	2.7304594829068605	0.027185515404682222	0.8538788824408015	0.021455328158691184	9.247374278376589E-4	1.0508153595765637	-732.8699621071918	22	37.02510789410634	
1017000000	-3405.7704897630297	-2685.3405384344633	-720.4299513285664	0.036187170257931126	0.8836260928200131	0.6773538177837106	38.45925520574787	-1034.4668749539499	-1077.288323617058	-349.7083445516662	-223.8769953117889	0.6643480856743593	1.4148219448987318	1.8613397710917068	2.1366442686875087	0.028450352514919355	0.9410309422501273	0.021356289688461757	9.922391751593586E-4	1.1204140169799466	-719.3359488302802	15	36.80136470785438	
1018000000	-3372.99660461647	-2682.936033710166	-690.0605709063041	0.021401349244937914	0.9261939405421106	0.686765838438519	37.549985338050334	-1037.6672489458422	-1068.3698648941088	-345.50562567579215	-231.39329419442322	0.6292818521189598	1.4491345988844415	1.88073178008547	2.46015280462962	0.025348755817232258	0.7765314266366109	0.022840336489181965	6.592170705056264E-4	0.9338455571201175	-689.9660591546519	19	36.81069196944876	
1019000000	-3383.492280320564	-2687.9176993997085	-695.5745809208557	0.0264574074084345	0.9202711530163515	0.6411600183702818	37.30243127219216	-1033.1203934524942	-1072.434533259447	-349.56923004488795	-232.79354264287883	0.574375383141512	1.505268616714815	2.045910996344782	2.709105926273966	0.02929584131228074	0.9612770092557258	0.023776877517922606	0.001308280657899723	1.1610688250698025	-695.1342625811346	18	36.09557355976576	
1020000000	-3410.572680921994	-2685.6550177038152	-724.917663218179	0.03318420219128139	0.8890719609628387	0.641341723125071	37.789975031859235	-1027.3658813042	-1067.7707721780437	-354.0257239697402	-236.49264025183112	0.5780917639936659	1.5505440131724564	1.7029254440359547	2.8312408385047036	0.02789977882013808	0.8349745401560295	0.024562972619357148	7.865081313430703E-4	0.9921808816688569	-724.8337070897286	19	36.75254970532145	
1021000000	-3454.8328134582794	-2698.562510035054	-756.2703034232253	0.026612292564462466	0.9023623464871653	0.6509936688862966	39.398867326802886	-1054.1469511187288	-1078.0720626871712	-339.4181504767155	-226.92534575243886	0.6370900566201841	1.3651939437807592	2.226294436880256	2.4625281656486	0.029857945388222222	0.8799015997241303	0.023658159135538214	8.193506375654569E-4	0.9917819681216489	-755.6579085732366	13	39.245016669902114	
1022000000	-3418.3530096859417	-2693.329752518659	-725.0232571672828	0.005292677199950091	0.9809169565145925	0.7007207117657668	39.362671139206256	-1030.6166059288933	-1080.153566591876	-347.7458539688435	-234.81372602904645	0.6549460206327887	1.4095858030529196	1.965267562045193	2.1805351469210645	0.03792967213905672	1.1441352349478415	0.02646577929112388	0.004582100910811276	1.5645238596601494	-722.3893807050829	18	36.67167053610367	
1023000000	-3406.0811782588107	-2694.1662578015157	-711.9149204572948	0.022026422522449178	0.9302692515367272	0.6561288766979376	37.454495972562135	-1035.714860037874	-1080.6301653225316	-344.42510417763276	-233.39612826347752	0.6281991094681696	1.5023414178721082	1.5193446770518542	2.6342909744144984	0.026744054188654106	0.88787797152565	0.022037491054284288	0.0012758686975073315	1.2346951300228515	-711.7990240671585	13	37.140640454923094	
1024000000	-3417.4679753512755	-2691.8449314310246	-725.6230439202507	0.04658467395582953	0.8445960051439548	0.6823952664070444	38.43479823779896	-1048.23341588518	-1080.7299557218284	-335.8043799614768	-227.0771798625392	0.6018316621116183	1.5691930046209446	1.4940891721736413	2.577805326986332	0.02692113019993678	0.8765559282108077	0.025296953467978996	0.0013166789977975438	1.162716275240719	-724.6214653818782	17	36.92461155445289	
1025000000	-3413.1948173661794	-2691.4999959411243	-721.694821425055	0.05055852341668072	0.844715195611182	0.659977873586058	41.11950787154976	-1024.8852183295305	-1085.8319081688535	-348.60166256794065	-232.18120687479959	0.6445846609379889	1.417359694080924	1.5919326425997578	2.9607720708997673	0.03089980848842826	0.8432579569052044	0.029525656588796356	9.985323326202362E-4	1.0039331101158155	-720.4130187954968	18	39.084787889643415	
1026000000	-3390.754924061607	-2672.1353571031295	-718.6195669584777	0.057803616583550266	0.8125770014618575	0.6819069362912382	37.38327089976915	-1025.6761436324841	-1073.2476326111112	-347.0851196787721	-226.1264611807626	0.6232426652507068	1.5171993315508312	1.8106390656081424	2.084977011464295	0.026974688759855633	0.7971596118719352	0.02199637095227588	6.566181362787413E-4	0.9257617102990529	-717.7959264184964	16	36.49951859988	
1027000000	-3419.2412973992796	-2678.2682433155396	-740.97305408374	0.03956139979448277	0.8595346611209655	0.6502276539557843	38.746671736770004	-1025.8663653112546	-1074.149844713999	-348.3599832123961	-229.89205007788985	0.6185679263100335	1.3597988504112863	2.331709607628859	2.6785279330567473	0.025492332455227702	0.9211256385603142	0.02075949000675891	7.490727763034404E-4	1.057826430177244	-740.5091876072873	17	37.87089826968097	
1028000000	-3421.404997284436	-2686.5161886685705	-734.8888086158652	0.04253390953083048	0.8664492270547837	0.607798355370836	38.34327294852477	-1024.7507118776114	-1080.9595421268143	-349.40042499321595	-231.40550967092886	0.664619095994934	1.4998030984272324	1.640132757880559	1.7537769639597063	0.03131100182905185	0.8868399445312484	0.026574098665547462	0.0014119103669236843	1.168471840445031	-734.5149412254747	22	37.44939551393822	
1029000000	-3419.0821543636216	-2684.655081530343	-734.4270728332785	0.005960554744313727	0.9792450975061588	0.6425985267826472	41.56112515554638	-1033.475746080528	-1079.2095464087063	-346.82674407081157	-225.14304497029693	0.619779121908261	1.4940009523547948	1.819821085893494	2.343501212235805	0.02595819577513215	0.8227237356432929	0.024550906644031086	6.678373986283543E-4	0.9422107834329202	-734.6101119552006	15	38.09770368057468	
1030000000	-3461.2786707791206	-2694.949576561381	-766.3290942177395	0.027719152175876994	0.8919923939352387	0.6654709975468527	39.473292195737	-1029.574423525017	-1091.0581764003323	-343.8358388801271	-230.4811377559044	0.6379633165770179	1.3403830961378698	2.212909341534077	2.6926577721107208	0.023625840770618252	0.8498092972273553	0.018886550869340664	4.682584144714088E-4	0.9797136240935052	-766.1561872676652	16	38.00581682908485	
1031000000	-3405.4419169034436	-2688.777936926277	-716.6639799771665	0.03306279782257549	0.8766306461885193	0.6960840140499908	37.18286487543048	-1030.2334555071243	-1077.4129465417377	-349.6191184809603	-231.51241639645446	0.6779284839823827	1.2343362138394172	2.3584840863882004	2.632985728600152	0.027176219748242525	0.7399910770932323	0.024480469313482283	5.827721943855402E-4	0.8924761744340843	-716.198596083573	12	36.16360769726838	
1032000000	-3431.3703131135253	-2702.5313591916897	-728.8389539218356	0.04083468786720357	0.8434676833686349	0.6480032356307202	37.343347384438744	-1044.3633618561853	-1079.784705000033	-353.7525580309842	-224.63073430448736	0.7081580958828395	1.3423240065084743	1.5335471556080404	2.530372597335215	0.027783333622144857	0.9823274076470244	0.021181753266788242	0.0011049246186898398	1.1316934156703753	-728.1103898565956	17	36.70767696430183	
1033000000	-3422.6685639810357	-2697.856678467324	-724.8118855137118	0.00747695536516019	0.9753585728244121	0.6364454585162082	37.702068845306925	-1042.112354448882	-1080.2133699897167	-351.4325008857753	-224.09845314294998	0.6043992285104327	1.522581363697771	1.586253484551752	2.7872387870557556	0.02758866830365832	0.9069046452728622	0.02216765582023234	8.471194039776023E-4	1.027578410267029	-725.0321652437365	15	37.46166865543031	
1034000000	-3400.7416977266125	-2703.2530212382817	-697.4886764883307	0.008436689425899997	0.974902254662099	0.6676974924430311	37.963595866644134	-1037.1217680419081	-1083.0122102691103	-354.6175060066975	-228.50153692056597	0.6464901875950686	1.3817100962635054	2.192285722480259	2.1947955549811593	0.03675764807533181	0.9705660628424043	0.02728497973310764	0.0015708881894238253	1.0820960191131148	-696.1195591251383	15	36.94089584314656	
1035000000	-3410.1704275923016	-2701.7205188722564	-708.4499087200451	0.03452218123600925	0.8810173852579695	0.6866911524802332	37.0450861527406	-1031.1965723347107	-1083.3076593504434	-359.06896859091574	-228.14731859618664	0.6436233622121199	1.4569962254515874	1.7647018589966255	2.319961835660841	0.033520489452723734	0.8634878181851451	0.02499921670680483	0.0010646109209002219	1.0368119627233852	-707.1123395644269	19	36.735235098126	
1036000000	-3416.2821499609727	-2691.3276646843296	-724.9544852766431	0.08717854512861153	0.7456456035420809	0.6904759866523659	39.23894307574102	-1011.011914367856	-1094.854191224664	-353.3197458051303	-232.14181328667934	0.5712129786792729	1.5328138990111528	1.8282158713998564	2.9022505390431914	0.033200715707588084	0.9459027592231896	0.026170212261319922	0.001605624598725145	1.163146385654593	-722.2513316961918	16	37.28302552505701	
1037000000	-3409.3596382651212	-2674.057475172267	-735.302163092854	0.032400802794179416	0.8723526390351931	0.7170800986288917	37.35480960037816	-1043.6783691811902	-1059.0088791743983	-347.7607477503212	-223.6094790663573	0.6191099434712641	1.4728341208952842	2.1484550378100837	1.9716076698203469	0.026557280072988465	0.9660711434154381	0.02102577235645909	0.0012850894944223092	1.2744223698236719	-733.8063864234624	20	36.475557711861285	
1038000000	-3427.926341244708	-2700.100137809509	-727.8262034351994	0.008650563019875254	0.9707464339443974	0.6435378555876372	39.23278546559731	-1038.7538256672442	-1083.5942690233564	-344.0742516543836	-233.67779146452466	0.6640585548074398	1.4277088042898336	1.6354377918935818	2.4214920842359176	0.033192321100023243	0.768182584935285	0.028023680588786477	9.309131479163397E-4	0.9260921998499464	-727.6585558527712	18	37.71831437462843	
1039000000	-3412.2038208712797	-2691.555063716115	-720.6487571551646	0.011438273399363548	0.9561368393641684	0.6698302251092556	37.144232266411514	-1044.2228617256526	-1073.5990325127616	-344.46889186893816	-229.26427760876288	0.6336784630178045	1.4350277574761512	1.9961138615737322	2.3016601276218625	0.030993469033989224	0.9463500518682323	0.02186625453870592	0.0012816971707818408	1.1439249130869853	-719.9372040959431	21	37.1200901861354	
1040000000	-3415.006372372899	-2674.0136184106864	-740.9927539622129	0.028537977526417065	0.9082985128239838	0.5882369554520401	37.10831916946837	-1027.5527897126958	-1075.0004432495934	-347.87813052217416	-223.5822549262229	0.6055331825574248	1.4945817846978335	1.7380676398475463	2.7520150993947556	0.028546271532124648	0.9984001987758941	0.023307480120378348	0.0010571233102041806	1.1526821986859659	-741.1216662067758	18	37.090025058296234	
1041000000	-3412.9876976406676	-2694.4301235586545	-718.5575740820129	0.0439606625970553	0.8431304414214326	0.6733021144111883	39.214487783011435	-1035.7027038595395	-1085.9566919457482	-347.92443568959123	-224.8462920637756	0.6399638494016686	1.502154804007342	1.5027781606368507	2.4414318441872545	0.023928293962951094	0.8445201459546589	0.022934142184233463	7.14911131448971E-4	1.0103157918986572	-718.0188775391001	18	38.210274823392275	
1042000000	-3368.734425029266	-2663.8994424175835	-704.8349826116823	0.027650794727482778	0.9129427661646414	0.6291440882064371	37.810077781889184	-1007.545496022695	-1073.9119724287643	-356.49703180063796	-225.94494216548605	0.5874650952431455	1.3859960751078273	2.371209033979482	2.964582704945247	0.030243102288560645	0.9041555446401109	0.02716299830795909	0.0014217717324929483	1.1605739270186695	-704.5573536518871	21	36.94422603843442	
1043000000	-3413.130146179624	-2688.4766571494138	-724.6534890302103	0.027451784999641602	0.9121125285693742	0.6384214557887087	40.475442271023596	-1039.4644565210388	-1076.0164101812593	-344.4587251374975	-228.53706530961847	0.6101579639356216	1.487594339009184	1.7725325126199423	2.6667177370552126	0.029980501950564516	0.9621145582528283	0.02410481694441831	0.001110656117148403	1.1585611857673623	-723.8288734805194	16	36.43623759623239	
1044000000	-3434.697388842248	-2685.9587164536024	-748.7386723886455	0.01798861567089915	0.9207841123623636	0.6926253809129538	38.2503211964662	-1035.685613205107	-1078.799213393575	-345.3865595136921	-226.0873303412282	0.6531089276587329	1.3764819055563344	2.012952842934468	2.4299257493412925	0.0335467679451419	0.9449709352362066	0.0228928278791887	0.0011836721194125102	1.1070519663666452	-747.1838672158649	15	37.1454255846799	
1045000000	-3445.119107887218	-2695.545576089878	-749.5735317973399	0.016792449930401757	0.9366810713398631	0.6073123043312775	39.32539578767435	-1033.0742373341945	-1085.1678651201432	-343.1104632529652	-234.19301038257544	0.6958808845785094	1.3615474655975721	1.6381811207340216	2.407519041345203	0.029778853266478143	0.9339994080860133	0.02407362832505081	0.0011085510602572592	1.1440626559606848	-749.5226854215879	21	36.778949667952816	
1046000000	-3410.7398717642095	-2677.996599774725	-732.7432719894846	0.029970441963796057	0.8841252400898358	0.6761152548958238	37.05362915878118	-1032.2655054533534	-1064.175653134708	-347.7997989778015	-233.75564220886184	0.6414064163757113	1.4780570326258125	2.030887978160896	1.7067108334471757	0.02450701371535105	0.9289294423218404	0.02009760369259479	6.698349508405268E-4	1.024006720389051	-732.3001699911994	15	36.88899016645622	
1047000000	-3402.789608184826	-2685.4285152224934	-717.3610929623327	0.0760409215800041	0.7422805016816523	0.7274099982727078	38.56196433758424	-1032.9538983910409	-1072.5966480807574	-347.8489679552221	-232.029000795473	0.6093517464439485	1.4993094663538973	1.9617316304997792	2.2455012670049004	0.03531837975375837	0.9270832792444018	0.025812401235791788	0.0012928924012332406	1.0519580680045835	-714.070306859699	12	36.5833784553609	
1048000000	-3419.894434617371	-2687.810756517595	-732.0836780997759	0.010093072344869775	0.9656694288445571	0.6304335837683265	38.89179615315117	-1026.7283134362	-1082.4889266652658	-355.6952519506972	-222.89826446543208	0.6020565731919257	1.5217482714471944	1.9577463381173361	2.1891345746229915	0.03384342044910455	1.0193435524938737	0.023249816696047296	0.0013721364197368429	1.1900341152316116	-731.2427596455475	15	36.54976088744283	
1049000000	-3401.9104492686374	-2677.6281843541656	-724.2822649144721	0.042366162067582445	0.8608790303829646	0.6443670005586474	39.40373076809581	-1031.6503653796244	-1074.7650144471927	-346.64447646891216	-224.56832805843635	0.6455596072836498	1.495965525860971	1.49789965440414	2.3993533336543447	0.03133515066314953	0.9589501262074025	0.023595941781381354	0.0010328775228437065	1.058533078371136	-723.1124533907447	19	37.962902438942706	
1050000000	-3389.7790050743333	-2692.1027303391747	-697.6762747351584	0.05574660923779634	0.842848690033108	0.6537052458845866	37.07983751558407	-1034.1054587341296	-1076.2957343746987	-353.21109115804086	-228.49044607230616	0.6599658134389013	1.4330941863474491	1.7992535499230282	2.1641081551682073	0.027496274610893875	0.9116103267107755	0.021759655532773686	0.001093461339493472	1.1474069572462322	-696.9488983790139	16	36.57889811512439	
1051000000	-3412.732662047528	-2679.024646662166	-733.7080153853615	0.027239250327348998	0.9116391595007981	0.6130058673932222	39.148462023598924	-1037.4546026485566	-1065.7840657993634	-352.82779550233204	-222.95818271191422	0.6478095448389889	1.3696337616027676	1.9667875778813886	2.6730365323415333	0.031248735838746537	1.0536362027363413	0.023759773033769315	0.0013866324649766532	1.2398050585490257	-732.9303379810599	19	37.18861872231398	
1052000000	-3376.515850538892	-2681.9277122963904	-694.5881382425018	0.04121316420515459	0.8852476170591251	0.6328264402326671	38.619547331167865	-1032.4708971695095	-1067.0118594266928	-355.6423471546406	-226.80260854554757	0.6479771390906891	1.470143419110796	1.8181353815646224	2.025406667541305	0.033483398921493795	0.9989336947530111	0.02477020917416277	0.0027119859418538784	1.5035591454944752	-693.3517990545411	25	36.76880989860486	
1053000000	-3411.7075552906686	-2696.869105054414	-714.8384502362545	0.044001592648187024	0.8628300789173328	0.6436672412238721	38.249538273764024	-1033.1653766462944	-1082.761735807204	-352.47653605226935	-228.46545654864616	0.6332921013132944	1.4253338029249063	1.9675748677163991	2.4461898302191716	0.029239795338161047	0.968695612035219	0.02257882289507085	0.001470611908211983	1.257304091406046	-713.9563688869185	19	37.7581325331296	
1054000000	-3406.6600349248774	-2669.8578618917722	-736.8021730331054	0.035438659635562635	0.874511170957732	0.6647295956141788	37.54187416213255	-1025.565348595038	-1076.1330596709201	-344.30666961828035	-223.8527840075335	0.6481451147051541	1.3862602143229548	1.869622829611359	2.687060939875183	0.024921760150717086	0.8846545743013883	0.02123504977371248	7.901969312229954E-4	1.0712255955646326	-736.4960551708901	19	37.10118362750339	
1055000000	-3436.0139259391035	-2705.18275633631	-730.8311696027938	0.048882682492251195	0.8587429573348526	0.6220662589738858	37.93783430325354	-1022.4422465435326	-1098.717363089731	-359.31726083862884	-224.70588586441744	0.5714169360602592	1.6138419624682627	1.80991897364928	2.201142348754097	0.027196662993971447	0.8053464009202582	0.02181279150708065	6.827684341566751E-4	0.9635580533986067	-730.8987208501285	15	36.64336054582659	
1056000000	-3390.4917258956048	-2675.9317768897467	-714.5599490058578	0.039081483982437916	0.8777614538687515	0.6278447794367704	40.02608167639371	-1030.793333694249	-1081.168933301511	-344.522112068825	-219.4473978251621	0.6242499962646354	1.403101163876414	2.0543126556333755	2.6662924487254034	0.028333738476337175	0.9244309634538683	0.02271021761804274	8.401630163368331E-4	0.9730798511848493	-714.0053532692373	12	39.36705198530201	
1057000000	-3399.767459188643	-2686.933530549567	-712.833928639076	0.019572574668944496	0.9370247946222616	0.6103991079476275	38.72736240774319	-1025.5583166248857	-1079.9167284306068	-353.8920701681506	-227.56641532592423	0.6490427359791925	1.3150646833988198	2.406278534338719	2.371618430712797	0.031270462523099375	1.0330418973220734	0.021424461049981778	0.002077484057865468	1.438106598196816	-712.3187126491362	18	37.77479029176237	
1058000000	-3401.129683445105	-2687.690034978865	-713.4396484662403	0.020852970243345245	0.93276878632382	0.6286829733252608	41.195130765711504	-1030.4965151537226	-1082.4094024233843	-348.5638822318141	-226.2202351699434	0.6376640276576625	1.4923832286401761	1.7501539047342165	2.140165083457534	0.02648425774410218	0.7845220228828401	0.022081870075646198	6.339684847297233E-4	0.9579954589011798	-713.6701968227035	16	37.88491774412449	
1059000000	-3372.7975954048384	-2665.505590799546	-707.2920046052922	0.030257468294390816	0.9097293043740499	0.6145936669429971	37.64910381236994	-1016.9570712263621	-1071.6979640582488	-346.9393328163043	-229.91122269863112	0.63550571012394	1.3247696204526904	2.352692877254217	2.6352523883756613	0.02781486138055671	0.8133781605604042	0.02516734743329532	8.152300431194414E-4	0.9427377452062742	-707.6954331809676	24	36.26184514750108	
1060000000	-3399.0035623389144	-2703.0394782850435	-695.9640840538709	0.02342185296064994	0.9266765139751204	0.6770685803332998	38.439009863797025	-1029.852980334332	-1094.370806397596	-353.31991210162215	-225.4957794514928	0.5587921806408919	1.4746280535764855	2.24092505409468	2.9396772409686043	0.03125086587316243	0.8716182521274242	0.025716700816952806	8.472013782503405E-4	0.9758947656139985	-695.0306323330813	19	36.66887160640662	
1061000000	-3394.463253930142	-2679.183452295362	-715.27980163478	0.015527482079601817	0.953959691460368	0.5959112545348014	38.12517669988073	-1028.985426653308	-1085.0002128065864	-341.38967739214144	-223.8081354433255	0.638401910082521	1.4634995003166675	2.1071117902007717	1.7614225727303041	0.03150534529321308	0.8905933543863573	0.023250131190158042	0.001630808374524061	1.2256153702412427	-715.4801886820258	18	36.826337087271654	
1062000000	-3409.6932966222266	-2675.933217959153	-733.7600786630738	0.03341032925787449	0.8918768102622353	0.6327501517376594	37.79548934238228	-1028.985336348942	-1068.979539312518	-343.3294905388045	-234.6388517588884	0.578476676522817	1.5328949984163118	1.7766904846344589	2.8536798122089317	0.0287714741984944	0.9399796222973165	0.02195215695042961	7.748258185417736E-4	1.0193916424022127	-733.3731552423285	13	36.89998093502621	
1063000000	-3391.754122634941	-2672.8680994371875	-718.8860231977533	0.0488169711939724	0.8475397086296612	0.6508494256959945	38.98270831084801	-1028.1415595877859	-1069.7405578060104	-348.5243075464906	-226.4616744969009	0.644827428050099	1.3731936468579464	1.9853256706879792	2.6652161216222368	0.031349215427612036	0.880278853231596	0.02483947335100514	9.935573714481695E-4	1.066753284459353	-717.8165112050397	19	36.86586205512924	
1064000000	-3390.266608353506	-2688.5465080026715	-701.7201003508343	0.040360436297117	0.8885177104844865	0.6233374779840246	38.415500725661765	-1026.381800387779	-1085.1781848128185	-349.41100547839517	-227.57551732367898	0.6289318057658184	1.4623075106748165	1.9738380032956608	2.18531158860829	0.0363196100731414	0.9691178961411362	0.029138287943339135	0.0013574196571413235	1.0956211171948824	-700.4397607902855	18	37.054916658848846	
1065000000	-3406.9763116493045	-2719.959841071657	-687.0164705776474	0.024066434706431786	0.9261933847544188	0.655823443065314	37.257373664987306	-1050.5673420551154	-1083.2714888339738	-354.6602221480454	-231.460788034523	0.6435721301852801	1.373056589860509	2.121703442671041	2.451639193060349	0.03129404772185317	0.7486162760237571	0.0279774604387526	8.394945948012786E-4	0.913027224448001	-686.8930384709787	17	35.84887998852891	
1066000000	-3356.6136254627027	-2666.447414103779	-690.1662113589235	0.06321149400813254	0.8139055703670561	0.6836089901078836	37.49684848921386	-1034.9972796057884	-1054.3726862086562	-352.23604065761543	-224.84140763171882	0.591018229007827	1.4754690562222388	2.0701786377482434	2.618619526791281	0.034831543848238944	0.9098563899594175	0.025525809803577857	0.0015264743193909472	1.159694571407079	-688.0973926297487	18	36.95049224448243	
1067000000	-3405.025036573674	-2697.1309888387	-707.8940477349738	0.0517899028519395	0.8258817480817774	0.7130305853026322	37.81875820945863	-1037.0517357358217	-1082.716285760082	-352.79705063797667	-224.56591670481964	0.623270393563715	1.417666752201784	2.1374105595089965	2.4083932733321873	0.02850934230701286	0.8100129395407626	0.023955125017879657	6.643816094069846E-4	0.9061655350062658	-706.4180670882733	12	36.35053454204152	
1068000000	-3401.7011161856713	-2684.9129720993587	-716.7881440863125	0.047845033177495444	0.836561405124071	0.6693300518229015	38.12631892645201	-1039.0283233968285	-1070.3162588124558	-348.4045493266955	-227.16384056337873	0.6022689178383493	1.4968840009712145	2.0985373675456245	2.162494159125136	0.026441412934260892	0.708198678676842	0.021722627510588326	4.2517467980063034E-4	0.8009459077097635	-716.5737933576007	13	37.97618001045176	
1069000000	-3405.8111097418387	-2660.627975476937	-745.1831342649014	0.03778539176891009	0.8676941856002408	0.6510119052903854	40.50681949424818	-1027.4232402887621	-1063.824060248581	-344.9537619646815	-224.42691297491217	0.6029371021397003	1.429803534965426	2.006134400839063	2.91522804318805	0.028641513204201396	0.7911460278359349	0.02377286796569534	6.074778408840127E-4	0.901503624684288	-744.6718631804852	17	40.294443749563406	
1070000000	-3402.0243678763936	-2685.2149678938918	-716.8093999825021	0.016352210142591934	0.9363325528561073	0.6766477521343371	38.366563102393854	-1048.3421982694654	-1065.3826388762093	-341.2341745630734	-230.25595618514419	0.629382353413213	1.3563377966361954	2.1350175037139456	2.848414483923312	0.026491733153514174	0.851196845152311	0.021165577450119263	7.680517237816983E-4	1.0311750571645792	-716.520458818456	20	36.680794263018434	
1071000000	-3404.5331227089614	-2679.144327445495	-725.3887952634665	0.024772054038353364	0.9186283843961792	0.6649861809994023	37.502510604153116	-1032.7017839978203	-1069.6145155107572	-348.365932251731	-228.46209568518645	0.6622627621220925	1.3387396697729939	2.045972373274723	2.537898838492016	0.031532987547937416	0.9763661915160696	0.021191136825436073	0.0010955136661006724	1.1015317071247375	-724.3498814496601	20	36.77097753450234	
1072000000	-3392.0895890716633	-2675.3256326232768	-716.7639564483867	0.09006775980511239	0.7272713589494322	0.6405776380344712	37.060320082269335	-1043.6402823669334	-1059.6139414055774	-345.2071207505058	-226.86428810025967	0.5932387862062258	1.5417481127117076	2.1001543780829897	1.9274598860305927	0.028509024237231145	0.9090663679574956	0.02499128485264737	9.559351244105614E-4	1.0459258619906624	-715.5309416700313	18	36.86407549143213	
1073000000	-3415.6096581620054	-2685.104438740755	-730.5052194212503	0.023232779275283444	0.9224740632405574	0.6358736593987354	39.526956448990234	-1046.9139107669998	-1060.5659574936099	-347.2932157256971	-230.3313547544481	0.6242162222139903	1.4612518319221135	2.169164656657897	1.9425871414833504	0.03445197755532538	0.9400653706913138	0.02473051995648028	0.002107377718890912	1.2992152458265063	-729.4947293779995	21	38.96481895513599	
1074000000	-3429.270009464871	-2709.207854806595	-720.0621546582754	0.014728898300732426	0.9484516575581005	0.6558726343827651	37.46533033686029	-1051.8254570897382	-1079.2117636546207	-346.85538691339923	-231.3152471488371	0.6042085677115314	1.526135420762841	1.787007244641797	2.407555748491724	0.026052236915889784	0.8253997811518092	0.02205857133256845	6.650967870157583E-4	0.9698769418733858	-720.3249254440735	16	36.70748290338606	
1075000000	-3394.610287121934	-2691.0908798280466	-703.5194072938876	0.02325921721319014	0.926730571766606	0.6516707330656697	37.18525764568693	-1035.6293520785327	-1081.1199511084187	-346.84335835152166	-227.4982182895733	0.6161518685933	1.494734564549804	1.7998678956826368	2.4407345983340316	0.031973079498374586	0.7643397112728875	0.025099846840480604	6.334236797529175E-4	0.8403351574038633	-703.3528335454911	17	36.407317087800024	
1076000000	-3368.833503222767	-2683.5572748742557	-685.276228348511	0.0722331869817167	0.8172996938625889	0.6513229325070289	40.83054607326363	-1052.5432315460162	-1064.375010162937	-344.50795176422656	-222.131081401076	0.6343804643322573	1.4041811041286099	1.916159630803784	2.7058618866226065	0.03231203537363472	0.9628919007996798	0.026069149663813095	0.0011395404912037173	1.0880254959026046	-683.312787510228	18	36.929942451355686	
1077000000	-3421.655860001624	-2700.033797556841	-721.6220624447831	0.03688907923362674	0.8480612611337642	0.7194464998852164	37.912558932112674	-1034.472063809665	-1088.0683278756183	-347.9773166351619	-229.5160892363955	0.6410098259216691	1.4421621495816654	1.953532536134034	2.1726720230183476	0.025559145839277174	1.004708630493806	0.02101718414212449	9.468437472826576E-4	1.2100034773075277	-719.912292889111	22	36.69430828394242	
1078000000	-3388.5279203870587	-2694.765828676424	-693.7620917106345	0.05168797372699175	0.8369472762737072	0.7002428352647886	38.08050921600694	-1029.9121332872182	-1093.7096143492597	-342.14898872425664	-228.99509231568916	0.5739603620801341	1.556624582190576	1.6474696010444418	2.952060078934045	0.04033467267134177	1.1551877863066518	0.027251425278896336	0.003978216379058645	1.5663986408790802	-690.2237460635033	16	35.78526348362526	
1079000000	-3410.691525312347	-2725.8023664950156	-684.8891588173315	0.02013473024861015	0.9453039393218007	0.6692208316297221	37.14130215592032	-1040.718836546589	-1086.8049446128705	-360.90184227790473	-237.37674305765137	0.5830982755116734	1.4342317462680547	2.5347844956409524	2.3271741814935627	0.03069418993599578	0.7901608506816459	0.027873827469202524	0.0010266266480577673	1.0171063500549904	-684.5840551101886	20	36.68978360326343	
1080000000	-3414.6866850927636	-2707.584751853541	-707.1019332392227	0.04342683060388317	0.8744496163343612	0.6352020568177372	37.28055281243757	-1036.7868000705569	-1083.6861290809895	-354.9291129110344	-232.18270979096053	0.5800477449716985	1.5075346273147499	1.8917226000352574	2.850766649642755	0.02687759313658214	0.8788187868564903	0.025586914225795065	8.389630944010708E-4	1.0068403229140273	-706.9594843063315	15	37.09380869716586	
1081000000	-3384.2541030829566	-2690.4131233930543	-693.8409796899022	0.07702697793382884	0.7814177883082172	0.6608698528250482	37.50457874919473	-1038.7411028076	-1071.0381375432698	-353.6565150178524	-226.97736802433164	0.6815989603387154	1.3811470159809796	1.904713508531209	2.03604796980543	0.03167527454862298	1.0311596416209543	0.023283539241318374	0.0023129065541069873	1.4901319445679422	-691.8348617724915	15	36.19191547993151	
1082000000	-3374.0768138132653	-2683.1323074214206	-690.9445063918448	0.028097571542688996	0.9045514158871971	0.705789691089946	37.19483186335025	-1027.6773274890784	-1078.4046155803023	-348.75302832502985	-228.29733602700986	0.6070880948298549	1.406535917144549	2.068476133363974	2.936669710544309	0.03322535531920366	0.9300079643749033	0.024388320152459154	0.0015332296930238773	1.2539231843436514	-689.2098243209717	18	36.52430762607201	
1083000000	-3408.144810893704	-2690.6845497656127	-717.4602611280911	0.018848914506090456	0.939345225294041	0.6482500350160417	37.37519221929784	-1038.9746956244614	-1077.479371015118	-345.025540994578	-229.2049421314552	0.578276150911704	1.5019269171721905	2.0642698442026006	2.632938650772766	0.029319381380608404	0.9592204753860079	0.022320660903415057	0.0013887385866384076	1.2525315665956855	-717.0415430871809	14	36.95808258496888	
1084000000	-3364.0222636372623	-2669.810772134899	-694.2114915023636	0.03448407651131057	0.8951532455762421	0.6746605009762152	38.20494001333759	-1025.01601562884	-1072.1820275209761	-344.28587982544803	-228.326849159635	0.5492710793029962	1.593580233648772	2.2542359688625027	2.0267144448941607	0.03057958038571624	0.8830731830878399	0.025544903469966452	0.0011577338066954476	1.1154136237918468	-693.1909327412185	18	36.10094212731617	
1085000000	-3411.464160171633	-2705.526709369132	-705.9374508025013	0.037799134779231434	0.8917931261220634	0.6504690505632654	37.01279812604459	-1045.8231970314685	-1068.4905464485778	-354.82402592491843	-236.38893996416704	0.5986093541139289	1.3567918387195417	2.677954880649169	2.4788746822228527	0.026056795233984888	0.8008213605580677	0.024307464173208993	8.239713612270723E-4	1.0022448910915145	-706.0370422113366	16	35.76206727396568	
1086000000	-3420.8733830339875	-2711.081472346347	-709.7919106876407	0.0523679485780519	0.8177084831974283	0.6858957260995953	37.04121101418482	-1046.2201582428586	-1083.0531712927957	-350.47215835405774	-231.33598445663466	0.62623980918415	1.4663220589056634	1.7043032197332035	2.672014460816493	0.028962706324763776	0.9114489372808706	0.021975311865801452	7.493112749212197E-4	1.0020548984041309	-708.466311700743	15	36.45777103232727	
1087000000	-3396.7116031773235	-2704.55676115881	-692.1548420185135	0.02754788586794835	0.905300488239436	0.7269517457186355	37.85718501908626	-1031.8305117159111	-1092.5553079712136	-352.24879592367	-227.92214554801512	0.6045658922027336	1.3981399513193344	2.2958997532528502	2.6621639180809615	0.03168138540500803	0.8511085055777393	0.02708159563428433	0.0011453284721247537	1.0265609415469812	-690.3851102837862	21	37.188811247918444	
1088000000	-3355.2253032420394	-2679.3741700353607	-675.8511332066785	0.02688706683815141	0.9228822196000028	0.6412260483259664	37.547538222341814	-1028.7032798606235	-1079.5215357500456	-343.76803147475493	-227.38132294993676	0.5956199159800385	1.5510683441054922	1.763352632496434	2.387739392560506	0.03737481213689789	0.9663032655473124	0.03544580117561969	0.0023538885737619674	1.2863220881471231	-674.546506429995	20	36.44119100192731	
1089000000	-3385.2696453594963	-2675.0489102405236	-710.2207351189728	0.033553052294330726	0.8832943297631739	0.649762033110373	37.9308177372915	-1017.3628079112708	-1087.1477821255814	-344.6050886782814	-225.93323152539023	0.5987151123338444	1.466071050447676	2.01802559780836	2.648228615462625	0.028016375078341312	0.8648031891432695	0.021556277539658712	0.0010774789483229848	1.1113349023885397	-709.8926174723784	19	36.7884159500465	
1090000000	-3393.7324322353497	-2698.60737997794	-695.1250522574096	0.010827152849402747	0.9609061934348698	0.6740421562228004	38.67382763203124	-1032.9983903198058	-1093.5632377916081	-346.2614458914823	-225.784305975044	0.6189992431269293	1.4433546124877705	1.9010057154309814	2.6720628661935573	0.027663423002713804	0.7398978543114979	0.02613722530374121	6.554092730367766E-4	0.8397157706452067	-695.1865614556729	17	38.13510834445847	
1091000000	-3359.9311862976074	-2677.1444984148693	-682.7866878827381	0.04773961490248109	0.8624480499469476	0.670068307107032	37.47643608519603	-1019.9542352054099	-1081.1943599091035	-351.3403389160272	-224.65556438432887	0.6750420835865671	1.3797482164904145	1.9635929564738315	2.070178789611638	0.03055222770327733	0.7924767907937442	0.02513185605630449	6.796257140500182E-4	0.8932988928808187	-681.9895656603331	20	36.81081853331456	
1092000000	-3401.3664801311447	-2690.7128292358084	-710.6536508953365	0.06047123611910304	0.8126407759789169	0.6694343309651704	37.23278253062369	-1034.4357178689372	-1079.6755889516255	-352.90705516572285	-223.6944672495227	0.6554113098258469	1.4769295776871958	1.6940604216526154	2.0402131762314495	0.030546536277819454	0.7689442246483674	0.027408855342944568	0.0010313132445241673	0.9704077179839617	-709.7416515918325	20	36.66678233797913	
1093000000	-3426.5902740649854	-2700.5378971911987	-726.0523768737867	0.06635838018740738	0.7742990959631796	0.6540391998249752	37.034539020989385	-1044.045229349802	-1080.7180655440643	-348.9241566855675	-226.85044561176505	0.6945145981570209	1.418976434203529	1.5160513700656646	2.130344829569308	0.03126040240744635	0.7344833074810764	0.025930570025218706	5.987544990186367E-4	0.8301697478643584	-725.2954157777034	15	36.617924524147966	
1094000000	-3408.255046229092	-2685.1637321045505	-723.0913141245417	0.007828090218213344	0.9687836274884913	0.6889429048488134	37.40931307284848	-1037.8725210753876	-1072.1566121353455	-344.04843534512884	-231.08616354868838	0.67671226985364	1.363216832737421	1.4680388023960227	3.054447473950346	0.030787638380301564	0.9228808436900083	0.023149203857949514	8.872009778526671E-4	1.0535576904511572	-722.2134291759813	19	37.31513318971313	
1095000000	-3410.5459170679796	-2676.6929621145478	-733.8529549534318	0.0422542133988987	0.8286803674585093	0.7299042727346216	37.82272709112856	-1045.4974718684368	-1057.4997905194755	-341.19904260458867	-232.49665712204708	0.653987779901104	1.3702104804783009	1.8285578388637322	2.7923616395621207	0.031543263708849925	0.8849596967425709	0.0252240574019737	9.882335165124967E-4	1.0394920006432757	-731.6582948198954	12	37.30379311671287	
1096000000	-3434.444710001638	-2701.652311547049	-732.792398454589	0.02629079312809398	0.910210445695206	0.6739174282149911	41.42631206860233	-1042.7100699328535	-1072.0154638569486	-358.8389361790646	-228.0878415781824	0.6219384591993828	1.5078522043088596	1.4890077534726491	2.75673586785419	0.025533824399667386	0.9251429876192798	0.022385663988087008	8.652278838856544E-4	1.123939020360703	-731.9267929601559	19	36.65967567357274	
1097000000	-3420.7261846431325	-2668.993504674436	-751.7326799686966	0.012311826374601084	0.952095607350243	0.6670141802999467	37.442236467685404	-1030.0743493620007	-1059.1318147870657	-349.49722696904064	-230.29011355632878	0.6231591689378224	1.4287632347714379	1.9394050676937364	2.6571478087737335	0.025699069119064093	0.7109538906282256	0.02112430305704523	4.209025324152506E-4	0.8081788399892431	-752.2752877156084	22	37.27169093274648	
1098000000	-3417.963897160327	-2680.6660406545743	-737.2978565057531	0.006198297305368947	0.973774920456167	0.6735073792080161	37.41451427894617	-1040.618454096932	-1071.943117405206	-344.47223342679837	-223.63223572563783	0.6122447993797465	1.4850858324885874	1.803841698635727	2.5948533467743466	0.03262914701203511	0.866921304034755	0.023963805248577094	0.0011044843822703493	1.0362530918400408	-736.6737811010486	21	36.85246332752611	
1099000000	-3399.46965239457	-2693.729155114439	-705.7404972801309	0.05850600931151766	0.8068718326700218	0.702604586040341	37.2952287546525	-1032.0509348500334	-1075.4558891325275	-349.9204675858797	-236.30186354599826	0.5814678077974704	1.512720586355398	1.7767499104295414	2.978314031397116	0.028861997329315714	0.8537803190521074	0.024728073727128222	8.915793565173214E-4	1.0375177105503863	-704.2142385910254	17	36.61087071972118	
1100000000	-3406.447282280156	-2678.2481401783193	-728.1991421018364	0.029497078359478127	0.8969826146127502	0.6221952849178635	37.70106988273535	-1035.8153868548645	-1066.1770332444412	-346.2497373183028	-230.00598276071105	0.6588150603996673	1.3485464393341213	2.0581457261943044	2.4938408775585392	0.03316115339181594	0.978366726835312	0.022862464440958036	9.79768964288855E-4	1.077726470882703	-727.4527830853621	15	36.885971715832056	
1101000000	-3394.9814340381754	-2675.919019142418	-719.0624148957572	0.01794624578884615	0.9357303599149434	0.6609211473453984	37.58808283449387	-1021.3991380043861	-1065.3226129127743	-361.4222613715117	-227.77500685374585	0.6227042247390866	1.4916717246539464	1.8403690134628299	2.2729284345112717	0.03007338726836583	0.856201609706061	0.021811277130725906	7.511406246147044E-4	0.9946719294581643	-718.7013813636985	16	37.03481997812813	
1102000000	-3394.315679398513	-2677.635841267524	-716.679838130989	0.05716723308278384	0.8163795672535628	0.675008951375309	37.363929003590236	-1035.11746479155	-1062.4996872739675	-347.2188576352937	-232.79983156671278	0.6551273670724077	1.3971973678406513	1.692782385489112	2.765434540451817	0.0277969427926754	0.9199753172168919	0.02369841453555865	0.00102982815867986	1.1494843329569544	-715.5104965155007	12	37.1696492519403	
1103000000	-3423.8860351258463	-2690.982526748449	-732.9035083773973	0.030275904565272245	0.8993851827721088	0.6553371780109781	37.57170573085959	-1031.0156937931706	-1077.299890764823	-351.0164127322389	-231.6505294582161	0.6264714890600536	1.3939903624412895	2.0121282267021163	2.7799040491579965	0.028365115810357226	0.9167992736820355	0.019218847370215068	9.006805109049082E-4	1.11032922862192	-732.3998348050434	19	36.02572669369675	
1104000000	-3423.0095550845977	-2688.885847796141	-734.1237072884566	0.03186649472137161	0.8838565616574352	0.6686401619936827	37.35313420866573	-1035.3012322238208	-1064.512350878793	-351.7518265494152	-237.32043814411202	0.5862528703911741	1.476829145331673	2.3035393660247445	2.288539264038574	0.030458494957257182	0.8547518298379256	0.02401495558931242	0.001183406445777988	1.101540556993783	-733.4032577441919	16	36.70344812367169	
1105000000	-3423.317694619123	-2681.657503565632	-741.6601910534908	0.025214177846030937	0.9053881931067315	0.640684372480681	37.0617836171387	-1024.3342276958865	-1079.7175712813764	-350.5334220323775	-227.0722825559915	0.6429589277199405	1.4475560991605143	2.0127375824840286	1.9834847115286982	0.02801260528004433	0.8416726155619972	0.022125654241339384	9.291247240810427E-4	1.0407596800149066	-741.75020658823	16	37.05887618759942	
1106000000	-3409.637967764907	-2690.0559800880196	-719.5819876768875	0.03377386493172902	0.8910464120595193	0.6405166747725161	39.77172782350528	-1031.1668964676016	-1073.3630448911128	-353.1535916212694	-232.37244710803586	0.5874136782813909	1.5940324010166305	1.9883091568520108	1.7633074790121444	0.030592951623162827	0.9293576360624528	0.02518630295860631	6.539999774206275E-4	0.8964732670254936	-718.737764670241	20	36.58305438778398	
1107000000	-3411.4801775337605	-2684.166337473927	-727.3138400598336	0.05359794888211032	0.8327091030188387	0.6549652625374425	37.36252717491674	-1027.6287158716987	-1084.0695325984416	-341.4150874230762	-231.0530015807104	0.591885237086978	1.5590364080198635	1.8394992135831827	2.253729199397364	0.03310825220600418	0.952557816237106	0.024845649576723635	0.0010697308009097316	1.0795520113705863	-725.8716553467202	14	36.24918841956103	
1108000000	-3426.1594767187994	-2721.963899656181	-704.1955770626183	0.012303744069615107	0.9544107072518544	0.7066363450106113	38.333752635361094	-1045.712164386885	-1093.8735366368517	-346.41375369838397	-235.96444493406023	0.6200586370395023	1.508985070729997	1.9822166904796064	1.9191410513394995	0.03151462677249371	0.7682926578298596	0.026186603543699526	8.031364041405318E-4	0.9267306264756662	-703.272800002132	14	37.09212160208637	
1109000000	-3401.302448980222	-2689.1803376688363	-712.1221113113859	0.030522510834809304	0.9035305219339016	0.656194962527356	37.50482990392799	-1026.6372572580801	-1076.085396199429	-354.18090783839807	-232.2767763729289	0.6465193234454659	1.4069310930580707	2.1170589082610576	2.098899927556014	0.0313563061189441	0.9312394615212014	0.02506434568452954	0.0015923006900591993	1.1933080324341805	-711.2740090063099	24	37.23810415802926	
1110000000	-3402.6473478537587	-2685.93690183969	-716.7104460140686	0.02262290747069944	0.9254735097298037	0.6619074452220284	37.61698925042422	-1037.2524268334355	-1061.4522002913259	-352.6162582209196	-234.61601649400936	0.63585922595047	1.3041620043396063	2.4523831974246377	2.6395460723908393	0.03052486379316429	0.8534261956116967	0.026232841582513575	7.131925494896879E-4	0.8942638622352882	-716.2242333827306	16	37.44449604526029	
1111000000	-3421.210507064371	-2706.2221971674744	-714.9883098968966	0.06776746084692023	0.8091649092422689	0.6460030499822608	38.860287720051474	-1049.3304389825064	-1084.0063528152082	-350.05297174933384	-222.832433620426	0.6239297590687936	1.4359030178315788	2.0101435843691564	2.4544561445620148	0.02751776676103655	0.8520278641768025	0.02406150806197673	0.0012002507761570557	1.1775446596872403	-714.1692840238688	17	38.19547572453333	
1112000000	-3436.433206031389	-2682.8390806196853	-753.5941254117035	0.04006954483017866	0.868053526490172	0.6093338584427433	37.913888850185565	-1037.6873870505442	-1070.4667292111849	-349.8999887667577	-224.7849755911983	0.6188001497402024	1.5176242074823647	1.8587839154766368	2.081307435510045	0.03218748437077528	0.9019858882431832	0.02206602346795007	0.0010475665712249786	1.12206917989908	-753.1449916479855	16	37.51841255207048	
1113000000	-3387.625976000626	-2668.4313748875143	-719.1946011131115	0.03057929652952002	0.9082622204866402	0.6063985619233659	41.88421780601321	-1028.6469483212654	-1070.316417705079	-347.0485277040876	-222.41948115708254	0.6589711827134509	1.4054216540831532	1.8650460107815359	2.3169221228276804	0.028408480362741656	0.8063608713621023	0.025053111501293468	9.76765284131255E-4	1.0485070969267243	-719.2152675344308	14	37.153671117577986	
1114000000	-3402.9149631038035	-2677.0843155572156	-725.8306475465879	0.06329491599531036	0.7885640315096819	0.6488552203771696	39.16692232545419	-1036.2997826317478	-1056.8749867211097	-354.3360080323935	-229.5735381719643	0.6118098839524242	1.5306921330495262	1.789283962234562	2.2181360735470124	0.033734824455104326	1.064198425587642	0.024449395669958948	0.0020510385970046634	1.4003320691623524	-723.6976484165843	15	36.9637433138063	
1115000000	-3402.372650303082	-2678.6677082908186	-723.7049420122635	0.0585981810538053	0.8252578742546831	0.6245763393373438	38.70737526232431	-1042.2246259683925	-1062.003886143204	-345.39465659509165	-229.04453958413038	0.5557936261019851	1.5437455681831616	2.2032280566444626	2.4405618912853253	0.03203419293681922	1.0740707059254706	0.025193180247770362	0.0015069464604504372	1.219398026112067	-722.1831987161748	16	36.93271280464282	
1116000000	-3396.3985203335324	-2682.104772715599	-714.293747617933	0.03943261416810411	0.8721407446145697	0.6468077054981738	37.05466921426019	-1020.1403380370706	-1090.4022137259283	-350.2168492491851	-221.34537170341517	0.6423994288826235	1.4848247551319467	1.9151540710487507	1.8294684307066664	0.028506052898131504	0.7403088754696203	0.023660920331270624	6.261570385721417E-4	0.8764099573492607	-714.3570216745067	14	36.87979702169079	
1117000000	-3417.7070438120636	-2691.8736023065453	-725.8334415055183	0.07193393687199061	0.7765452346378102	0.6456851293853139	37.36382881686465	-1044.852433466269	-1068.9091582304661	-346.81261401838077	-231.29939659142923	0.6354248268678231	1.431403088618186	1.8349913038643746	2.5830657101843513	0.028767635301830817	0.9371892063482383	0.022336129153113463	7.349534068127221E-4	1.0663981396946656	-724.6904139577069	18	36.251279378586325	
1118000000	-3382.4383988330756	-2677.2759670563846	-705.162431776691	0.0297109110594559	0.899800671271232	0.6685212471946123	37.01215090749155	-1038.3015358649225	-1063.377378524629	-349.622926402311	-225.9741262645225	0.6171736292731105	1.3777784309214043	2.318881803702604	2.565652009037997	0.030137109620951244	0.8755912533184662	0.0264897454333373	9.729529648023516E-4	1.0321731961136165	-704.4912754546896	16	36.61041084432182	
1119000000	-3411.3087139277163	-2690.9828367507744	-720.325877176942	0.07642798187951845	0.7708216541978993	0.7064782007863136	39.51744124186411	-1039.0876598036066	-1085.3027986653003	-339.6580325568533	-226.93434572501394	0.7316513608413416	1.3427824903786756	1.4343823297449025	2.2534126535521626	0.02728000901353859	0.7623253928120939	0.02494930727455162	9.199176475749137E-4	1.0183617477082383	-718.6688330636506	14	36.11669246769593	
1120000000	-3437.524850949302	-2693.4082454062263	-744.116605543076	0.07745527432699108	0.7861975777345369	0.6515415546838259	38.48459140013419	-1042.7164720873047	-1078.6021401554112	-346.7611132370418	-225.3285199264687	0.6224216819130538	1.4719523505379426	1.8419186937990337	2.4530591746615333	0.02893698382555852	0.9722350418893365	0.021900434115951502	9.497790938080709E-4	1.0850303046334093	-742.5934620500634	19	37.36869790422806	
1121000000	-3424.088456474849	-2698.1338217512775	-725.9546347235715	0.07254542663047586	0.7859503692949086	0.6663910280933888	39.34916721863751	-1028.591852955812	-1088.4850718017424	-349.43333148950165	-231.62356550422155	0.5889874803490212	1.5178985664534215	2.029890757049602	2.3458419504503225	0.030465594383052345	0.8745994492651716	0.02570956624055008	0.0011963355062494885	1.1141339706454267	-724.3495941289567	14	37.65634999478537	
1122000000	-3438.3427291028142	-2688.533149854809	-749.8095792480054	0.020536582852948113	0.9230422164798221	0.6121208010491771	38.651044626215324	-1040.3346803138697	-1074.5257513491078	-348.18928955468544	-225.48342863714606	0.5932601616066482	1.4849238267689244	2.08693455953054	2.4616070093742186	0.027515866290820482	0.9200829558845364	0.024879967257675554	0.00135869319691589	1.2647865667810967	-749.9724088337226	15	38.49500468788789	
1123000000	-3447.0119404576035	-2712.8802055895876	-734.1317348680157	0.020055533023279854	0.9293803888868372	0.6462763318956634	38.81616015170022	-1067.2125825184935	-1075.4516881402449	-347.32079780274853	-222.8951371281007	0.5887955599113346	1.5405623296849105	1.7820906156658973	2.5791648171044783	0.026881627678734164	0.6972011401127032	0.02337235528360732	4.886403868691037E-4	0.8075741110841842	-734.6323000175645	15	37.357970445307686	
1124000000	-3413.1516964567136	-2685.6053054532003	-727.5463910035133	0.04478055494932679	0.8591225437131187	0.6104445873930484	37.34053196152745	-1038.603302606813	-1078.019899203368	-339.983726716559	-228.9983769264605	0.6340847756993714	1.454634863763535	1.8401451059081664	2.390421552500221	0.024657238325047317	0.7291507053382855	0.021655560323738304	5.066863308193655E-4	0.8984507050170728	-728.3478205557452	17	37.269010165772514	
1125000000	-3410.8921494567803	-2696.8507803100542	-714.0413691467259	0.01869064948494785	0.9430087914842247	0.6093192246666773	37.24754470141111	-1039.3468682023856	-1073.9597939032549	-357.77607850696495	-225.76803969744893	0.6094500673370529	1.4370378521943001	1.7935152392331442	3.0984563821886955	0.027203686036901133	1.0163403881787711	0.023111925221102468	9.865368371046552E-4	1.184551681531752	-714.1595016509198	20	37.104413703978096	
1126000000	-3439.236912100142	-2695.865290314911	-743.3716217852309	0.038302878007144756	0.87520729528483	0.5903050417949259	37.50205049463942	-1048.814592670903	-1072.6610706895472	-346.1232338087826	-228.26639314567802	0.6031502928368613	1.498446748071487	1.835784434781706	2.5915009425876816	0.028143874554822604	0.940273697877846	0.024784472127663087	0.001043521864979255	1.1024814157172218	-743.4918680073753	17	37.362387236243	
1127000000	-3405.6107395929203	-2690.1336010178134	-715.4771385751071	0.053854469652273994	0.8452304715980784	0.6168609028825773	37.08596793615292	-1023.8000691322949	-1089.4977015168758	-342.03107484979773	-234.8047555188452	0.6326971513648866	1.4310403049601312	2.027917062375558	2.3005365202681882	0.03512942764434072	1.0445888826622207	0.02639183397396525	0.002279434508590809	1.355909228030552	-714.0772563940366	16	36.21708593125078	
1128000000	-3401.266149711072	-2686.8196396144385	-714.4465100966333	0.026107209473606487	0.9168789490772676	0.6314828783182276	39.83822956011748	-1027.8448403809155	-1088.3818381896256	-345.7223634060443	-224.87059763785322	0.5495496189881758	1.6272802556637374	2.018445633619389	2.1307550794164887	0.0303488778946765	0.8350058253715016	0.02583207250584117	8.54346579371878E-4	0.9521922171412637	-714.1612165606626	15	36.89530682180898	
1129000000	-3381.2760528878525	-2674.013336536693	-707.2627163511597	0.032734662634199004	0.88771115009842	0.6574447950243143	37.93281124685047	-1037.0647874343945	-1075.8115481789189	-338.03876609646136	-223.09823482691786	0.6565003510619198	1.3505040612801247	2.1582546060641175	2.3450112176895126	0.03223988643309367	0.8901771620631534	0.025770107159025318	0.0011240249047115044	1.0527501760768518	-706.3455446184314	18	37.581830779046534	
1130000000	-3394.2378322574623	-2690.521758947984	-703.7160733094781	0.062476921383573615	0.8212217865252271	0.683428359046754	37.15036977531415	-1035.8129781592932	-1080.4971887341724	-340.9988646231725	-233.21272743134577	0.5915654073735125	1.4919536220263903	2.2598310733143188	2.1279702833649394	0.03149332987540122	0.906998820057547	0.025796928492327818	0.0019418000385314218	1.2750350616508026	-702.0528310777909	13	37.12683634874432	
1131000000	-3412.734315091141	-2684.205623301786	-728.5286917893548	0.013052452632133891	0.9589538670306785	0.5958761296157509	40.1519493807049	-1015.4175495811254	-1088.9355691862854	-349.1329790868721	-230.71952544750326	0.6442388429965841	1.341688162455939	2.0749745555043106	2.8030630488281902	0.028939860347117565	0.874550229811679	0.024730662030286323	8.605446251072708E-4	1.0285200068390694	-728.8625317910781	14	36.72378975997462	
1132000000	-3395.759530602064	-2673.443525705788	-722.3160048962759	0.01221947766429777	0.962274524754203	0.6115642503263921	37.33416174638174	-1011.1382863462369	-1086.4521545151756	-347.9939525744183	-227.85913226995723	0.6668250264098361	1.347438403203546	1.7816182909569667	2.835546860205746	0.029918317286172152	0.834483160483778	0.025393950522831853	7.060488771442593E-4	0.9350862001701692	-722.8067267948436	14	37.163590049846626	
1133000000	-3379.70443253738	-2675.364383690182	-704.3400488471979	0.021954999710279553	0.9344548870181144	0.6087274147112633	37.96991280711739	-1020.5107674562097	-1076.1342207278922	-351.25316539452854	-227.46623011155202	0.6339657770759839	1.440814399281091	1.7996721123631407	2.5878944453901847	0.028400796591835906	0.9111569303773945	0.023419243561743606	9.743913752611943E-4	1.1412655245547307	-704.5494976384274	16	35.891958752089266	
1134000000	-3459.6284206622795	-2704.396852548543	-755.2315681137366	0.06044212081366511	0.81718302468085	0.5789284668892482	38.567443162836895	-1038.0228632247354	-1079.9104443105828	-352.71528872899785	-233.74825628422735	0.5435408530180206	1.4969812857678946	2.2516894431008248	3.0094356953192976	0.030276260246883603	0.9030750127673269	0.02283117499400295	0.0013455833894142927	1.219431078786246	-754.9119192962187	16	37.18734747601206	
1135000000	-3404.7125976129973	-2680.904818228025	-723.8077793849723	0.04116859478525333	0.8608284019082184	0.6374881695916623	38.31109272402733	-1038.8121008325234	-1070.711479835912	-343.3496915718996	-228.0315459876898	0.6345620859722704	1.3931962000961584	2.023040666703322	2.6142333989298594	0.02826570331006696	0.8812957250795134	0.02256432455060041	8.144715352818491E-4	1.0552469742390935	-723.4024932279015	18	38.15276972328729	
1136000000	-3401.9791159171186	-2672.383681832836	-729.5954340842828	0.049375850747901504	0.8498535793651766	0.5797765885888198	39.14113314678182	-1040.3991621975495	-1064.3942670087235	-339.98153992989796	-227.60871269666535	0.6169011488834535	1.5147568403871507	1.928266769028507	2.021599761929443	0.030020056651565187	0.8590195651173138	0.02431754097171346	0.0011490313000493135	1.088325108733453	-729.5549417009144	14	38.00890085191905	
1137000000	-3380.1088035901153	-2678.434014252281	-701.6747893378342	0.009337334332728077	0.969615756988543	0.6835410074246047	37.360508590615666	-1042.1372708686026	-1063.7164566972885	-349.30159414176546	-223.27869254462468	0.6252462227827211	1.4560247201076313	1.8473954504896277	2.533157247802116	0.031306765127669105	0.9843182422943919	0.02758441309052299	0.0016531091471545427	1.2498532488271157	-700.6256212922224	19	36.626779994154816	
1138000000	-3387.4572712976847	-2686.66260360508	-700.7946676926045	0.041582061208759	0.875398525681369	0.6860048625000915	37.902262445390846	-1033.5830739212918	-1076.5518978950784	-346.1218181269655	-230.40581366174473	0.6657302376117483	1.3287525975974703	2.049128769522917	2.5563767603338032	0.031926362936611025	0.9251021883041548	0.025351346823924096	0.0012814069269663384	1.1197183214045738	-699.2495266794708	16	37.55465147373111	
1139000000	-3410.000551497777	-2672.4607345181316	-737.5398169796455	0.03810337637960448	0.8826721001908863	0.5748976296798223	39.08473762050229	-1028.0298855658684	-1065.583560177715	-347.57140796858613	-231.27588080596175	0.582805018512756	1.4941200984985652	2.163964725260714	2.442685492563638	0.023648775365782262	0.7325225561665425	0.022054648217289807	4.6285066004644323E-4	0.8527555575782882	-738.7411727575408	17	37.66345775909194	
1140000000	-3397.322048011602	-2657.763989560289	-739.5580584513133	0.020655059331600688	0.9342586849359718	0.6062926643028764	40.60762202529735	-1026.6559394633587	-1049.8728362146032	-350.9863161511063	-230.248897731221	0.6037669685966398	1.5444475154419206	1.6128101786323925	2.555982145079183	0.03342660718289357	0.9218216023397561	0.024663533501186077	0.001312293078959909	1.1151795461469438	-739.0044498159689	18	38.13911122478989	
1141000000	-3393.806178042705	-2664.784436192139	-729.0217418505663	0.011416644576431073	0.9668127046683331	0.5985304901136461	37.079569738443816	-1026.3567183365558	-1075.013124214934	-342.45963846454237	-220.95495517610718	0.623405318581611	1.4821659072585767	1.7815618557071211	2.4480725341340626	0.0319915209313881	0.9840376239838647	0.022465415778835207	0.0019401149791805285	1.3418987849122512	-729.028453365693	19	37.061906264984565	
1142000000	-3439.6885205279023	-2706.8471548436614	-732.8413656842408	0.02321911130659803	0.9184373644144987	0.6674011214258867	39.42741082578256	-1039.6694767133272	-1081.6433174663805	-353.9467937956992	-231.58756686825475	0.6580808293911539	1.2089135184548152	2.650913564731513	2.727143837193897	0.025666611676317005	0.8630452536400816	0.01980929880801583	0.0010712170015649094	1.2540855624916918	-732.5103110184277	17	38.46597919891689	
1143000000	-3395.247958944002	-2668.7516503305587	-726.4963086134434	0.03756157881770369	0.8765741894982763	0.6520252241788278	37.86852675890254	-1028.5046108962079	-1059.7633489251102	-351.58347905629523	-228.90021145294546	0.6065057338812843	1.4217159044057714	2.2405024182668494	2.5100686846359377	0.02553423278586021	0.7814588129530482	0.025112528469507067	6.612053087564797E-4	0.9150278210277467	-726.5819560755135	19	36.94991717064178	
1144000000	-3405.4739065109184	-2685.757935501935	-719.715971008983	0.03276901842679828	0.8920110655358361	0.6183717317549872	37.88542928863236	-1022.0956829041802	-1089.6897020079673	-343.1378514220905	-230.83469916769707	0.6203517681695592	1.4652835214033708	1.732292555568195	2.7442527399029384	0.028164292888966286	0.9137074671314713	0.02263140938745498	8.905149858208418E-4	1.0993944368891249	-719.647371541157	23	36.97833910272755	
1145000000	-3405.645441699857	-2678.648385633321	-726.997056066536	0.031016899890170514	0.8975265557212021	0.6268947020820195	37.67809363496084	-1021.7914527283554	-1082.1633068175795	-349.0006844940009	-225.69294159338537	0.6496183462518739	1.3694308024200592	2.0378777247672546	2.5160881810904083	0.03234287663747058	0.938845872077575	0.02135387900141195	8.468706004525438E-4	1.051297083988835	-726.3813498327886	15	36.96702596573626	
1146000000	-3432.0489031604834	-2692.7144985318914	-739.3344046285921	0.027238762333326935	0.907611598934704	0.6111171990205833	40.90476700694251	-1030.8172453418879	-1069.6787219596924	-353.208278691607	-239.01025253870415	0.586567910863234	1.475276209707507	2.3198587877728496	2.267970927627728	0.0269071228152823	0.7840080987494648	0.022797769783594993	5.547710576147234E-4	0.9015701308252277	-739.6595181356056	15	39.38240557104823	
1147000000	-3424.929378519648	-2696.4247755172464	-728.5046030024015	0.008167612169953702	0.9722397458373162	0.6428711481356209	37.51622795085483	-1045.238583707436	-1069.9438022641057	-345.33476154942434	-235.9076279962805	0.6011548032305232	1.524275279802752	1.6118697596011005	2.788809141092587	0.02911818577709346	0.9064669437780641	0.025875804866716114	0.0014281219804544558	1.2612878601073299	-728.5009489911173	12	36.74670100096599	
1148000000	-3412.689320884693	-2675.256202538229	-737.4331183464643	0.009672833058419955	0.9633887253178878	0.6413615610155263	38.948691982968406	-1042.5615640129165	-1064.6436964996456	-341.8121064345549	-226.23883559111215	0.6543441290601879	1.3765833252946273	1.9783567576897219	2.466087294246961	0.029884562736401967	0.9945548850478397	0.023397653065138118	0.0012773791509811188	1.2069488750017243	-736.9236486797488	14	38.233961654613374	
1149000000	-3399.523640297015	-2680.8050415035286	-718.7185987934865	0.02842585302588071	0.8981537259424099	0.6874160129771386	37.900789768058786	-1040.1023768034229	-1087.1529806978253	-332.61963660847897	-220.93004739380132	0.6270144737225475	1.4523375715251854	2.0818686697793405	2.122416683430221	0.03170963991875742	1.0677892458058014	0.021759818717810776	0.001183392741686862	1.1908367298420963	-716.9307338175997	22	37.5497708306272	
1150000000	-3399.967471925259	-2693.2675579753354	-706.6999139499237	0.04935971350238541	0.8709059749051676	0.5678708692695362	37.22512794702844	-1048.2018345930308	-1067.705888376236	-340.20152578305647	-237.15830922301262	0.6889375302051319	1.3684505480525795	1.9546290547001413	1.9235311479031443	0.029466740225502993	0.9508338981839489	0.02548449202021014	0.001271366762474685	1.1363330559267693	-706.7710155102249	17	37.066530729249145	
1151000000	-3414.002475452011	-2675.4304447587892	-738.5720306932216	0.013155083588047352	0.9563235092578621	0.6294464235407929	38.60904213077028	-1035.7300703259627	-1067.7506701591747	-346.98006073562954	-224.96964353802255	0.6068152009136714	1.4931388339325815	2.0970230530430554	2.112471334420778	0.028858217871708187	1.08933989646786	0.021672179368542148	0.0015749600721306888	1.406096257178332	-738.0092134965679	14	38.429465077649866	
1152000000	-3422.345484975908	-2691.8339326348632	-730.5115523410451	0.047590933125082474	0.8622483222907321	0.6075533956178446	37.39170692858002	-1037.703316358536	-1070.4658303672743	-354.23175277788516	-229.43303313116766	0.6485824380426912	1.3712778702510544	2.236676712954353	2.1712485972583497	0.027294548129709613	0.8105207315538963	0.025162859814996674	8.705354954127967E-4	1.0206880658884778	-730.8034456035518	23	36.973866245901434	
1153000000	-3423.8857953311685	-2692.0117485775318	-731.8740467536369	0.009037149581416576	0.9710186576672991	0.591961011540681	38.04541532045974	-1036.3197096470228	-1072.9339584405063	-353.12708799103007	-229.63099249897266	0.7152236760868461	1.3399235890105679	1.7779799625011965	1.989972918876799	0.028674740907709526	0.7515123305772791	0.02277657649259852	4.5345210179860434E-4	0.7986100887104469	-732.9514772029822	20	37.48435791443731	
1154000000	-3408.10772936271	-2684.5401599518	-723.56756941091	0.042463348506614394	0.8662024090651641	0.6411671368228024	38.884189367839745	-1024.3901680673246	-1081.3030186440385	-343.1500076286032	-235.69696561183372	0.6194370682147152	1.4059668301543768	2.373129298426731	2.17401796028331	0.030313128890522234	0.9584851871057954	0.023781565422911717	0.0010791090745777725	1.0773431939612839	-722.6024029199311	17	37.088162537640436	
1155000000	-3397.6490590383355	-2668.9325575579674	-728.7165014803684	0.03766932416478042	0.8759037665939938	0.6229728543825488	40.24341914161597	-1015.6909065704759	-1084.5883503848022	-344.3891761763767	-224.2641244263129	0.5459926432590788	1.6441180104945265	1.938331960693195	2.1869967524127936	0.031967017424109796	0.9074154707512552	0.025727864005236474	8.638247022096671E-4	0.9819084720676982	-727.9088838116916	15	38.0777438254181	
1156000000	-3387.816360557779	-2677.3298812098305	-710.4864793479481	0.021259190805659214	0.9245023766826631	0.6463102228061856	39.18027727436362	-1045.3380222007074	-1066.719238851626	-344.35289082913835	-220.91972932835927	0.6509461523052368	1.4153417042747893	1.965518970427146	2.2042895694789704	0.028058051224201574	0.9382717203274757	0.02226480800017019	9.002598931033396E-4	1.049763662831029	-710.0477772768878	20	37.158338628045286	
1157000000	-3411.384187374665	-2692.560027498479	-718.8241598761863	0.01713646420216023	0.9363299371997983	0.6835798592533223	37.23272973128374	-1053.9285964703558	-1062.2680188575857	-350.12582186664486	-226.23759030389238	0.6234846258324467	1.3845980780330691	2.382960317087084	2.272228851982581	0.02556694649747719	0.8931058508622054	0.02449703311567249	8.88918922757272E-4	1.0836261609556732	-718.4893852898213	21	36.266417155785035	
1158000000	-3379.8873493155015	-2681.3900798516834	-698.4972694638182	0.016746460625793217	0.9420577837146354	0.6864010157430805	38.767661806353246	-1030.934454854501	-1077.8737947115565	-346.2186217629959	-226.36320852263006	0.6805218984218088	1.3244090526512644	2.012617664891545	2.378321542563091	0.030064568698575857	0.7959244938883513	0.025850050713435574	7.384374118921068E-4	0.9175721607103073	-697.8474976557078	19	36.77471531100443	
1159000000	-3426.4776614230714	-2696.331345125583	-730.1463162974884	0.04558994510582424	0.8600998697504593	0.6648273479183187	37.40029440486772	-1030.2282357249471	-1087.8699045220974	-348.70029910875206	-229.5329057697866	0.6641861709069381	1.3392592637003833	2.0203402902348877	2.5415338715527027	0.026900484087971143	0.9873862178996922	0.022938088730074017	0.0013900711504730382	1.283182750597947	-729.202676029557	15	37.05456489116029	
1160000000	-3429.6417881429443	-2704.5338962681453	-725.1078918747992	0.05039544611898885	0.845217220424332	0.6596962018079606	38.33916681558609	-1060.0671726316255	-1061.9822209052093	-346.8569365806737	-235.6275661506366	0.6407529472409627	1.462586405888094	1.7796805984982096	2.2979753020560754	0.026048418164288926	0.8595413587747641	0.02380323397998643	6.664787180592952E-4	0.9399921551729242	-724.5386251482263	20	38.0970902431745	
1161000000	-3408.4502281667415	-2691.088735629064	-717.3614925376772	0.03262504820280641	0.8903029513555588	0.6160987144276515	38.436755853012215	-1030.5901308632954	-1084.2237005609334	-350.1287352422722	-226.14616896256285	0.664531039612157	1.2549874030801051	2.3549182581311463	2.7079166679176434	0.02900978204623617	0.8917145951999963	0.022808037090909547	0.001562608509934988	1.2494233518719913	-717.2497103225371	20	37.84773021025456	
1162000000	-3385.1314160739735	-2674.956137362313	-710.1752787116606	0.010181262916947778	0.9726400470236242	0.5320577365297099	37.7668729506741	-1033.869002804354	-1074.2884360968367	-338.934894557565	-227.8638039035573	0.6545498172931413	1.5033021618622873	1.617760617376815	1.9527529342593617	0.029555123845830797	0.8689845855237428	0.026491708843034475	0.0011309344716363865	1.0865593661200736	-711.3916550902123	21	36.930663933648304	
1163000000	-3365.7334261096057	-2669.0354128203785	-696.6980132892272	0.05255392932526921	0.8400693211055924	0.6713730454401194	37.6934393269282	-1039.2348668157513	-1062.2613533813292	-338.4454920668125	-229.09370055648543	0.6284657058523135	1.3955315208681807	1.9880776796868276	2.7702319615395488	0.03194911596225816	0.9523321563373159	0.026360232906015385	0.0017384208159209298	1.1927241252505423	-695.1267132532505	22	37.43655235233059	
1164000000	-3359.070777475683	-2657.9230486846423	-701.1477287910404	0.041830305565039944	0.8597410963230887	0.6851258646569626	37.949500675839246	-1034.51696639129	-1054.731665264563	-343.1990736670285	-225.47534336176062	0.6109426689859923	1.497500377343596	2.1760246995435994	1.8565426689715423	0.03606096093436137	1.0481021838347648	0.027580489771802757	0.0029497160385989745	1.5030492590002063	-698.7885550759765	18	37.935522725141	
1165000000	-3379.695555051985	-2667.3660824108924	-712.3294726410929	0.03386980042505833	0.8868674973857475	0.6928600600691833	39.38279468247947	-1024.626663266346	-1063.0380243107072	-347.47816618756895	-232.2232286462705	0.5640216221507395	1.4744993096017034	2.231835091560286	2.857383982489118	0.030031106575998952	0.8531643290565104	0.022500199355526024	8.224006236745223E-4	0.9686181091725836	-711.0508100455188	19	37.04801714094764	
1166000000	-3391.9947602895336	-2685.769230529679	-706.2255297598547	0.03060117734292194	0.9024353060918393	0.6426916280461361	38.10148708499901	-1029.2250959664952	-1077.3203005216596	-348.12391510759875	-231.09991893392535	0.5746301457954814	1.5623072459750076	1.9811399075280245	2.3042671779357558	0.027785879706122594	0.8815267421567883	0.023174781263537406	9.738165655143131E-4	1.104381427387665	-706.0041916167704	22	37.826407978905266	
1167000000	-3408.1080542170052	-2694.9712091056767	-713.1368451113284	0.04738965151593039	0.8715296566217656	0.5934836909032172	37.65668024100817	-1035.948799918921	-1073.3636608598933	-358.7651051137164	-226.89364321314622	0.5939028578656421	1.5264724892371373	2.083082419287588	2.0821990636643273	0.03298124934811365	1.0338022631102943	0.026113831237936327	0.0016802612947894988	1.2490892842001704	-712.313718028116	20	36.9139038142166	
1168000000	-3380.1766978968612	-2665.940016010762	-714.2366818860991	0.039425589771772976	0.8888064500635448	0.6310066261372461	37.79182474011566	-1020.3208969946562	-1078.0208647744382	-345.02271402122136	-222.57554022044644	0.6037030119599021	1.363194038211855	2.5161235518258045	2.6076802131590084	0.02631519675101869	0.9588887468211424	0.02519311918670387	0.001477131397565622	1.2599694381093938	-713.9662503244931	22	37.02238776350933	
1169000000	-3411.6539279876542	-2688.1049026156197	-723.5490253720346	0.04624096741487283	0.8532142994265163	0.6918336147148265	37.36207673405564	-1036.818317893471	-1076.3398709405124	-347.72263079222273	-227.22408298941357	0.6204188917873644	1.5403886870512644	1.7200132960610892	2.0885196044708225	0.027639304742686145	0.8601257012710903	0.02185485839094088	8.64635904723945E-4	1.0371788482025128	-722.5073296568402	16	36.81447060951018	
1170000000	-3362.853329804797	-2655.663339342764	-707.1899904620325	0.02147710849327121	0.9279697197228858	0.7078942328327259	37.639775448812294	-1025.8958411930585	-1070.0583658760177	-337.0999016455211	-222.6092306281671	0.6319133701424303	1.4630403874116988	1.8261252583790568	2.380563278424238	0.02807612583452602	0.9908447390188456	0.023053310316969944	0.0016765500020655137	1.319502543283269	-705.8094292486467	20	36.94900709824371	
1171000000	-3393.5669157645066	-2668.4101228127	-725.1567929518063	0.08729701623703201	0.7795585024960843	0.6073503745510453	37.66592464601876	-1034.5400474554322	-1067.683079280807	-343.3185267081543	-222.86846936830645	0.6305306341638287	1.377945300296912	2.1418214241487785	2.620222755953756	0.025043467860950533	0.8472611379682565	0.022809583266904424	9.080600657765093E-4	1.0585474508443222	-724.8961745531171	19	36.92837715176659	
1172000000	-3402.2684723682755	-2690.8300243639187	-711.4384480043567	0.05017144390565568	0.8321030320404537	0.6777047155105025	37.68328686213863	-1032.8356428423717	-1086.4445287816989	-348.7747107447416	-222.77514199510665	0.6521669440617224	1.5407467293975308	1.4385365311726617	1.9746685686963854	0.029409659447156178	0.7884009331178063	0.025313386037003355	6.981323249228717E-4	0.8770965036954336	-710.5643100466057	16	36.26550439708541	
1173000000	-3407.7590684996176	-2704.3700361824967	-703.3890323171206	0.07483253688207692	0.7722586596898537	0.712646489743171	38.90150884352173	-1036.9912377969595	-1095.6220280066239	-346.02704677162023	-225.72972360729364	0.6070927304260921	1.511619527951975	1.7503338437290525	2.5475781438097025	0.02926474891491844	0.7583584287721435	0.026101653843339945	0.001008314666294349	1.008081300260683	-701.5320724009509	19	36.69237909991969	
1174000000	-3406.1339491614854	-2679.430535134228	-726.7034140272574	0.026592653684018776	0.9135740708353419	0.6333369517513103	38.78764937241995	-1026.3757526875422	-1079.8876332719747	-351.6649058322929	-221.50224334241813	0.6305595859337132	1.5026724118221386	1.714451497896389	2.2450260395405883	0.03145021185934083	0.9465402749562563	0.024697625811583197	0.0010559243511474889	1.07974278987585	-726.0332540870493	16	37.88562424137703	
1175000000	-3382.234220819133	-2682.8235430880286	-699.4106777311044	0.05354619107344802	0.8440688288255861	0.6103349848659434	39.40949342425918	-1030.5829377755863	-1081.3907257523786	-346.1172352166903	-224.73264434337315	0.62877344995067	1.4275807439031014	1.9521793517432222	2.53876389025785	0.030983759378160183	0.8512705791936453	0.024692308066429643	9.450524916977395E-4	1.0102520993615105	-698.8720714372798	17	37.20030586875111	
1176000000	-3410.111723106106	-2678.6248967828133	-731.4868263232928	0.03450417869869676	0.8882084571848677	0.6271081884164781	37.311574361127	-1036.5473200854628	-1075.3071982300414	-344.1018250787972	-222.66855338851198	0.6416870563873307	1.3712111049642746	2.2514914114308224	2.2769360139573793	0.024576479889352326	0.981600477360079	0.02197295276307764	0.0010702558010759853	1.2417309132886234	-731.4663936136767	15	36.923181881641106	
1177000000	-3386.8014089968206	-2685.3786713743525	-701.4227376224679	0.051304699448526385	0.8447556172772016	0.6794757620301244	37.442461986742984	-1015.6737520183015	-1086.4720436092427	-356.6784594014412	-226.55441634536686	0.608668981572844	1.518307434072797	1.9376374895310904	2.129656836780459	0.030556628111356034	0.8618354932392718	0.025790191526387184	0.0012944160727960344	1.1387490202839026	-700.1998428715038	23	36.62524049961051	
1178000000	-3382.380733652952	-2683.2698117191244	-699.1109219338277	0.044495686797395816	0.8840723795929022	0.5894970040034694	38.77433858818898	-1027.429446048082	-1079.7592469467866	-347.50866164601285	-228.57245707824285	0.6097898938099735	1.4454217203560158	2.0559981353456123	2.557199797550584	0.02676546573092603	0.798973845984548	0.020603090586672285	5.693712382326576E-4	0.8972909999992086	-699.6141100452509	21	37.906447010296176	
1179000000	-3428.472206723507	-2704.5495198614562	-723.9226868620508	0.020689761330548014	0.9266842833892224	0.6615067089510815	37.04358444185513	-1032.3670430838802	-1087.1702784431334	-349.19315197448714	-235.81904635995554	0.6308668939944506	1.4408818691049097	1.8055322068161956	2.6359108302318903	0.029819890990702605	0.8623871124552979	0.023782132979341297	8.912376463134504E-4	1.0306867232766905	-723.5697410976231	14	36.345196169944636	
1180000000	-3399.8270110776666	-2688.5940460148654	-711.2329650628012	0.026761457502142143	0.9058415494093368	0.6748226955624975	37.32666195090943	-1047.454277908833	-1066.3539078747613	-347.1821148537684	-227.60374537750306	0.6742121969091842	1.4289171925032007	1.660230651424174	2.1743098862033685	0.031677089622957434	0.7872229359723192	0.027222278486922578	0.0010068564218668058	1.0058198784500243	-710.6071861929809	16	37.05286991355182	
1181000000	-3396.6283680592655	-2678.156814974456	-718.4715530848093	0.04870356164732463	0.8413337338087753	0.7015862232577974	37.22885265369778	-1024.5651960486189	-1067.6526808985773	-353.20496462019963	-232.7339734070605	0.6232359274527074	1.3573885843738571	2.2977065518822433	2.6710336532389154	0.029557916440865504	0.9548232259925434	0.022109245350834684	7.831998531060987E-4	1.0325479183428563	-716.754528615472	16	36.99009614982894	
1182000000	-3432.6253014422705	-2692.84406380339	-739.7812376388806	0.0366514321155452	0.8589521410132707	0.6508178564328647	39.245073845295984	-1042.0984445330841	-1079.9729045189279	-346.3247779010221	-224.44793685035566	0.6714090855888911	1.4137750223395071	1.8188655847715962	2.086237399404178	0.027472214509852218	0.8482384265564635	0.023166286853008002	6.856164280941096E-4	0.9512253691932947	-739.338934648528	13	39.22789371729731	
1183000000	-3390.2349989679965	-2685.2770789610804	-704.9579200069161	0.020234300284452736	0.9369912739668261	0.6178136868554837	38.81504337922034	-1041.13614246138	-1070.7863174685046	-349.8580939874162	-223.49652504377957	0.6128909612975838	1.4108300484058454	2.0913204437219224	2.747790523178889	0.03143007632220008	0.8413942947104686	0.02365087173918388	8.952513594762351E-4	1.01516847564547	-704.9172273493436	19	36.1494671214601	
1184000000	-3394.6220976069935	-2690.420626999166	-704.2014706078277	0.006263558394177063	0.9775945711049102	0.6926493868042723	38.046541276859344	-1030.1611450090647	-1079.599324452626	-349.07047125339295	-231.58968628408223	0.6076440849152015	1.4677546244106896	2.186547773377038	2.1685121635040394	0.026342054105156467	0.7211331014741497	0.02513065570087246	5.441168578453054E-4	0.8447832841323195	-704.3008023250658	20	37.95826363619456	
1185000000	-3409.340342777306	-2700.33995695809	-709.0003858192158	0.0656019655251671	0.8333456225999646	0.6134357846960997	39.36013778215878	-1050.7007493846393	-1077.7499382938906	-341.27353104995643	-230.61573822960366	0.6624162676043963	1.3712506735089092	2.1534047478679517	2.054376545166307	0.030665063907734498	0.8615712472842763	0.027298129704388614	0.001057474951247727	1.0562008398288645	-708.2597785384571	24	38.51314185975321	
1186000000	-3430.754021163157	-2692.1029784247303	-738.651042738427	0.006399292046452979	0.9765226495997797	0.6768618226375102	39.373617475367254	-1062.1622253256076	-1056.100871804739	-349.1017941753019	-224.7380871190817	0.695553502685331	1.3450612234610366	1.6944046122324512	2.4637243664214887	0.024917708358965986	0.7784616214232448	0.021743022528235456	4.308095171735991E-4	0.8549293609358871	-738.8022685227198	20	37.04567019842505	
1187000000	-3408.9208259084144	-2706.073339612767	-702.8474862956474	0.015039364599881982	0.9500196470477564	0.6735132495760828	39.57316156434516	-1037.436165608028	-1091.0163193299409	-353.87158043143165	-223.74927424336693	0.5892087717812918	1.4290832411815861	2.5509599902123563	2.229104182648407	0.03424998988416736	0.9781189245943934	0.02574202949092198	0.0017790205685472612	1.2663245167999375	-701.3482332109717	21	38.53392365281897	
1188000000	-3431.3261669917674	-2709.886613205792	-721.4395537859754	0.04154857689860764	0.8631996913001212	0.6678649166580767	37.90937595939349	-1040.9441696209951	-1082.592719109109	-359.3240290696969	-227.02569540599075	0.5793527807699663	1.5512342077129926	1.8966732247686005	2.46201115260748	0.02587706935363621	0.771457747819437	0.022975159825322024	4.4806290792437435E-4	0.8130873587386682	-721.2298539408955	16	36.32373881519142	
1189000000	-3408.660343045827	-2695.432221016166	-713.2281220296613	0.025111695161799577	0.9266110318373145	0.6031507862918617	37.44456044179703	-1043.6917151646153	-1083.4910622393502	-343.24051428548466	-225.00892932671576	0.6131955598279014	1.4391194685917803	2.103347573472785	2.466350892365283	0.03030718142314006	0.8376112814111895	0.0241021945493357	9.783977883789739E-4	1.0894186130756989	-713.5504042576341	17	37.14536774727998	
1190000000	-3404.2243591280417	-2721.6643199329646	-682.560039195077	0.024229265330478544	0.9287293304904044	0.6600113748654683	37.426808954967605	-1041.8020137513533	-1085.1188499213572	-354.8137558761415	-239.92970038411244	0.660513012747928	1.317327785062494	1.9132650721874782	2.9960888158976484	0.03430721702687981	0.7319434777396315	0.028008018318451646	8.877458555853616E-4	0.8829362823848312	-682.1090577589455	21	37.408885639782206	
1191000000	-3420.591659007615	-2701.9555075695916	-718.6361514380234	0.02264263064556286	0.9229440194343606	0.6684034132569889	40.24949955081551	-1042.6435122686191	-1085.3505299134615	-348.4312612886323	-225.5302040988784	0.6460574504265721	1.4374763192782982	1.9515841321557355	2.1223493371166793	0.027513487442554378	0.7900674774900239	0.023730210614124118	7.626490532465769E-4	0.9500665525746252	-718.2766761141721	17	38.42210695611295	
1192000000	-3407.1698807310436	-2657.659012409565	-749.5108683214786	0.05664441908192695	0.8067573012695268	0.6462454851892456	41.19135883905484	-1033.5795447801836	-1048.5687629366362	-348.94644232128445	-226.56426237146113	0.6488840211817261	1.4842780802788245	1.6904852196519289	2.104351740645698	0.023012905914714967	0.9111818067338373	0.019363156093288512	5.889216954325674E-4	1.0231064150906561	-748.8097268097129	16	39.20750045556322	
1193000000	-3354.2287451602447	-2655.901164719915	-698.3275804403296	0.018450291767093355	0.9408987496673384	0.6894175453888727	37.44586468241124	-1026.6417091408605	-1055.7183960026643	-347.7549932387611	-225.78606633762928	0.6121426359189217	1.4674761366655027	2.1058566086713237	2.2267556223749096	0.041396837602232915	1.0410414929730973	0.024827063716399537	0.0014613572366891864	1.0996392245853148	-695.8192459812726	24	36.32294029175157	
1194000000	-3391.714377987776	-2682.4817529219918	-709.2326250657844	0.016803109183605006	0.952025716580229	0.6000437380901623	37.977567690975505	-1030.4656188455658	-1073.2730342103912	-349.2566462968724	-229.48645356916242	0.5900794312042456	1.5035211452825445	1.8127340392987488	2.8345159308023797	0.028279727254844345	0.9027834893964681	0.02561110416723681	0.0013708155898155177	1.1472658001134204	-709.6643244478375	14	36.86782646724798	
1195000000	-3420.3970167920306	-2710.311132120566	-710.0858846714644	0.05827575474920574	0.8369870186572113	0.6754448124716194	37.16133840736702	-1024.5470709074557	-1085.2772796610714	-357.4603907782654	-243.0263907737742	0.6251726314084808	1.3730383372850243	2.2117912024524595	2.643740363380571	0.02881889141560989	0.8037303735329919	0.02559256407227788	6.899274983237576E-4	0.8703952891762883	-709.2090252679318	19	36.9085134543889	
1196000000	-3408.0176606920177	-2705.4080759349044	-702.6095847571133	0.028980375803369148	0.9007779738891453	0.686225783862642	39.66591622721019	-1055.607242456608	-1080.2630065007052	-343.3625714131792	-226.17525556441183	0.6040674126338501	1.5231187185895005	2.0091223844788337	2.0486865198121236	0.029464642008681513	0.6922119569483915	0.02925579910751128	6.343204681111894E-4	0.8309987192975274	-702.060519045854	17	37.05391334691785	
1197000000	-3425.3808109462398	-2677.5993446208427	-747.7814663253971	0.059343561411107075	0.7749811841660285	0.6763951549047189	37.97297281476424	-1033.5703874100038	-1073.7736323190918	-340.0914473682144	-230.16387752353293	0.5956374443498317	1.4318952301478716	2.152586807585319	2.7788045727468234	0.028690331956161517	0.8543380802655176	0.021184127086232876	8.02849591962973E-4	1.0269053953482672	-746.5673413791332	20	37.05143346497242	
1198000000	-3441.663084025256	-2696.749645001375	-744.9134390238809	0.021030048415821068	0.9202575557453254	0.6343764330091134	38.21047702075182	-1037.264107952768	-1069.9088195090953	-352.30163398120294	-237.2750835583088	0.6136850338636403	1.4194736164448247	1.9622099295653992	2.8808544318467693	0.03125459089132673	0.9905717842184066	0.026318562189965103	0.0010188664210186741	1.0591146547586265	-744.2528983035661	13	37.28721444810468	
1199000000	-3427.1435966561007	-2683.178821526249	-743.9647751298517	0.05517123392102933	0.8357878811028588	0.6151966781967102	40.45155740566188	-1029.6599900546685	-1074.221038351761	-353.43560027228557	-225.86219284753423	0.592788493444639	1.5235515691338857	2.2256362367133233	1.8801910880973804	0.02435820465962569	0.8375568231800087	0.021784020534504563	6.036955303290975E-4	1.0096313730112922	-743.9040858680047	19	36.96588362075676	
1200000000	-3419.5773017345005	-2682.2061336570623	-737.371168077438	0.03208279175155382	0.8905078094109752	0.6039350471453137	38.76996807622963	-1036.925007338212	-1064.911563952879	-352.00541107681	-228.3641512891611	0.6806102222778587	1.3943442538889346	1.727662382418349	2.2458983224870033	0.026370168683485795	0.8745628224456913	0.025717187219933296	0.0010810797537037003	1.17864594003731	-737.680929468509	19	36.02584149831933	
1201000000	-3401.247159307928	-2682.1427950995385	-719.1043642083894	0.02426118515176784	0.919153739076691	0.6158784073871754	38.24187549242488	-1029.1295759229101	-1081.2131759499432	-345.7035612395907	-226.09648198709462	0.5748723082914597	1.5699715911486343	1.8727275370757925	2.420408632240713	0.025662385427420626	0.7514566547015346	0.021044429767904847	5.529732322599871E-4	0.8615712706568336	-719.9204383225151	21	37.734993959943175	
1202000000	-3414.505320956757	-2679.9399058371223	-734.5654151196343	0.0283778605011344	0.9070952373527413	0.6274825305585494	39.59934512377103	-1033.7421667586302	-1069.216908172105	-347.9628823767061	-229.0179485296808	0.6521296961414981	1.4211282773034866	1.9287714215870404	2.194031289801608	0.03089830513285041	1.0934017167021757	0.028405349052444764	0.002195135999029648	1.524346827211029	-733.4592852781136	25	38.17079210382297	
1203000000	-3401.575399462255	-2686.8088858666483	-714.7665135956066	0.05402400103305986	0.8102893470445505	0.7043991585363524	37.4789619421362	-1021.9374836026635	-1073.0182662794916	-360.87095898112193	-230.98217700337125	0.6591219984951371	1.422411535950493	1.9764494970616004	1.966191585178986	0.02726420368400636	0.8499695496650524	0.023786214244942646	8.936837924283786E-4	1.0391111002259403	-713.4196644840263	21	36.59002083800236	
1204000000	-3401.8183114709736	-2684.1083543564623	-717.7099571145112	0.04075162078144111	0.8750801012387911	0.6213270507760454	37.14584793261696	-1019.0941067039214	-1086.3855052985089	-352.3505512055913	-226.27819114844084	0.5756636982337285	1.596228793355698	1.8027879091326617	2.2914517523745546	0.029794620128634642	0.8561504803575256	0.02700281828448127	8.477082218901942E-4	0.931548599108381	-717.5799509025529	15	36.658092040705455	
1205000000	-3385.454740467169	-2683.5333902774	-701.9213501897689	0.023672943202111895	0.9245782491077488	0.6672874104393979	37.599992743002446	-1029.8423205663246	-1065.4217308401846	-357.1219450267653	-231.1473938441256	0.6730127174790633	1.4043920570144461	1.5596929001160273	2.593767279563523	0.03506042315441859	0.8826113597663635	0.024845813289592806	0.0016604790115184874	1.199803298717615	-700.7927417005181	21	36.362763583167144	
1206000000	-3413.742145924361	-2698.1556520160025	-715.5864939083586	0.04463011387500765	0.867077908867797	0.6233955451273421	37.247471411605936	-1025.2745022902727	-1092.1403146039333	-351.3632910734939	-229.3775440483028	0.6313502066019139	1.3556453785191511	2.2316290923387725	2.6481867562971857	0.028798898964442574	0.865692005719182	0.02464655234768931	0.0010340880796643993	1.099074515564202	-715.4286362353216	18	36.955770047892315	
1207000000	-3432.4797601664086	-2694.2636778863152	-738.2160822800935	0.03269519347697063	0.8965440551921093	0.6215149323635583	37.014064983310725	-1043.4567502062832	-1078.7336720088006	-345.4094490546524	-226.66380661657945	0.5480444441879885	1.4856923818641423	2.1907222855764044	3.132160123891069	0.030467439249721454	0.9601237538182789	0.02310667671595823	0.0014530090149193612	1.2209247516496056	-737.8348692308034	22	36.55369545624695	
1208000000	-3419.3640674947374	-2698.776833623688	-720.5872338710492	0.05819525422164156	0.7946903284238576	0.6825388084018336	38.621371306568136	-1026.427946229971	-1097.8047862969354	-348.8227401533305	-225.72136094345151	0.5298039199473422	1.6289474740493661	2.053138546402228	2.430205798351106	0.02975152467525384	0.8417779499962863	0.026011629502173485	9.999862512840162E-4	1.0334285245983683	-719.1875870661538	21	36.94641985453322	
1209000000	-3397.0492671081233	-2676.060407759014	-720.9888593491091	0.008483487208576243	0.9673217107039915	0.7006278115609814	37.591464829375646	-1025.4669186683432	-1062.5680827287742	-350.5039666003975	-237.52143976149932	0.6283223977799413	1.4020835366907325	1.9267324242438784	2.8213408695365705	0.03314869550582313	1.0519254403010412	0.023174624875453676	0.0022316052621621538	1.401550895307632	-719.2550278708949	20	36.88502479487118	
1210000000	-3423.1261615726794	-2699.734146502964	-723.3920150697154	0.031561454485204636	0.9074691107766953	0.6178482731147137	38.85162449064065	-1041.8269910778954	-1083.889868987248	-343.12138185321356	-230.89590458460697	0.57335925485518	1.4808507961882462	2.087101273866679	2.876089762789528	0.023460594550819155	0.7410546768917218	0.02241307026522217	4.7972525978851396E-4	0.8876751848850414	-724.2417155785023	17	36.78175367951297	
1211000000	-3418.135546267308	-2693.441778767869	-724.6937674994393	0.03969338495211018	0.8859991527566756	0.586487134548074	37.20024268846435	-1036.7092984966907	-1077.167697233221	-341.2323004873029	-238.33248255065408	0.6133749892510345	1.3776043322413452	2.242231220596335	2.773531578013555	0.0298153449713346	0.9298422085909562	0.025934647080075847	9.795055906934524E-4	1.1055845287296377	-724.749417084896	17	36.89766302309695	
1212000000	-3400.266894609846	-2699.14605439866	-701.120840211186	0.037174773911876215	0.8616923621999661	0.7135247464553064	38.56376943873255	-1044.9572366203463	-1078.9806436361737	-343.88205919487797	-231.3261149472624	0.593389115962064	1.5668250163454218	1.873933720137091	2.0947976393709427	0.028917656301051874	0.7677648017719199	0.02475496570807268	5.945355976453197E-4	0.8506414557864488	-699.887592698403	16	36.64665078834592	
1213000000	-3379.8445483677306	-2675.4293745565246	-704.4151738112062	0.00965282419943027	0.9667088309810812	0.6978792839991812	37.40281471869245	-1011.834005459953	-1086.3593120820476	-346.03232411226423	-231.20373290225947	0.6372277143663102	1.4027354697515466	2.066429956876002	2.401801774742047	0.03198420880898362	0.8907499785394226	0.02473630268960651	0.001266691066162235	1.090836721005494	-703.3473086353306	16	36.63651438794834	
1214000000	-3403.4668168477947	-2693.999177933424	-709.4676389143706	0.047025375910202706	0.8453763053286204	0.68229951464898	38.23573117391719	-1010.9217088530094	-1100.2327437372064	-348.7881657274301	-234.0565596157779	0.6361145439229406	1.4111779998223015	1.6579308949547897	3.061842600891437	0.0349153573310556	0.9129742806876996	0.02767415469394083	0.0016357609997927544	1.1595915162922417	-707.5733881241072	16	37.11958354435886	
1215000000	-3387.7085061650337	-2689.922296095804	-697.7862100692296	0.026922497834075777	0.9130778452120552	0.6630668025632507	38.70636171393358	-1031.5854424139584	-1072.4630083185264	-351.3191732995734	-234.55467206374607	0.6074706915103214	1.4678361518887058	2.169325735724429	2.201211456786716	0.02902421150224711	0.9016147515471481	0.02452797374687891	9.856891381891354E-4	1.0158209039312454	-697.0980654132055	19	37.06311486186091	
1216000000	-3409.035303933386	-2699.9177566487756	-709.1175472846105	0.032779819479896506	0.8968017010490015	0.6253505825378955	38.28365020676682	-1045.3100326288609	-1072.6563921436011	-353.75910585266945	-228.1922260236438	0.6172264712274437	1.4865072022616426	1.8698711229919542	2.371857761086762	0.02854156444919247	0.9591365775292465	0.023143903575767653	0.0010924709160621186	1.1531928474643656	-708.7497982970119	20	37.33106377232507	
1217000000	-3446.983303162278	-2709.4231755221554	-737.5601276401226	0.041230831110988186	0.8719549447510393	0.6316739282803159	38.31501143867211	-1041.4542534978693	-1103.0821396153458	-339.4707580611503	-225.41602434778983	0.6511233486679757	1.4112977121796113	2.037175771459364	2.111919365637009	0.029679163916002817	0.9985283045991739	0.021253880003588035	0.0018912566173556354	1.5085825997207145	-736.738385800066	16	37.03593239300575	
1218000000	-3409.8023759596144	-2678.638569749551	-731.1638062100631	0.008810466566229686	0.971036589608473	0.5815309520463888	37.853288875734755	-1037.910792420919	-1066.673619286635	-350.38642221341377	-223.6677358285832	0.622610094137464	1.454287451613972	1.9348027364960978	2.4459163579931924	0.02645993698598869	0.9470186585055573	0.02229022850212535	0.0014701826075974598	1.288581323686825	-731.9688708038075	22	36.49695097206615	
1219000000	-3419.492923770292	-2714.2216877033507	-705.2712360669409	0.01670699370546118	0.9341099840599776	0.6851964733304367	37.845267746089434	-1035.4079131663566	-1097.5967515979607	-349.6769790868013	-231.54004385223183	0.666684784493594	1.4055601054210844	1.797018523118017	2.2881657303743173	0.028660868687859376	0.7711332125882544	0.0224112256541595	7.24794975635473E-4	0.9275874791941598	-704.9453362813949	18	37.056429676453654	
1220000000	-3402.408986165128	-2696.033917992444	-706.3750681726842	0.05470173723606274	0.8301032803813024	0.7077274580931175	37.2342716758066	-1020.4699724639014	-1099.6118705236895	-347.7178692144629	-228.2342057903904	0.5759958745082101	1.5509707010368738	1.7764786868216949	2.738504373073105	0.02954151196222921	0.9350446578240256	0.024148547506919606	0.001311168481759992	1.1561018386004707	-704.5245018841838	18	36.78262158720997	
1221000000	-3408.2492678530643	-2690.129785000008	-718.1194828530566	0.020384109394763702	0.9290821893723975	0.6657040812564304	38.055532052544834	-1028.6554880456283	-1076.1760054981512	-351.6737114915735	-233.6245799646548	0.6103243931827893	1.3940215710313704	1.9975458691354073	3.111937119256621	0.03177144808683084	1.0602150518500366	0.02710205252667234	0.0026673616445420972	1.5525667227692765	-716.8000052689265	18	35.399083693497225	
1222000000	-3411.387078091217	-2679.7277945141614	-731.6592835770558	0.027756599194933007	0.9000628322024635	0.6438064613543137	37.22197164387733	-1018.490094672553	-1083.1228487405306	-347.19686828072713	-230.91798282035057	0.6414491197582128	1.3619666346178243	2.0929368429621453	2.64212753784868	0.029729500566880163	0.9390515824976594	0.02480154666135666	9.732981236513425E-4	1.0265527008516555	-731.1793533802464	17	37.003496943067425	
1223000000	-3430.163717208735	-2687.31609003561	-742.8476271731245	0.016053535955039226	0.9430004026225617	0.6281532068782573	37.436140590593624	-1051.5495918438712	-1061.6954754290427	-343.1562898699764	-230.91473289272037	0.5892905076863127	1.5446420509860581	2.038837529288453	2.0837362188296513	0.023266845928021796	0.9228644999051367	0.021446355074989487	8.593685058819726E-4	1.161961552650797	-743.3970435794613	11	37.30968701976062	
1224000000	-3401.9230173424216	-2685.187663458051	-716.7353538843709	0.03570806565580537	0.8628269463357126	0.6915623970188493	38.15830079785991	-1031.1941684090118	-1066.0392144767545	-360.3688188677829	-227.5854617045017	0.5994666909952098	1.491102893961693	1.8611422068438357	2.6832079634580026	0.02966298943058295	0.9339399156095985	0.023325740187413135	0.0012278722641507194	1.1985881024613325	-715.3360757956835	20	35.774129887505275	
1225000000	-3405.2834011487303	-2688.621220828237	-716.6621803204932	0.03786701535964584	0.869519108111114	0.6355426281081734	38.00239104452925	-1022.8564902559567	-1083.7400998713683	-355.0292047211183	-226.99542597979377	0.606174140067915	1.4029625714272584	2.2128021789439236	2.7336243827113673	0.030242977653844125	0.8720636056310148	0.023150113712784196	0.0011242845502352765	1.1188788590565755	-716.2019827598805	18	36.86923432937767	
1226000000	-3387.576242046082	-2675.1438577075237	-712.4323843385582	0.022483735271699952	0.917320017657965	0.6772060678233047	37.19986699761628	-1040.980028963563	-1057.3140781974687	-347.73985524536295	-229.10989530112926	0.5825506364564694	1.497822220348521	1.8945469677224525	2.8856807306750984	0.03462599919911659	0.9756945431703725	0.03001708089124769	0.002168464366234998	1.3257077228179848	-710.9598408838123	17	36.87946222826111	
1227000000	-3385.97424718375	-2670.9689897410162	-715.0052574427338	0.016117876008734166	0.9479443270680066	0.605846521505737	38.81601696406085	-1034.6687904371156	-1062.0009954149082	-351.32763154040515	-222.97157234858759	0.6100645254562482	1.419957313081274	2.0395458565394144	2.809952949654812	0.03387754353174132	0.8942441112379571	0.026845165001440043	0.001642428265105011	1.173876059706016	-714.755946576657	20	36.83542956250575	
1228000000	-3403.9127029503334	-2690.9728362378896	-712.9398667124439	0.020657623965301148	0.9359300453356756	0.6056898045450497	37.258716890419535	-1036.6568205268047	-1074.0245876757801	-352.9306112406432	-227.36081679466167	0.5879640942674764	1.5054621959255625	2.0177703626240553	2.4984243109947686	0.02843686094474642	0.941218186959444	0.023482033668249858	0.0012081702805853455	1.1777900786630044	-713.1793178054048	21	36.47875042692521	
1229000000	-3399.168840544646	-2699.9590162151367	-699.2098243295096	0.006402637708408662	0.9789064109485601	0.6566066631947876	37.5623108915989	-1035.7228030657661	-1085.7137167827034	-350.0938854353033	-228.4286109313637	0.649889144050786	1.4586029997478518	1.8750190538559912	1.9933959210553587	0.02681361973209777	0.9187718102519701	0.02336248856873341	9.089029702499763E-4	1.0947875010584374	-699.227578412905	25	36.984269935021345	
1230000000	-3398.3052872569115	-2693.8672739300964	-704.4380133268152	0.033559621273159125	0.8897134331920767	0.7023013522857017	37.185109481402755	-1026.7380194227298	-1083.6508088056178	-353.147589054809	-230.33085664693954	0.5980679485540669	1.5050154374859694	2.0967647637067572	2.172231703611109	0.034904431269912786	0.9120485867247992	0.02677868977223568	0.002065134144844652	1.2656995411328649	-702.5601188095743	22	37.07314810582293	
1231000000	-3361.659115562831	-2665.535224542232	-696.1238910205993	0.054718087394570354	0.8256219452224401	0.674095110067667	37.340841216516054	-1026.2052691658964	-1069.6878569582818	-346.44465243095476	-223.19744598709906	0.7053580475785879	1.3467145810096077	1.6871913109520946	2.2751810727531363	0.02919891395076393	0.864774017488621	0.022766288798851533	0.0010646557759336171	1.1257023560951926	-695.0507246101752	23	37.09686676183205	
1232000000	-3406.9398969544027	-2684.8911673485313	-722.0487296058716	0.01951310024777478	0.9315557642189914	0.7056411711141978	38.389481616707634	-1032.202069260657	-1092.3372248532646	-336.39894200162564	-223.95293123298404	0.6318278704937759	1.4485949082906096	2.013492496781065	2.1843044166348453	0.02669661941534545	0.9132448685984896	0.022306914362637834	9.459605323341059E-4	1.0750001957897959	-721.0308753787541	21	37.06853181079741	
1233000000	-3415.9621707201504	-2684.0036467318214	-731.958523988329	0.028796880050789397	0.8894604249238162	0.699260642917981	38.41182054694547	-1031.5928964752684	-1070.9827272237023	-350.35253438985677	-231.07548864299355	0.6430623099271314	1.4482500660539626	1.620696597060494	2.6613464720419326	0.027239704287799964	0.777508274072598	0.02138793164260538	5.06806620727869E-4	0.8588731084996758	-731.2567316268526	19	37.77579229235472	
1234000000	-3422.0685902977893	-2680.44978637847	-741.6188039193195	0.021131449187284847	0.9287469847695426	0.6565834447571737	39.75544689456308	-1043.109743471659	-1069.2678067472234	-349.3209431588611	-218.75129300072643	0.6426275723780854	1.435727495142652	1.939854562113406	2.223783184833	0.029441678556508838	0.8428509114404636	0.02707934747342987	0.001140779264060327	1.0353140761790687	-741.1504196173745	14	37.20598448859909	
1235000000	-3437.262400992441	-2698.9173625357157	-738.3450384567257	0.017918045110828347	0.9326677879313048	0.6578102808781258	39.02135610334099	-1053.1752015476866	-1068.5962618163394	-346.82768069873407	-230.31821847295546	0.7193005246830156	1.2436039630833746	1.8740353090286639	2.611292572471117	0.034571851387769914	1.1337480946587393	0.023639499115413725	0.0018903292356366903	1.3866643862598718	-736.5660609747185	18	37.23740981537085	
1236000000	-3403.2413149482336	-2681.6591858583147	-721.5821290899189	0.008393120887712479	0.9692090010848351	0.6475541243340468	37.72685957703413	-1024.855782321281	-1068.3504077569116	-351.65340052498243	-236.79959525513956	0.6882261138752328	1.2740942963231918	2.347833251057617	2.098146980109987	0.031073479800465757	0.9162327387212494	0.023465217868655425	0.001542667279602663	1.2683519572968804	-721.2635276246164	16	37.1226059162182	
1237000000	-3403.4483856726933	-2671.7854757450505	-731.6629099276428	0.01027453846414517	0.9646249723327134	0.6006741084306579	38.27518933317229	-1012.1552765472682	-1080.7196685996812	-350.43411559787404	-228.4764150002269	0.6020728430656673	1.4228469302703544	2.146655923475456	2.7483457432360523	0.02468007716856329	0.9350700790476163	0.021049322838100237	0.0010518590525130027	1.1963062448702348	-732.3899185110436	19	37.033588914284834	
1238000000	-3441.608078197391	-2669.9502144014823	-771.6578637959087	0.016194881913743964	0.9340830233130978	0.6137944888391385	42.98236013613391	-1033.7011677470707	-1067.6565559105752	-343.207940199067	-225.38455054476975	0.6532570893894577	1.47962012613772	1.7430118811954254	1.9712633742678132	0.024927215721532277	0.9723196995740907	0.018844024807900046	7.002214341201851E-4	1.1741976929391769	-771.4994253847648	22	38.469812883519566	
1239000000	-3432.272409563248	-2698.197851011323	-734.074558551925	0.04340498311637625	0.8554578233771306	0.6265502295710405	39.35518843546461	-1042.7087075527336	-1072.8070772489793	-349.88252982139784	-232.79953638821237	0.6185659230794474	1.4782517086538556	1.8306436256887415	2.489355738649547	0.023886789580161782	0.9301043632705154	0.02233337565501714	9.87398677827895E-4	1.189218109095501	-733.9160995882335	14	35.77871511360076	
1240000000	-3446.7067787179744	-2687.5096021259506	-759.1971765920238	0.027242817664580227	0.895805399488679	0.6115799319683536	37.76991570959581	-1035.9858051156687	-1075.072365135398	-353.52918455698125	-222.9222473179027	0.6831242332462737	1.3418854186765423	1.9543608015080545	2.2735393975918696	0.026820983140833886	0.9175220849457036	0.020584548128631038	8.194800294338301E-4	1.0695181486849308	-759.4140054177329	15	37.43718463280226	
1241000000	-3442.8533048401473	-2683.8496812528747	-759.0036235872726	0.025953220596437704	0.9121166988583398	0.6084905222492633	39.98126593978807	-1042.2601959551978	-1068.5473291405467	-347.70691826886093	-225.33523788826892	0.5958147248537481	1.5233393136016335	2.200389740343277	1.8687843597624054	0.025616418064930938	0.8402285397402833	0.02071826244783804	8.32787874634066E-4	1.0851692534741508	-759.4174806990737	19	38.73268199098486	
1242000000	-3416.5247235049883	-2692.052328357755	-724.4723951472336	0.010975860968693876	0.9619814304385425	0.6748297068075104	37.59909127197507	-1061.5184141671018	-1065.8858317306376	-343.3036938876311	-221.34438857238467	0.6465227795223697	1.4228896595219536	2.154654014367259	1.8894157282337076	0.027736829377189753	1.0384281640282178	0.021996973266504547	8.84743994198886E-4	1.1212161820620246	-723.6876191703706	13	37.13597873101526	
1243000000	-3427.30775731389	-2697.0322033232897	-730.2755539906003	0.04361654183986292	0.8528938794849421	0.6274727390272867	37.87649142900182	-1044.9973126986329	-1077.7266698051958	-348.5761277741266	-225.73209304533418	0.6211424765900782	1.3757163737627318	2.226098317396348	2.671173525479341	0.026964402831110422	0.8435923093271833	0.02204806214346985	5.80042260572478E-4	0.942607240638509	-730.2449196070769	17	36.23326990856221	
1244000000	-3445.4674400785675	-2705.1120543720526	-740.3553857065148	0.018947320280373547	0.9378332822004253	0.6040910286274264	37.244281930848736	-1052.591456228724	-1082.3246018975576	-348.4029920110196	-221.79300423475166	0.7263445690901672	1.3207077667683813	1.6023783860484473	2.2589211107856357	0.025036955294204535	0.7206156834929812	0.021961755211913063	5.029324401114969E-4	0.8687277468267314	-741.6585634175625	15	36.53217629571954	
1245000000	-3401.4764547141613	-2679.456944187743	-722.0195105264181	0.029829952203801885	0.893606953340282	0.6977724897378904	39.97464028349222	-1038.0786719588089	-1067.795091365976	-344.9431167004396	-228.6400641625187	0.574065759558843	1.5182314783531852	1.9805007343800392	2.7127909780372503	0.031155229191545272	0.9563834393918543	0.02598449380508676	0.0014949836441543862	1.179659203589849	-720.2246004298704	15	36.419606521015154	
1246000000	-3401.980106634162	-2676.7392164868675	-725.2408901472945	0.0027411465527622937	0.989496733251748	0.6929088590549104	37.69101521042943	-1048.1305829537703	-1052.5436625412444	-347.4840118382857	-228.5809591535671	0.6535548917332528	1.4110301319492906	1.9643939308609515	2.1954964905169216	0.030279671657430358	0.8549755209944605	0.02151867647513132	9.014606898180133E-4	1.0098162695210298	-724.621338321049	15	36.89997706003987	
1247000000	-3418.3044882230483	-2696.3393852413087	-721.9651029817397	0.0424995950892635	0.846179530584977	0.6557485439944728	37.18620676873694	-1035.101528143054	-1087.1516426486444	-347.70017281862204	-226.3860416309879	0.5695981280775724	1.6192717998566406	1.9521847454325414	1.937866063308375	0.027146063300293122	0.7407012786727407	0.021599464677706612	5.554724374568102E-4	0.8737867489447528	-721.951452105299	20	37.15035511361121	
1248000000	-3426.5090857462847	-2674.7328566347437	-751.7762291115408	0.03705216062149135	0.8575893211315518	0.6174984317109831	40.692083564571746	-1029.4030468869112	-1064.9863683148587	-345.2214630436565	-235.12197838931715	0.6094962426705495	1.417756029028614	1.8992005473846896	3.0861661700777456	0.02997667122941193	0.8867359905228293	0.021857315968331292	7.542231413716638E-4	1.0095827134046294	-751.239642875381	18	38.5867415243189	
1249000000	-3402.66198649519	-2682.3598524728586	-720.3021340223314	0.017581136572848818	0.9385795921558838	0.6753942238050922	40.12754276539553	-1036.6862671950626	-1063.7457104920315	-348.876252163588	-233.05162262217596	0.6663932016029477	1.3146007835550775	1.993232782349609	2.7689647484354167	0.029465126687977954	0.9754743231505707	0.025037913454032307	0.0014455442090600859	1.200948117236859	-719.1621836722317	18	37.66124706514862	
1250000000	-3373.5768200648254	-2680.3239892725355	-693.2528307922898	0.03939558856107254	0.859070047363739	0.6953171571049197	37.285486845106696	-1014.0798802158733	-1082.8917570499416	-345.14321089021377	-238.2091411165071	0.5881434925311948	1.4794346114909713	2.050769705278447	2.671515154250181	0.041158746846852584	0.9994966888708919	0.030312626281084113	0.002944796294602271	1.3595673911120087	-690.4538091126631	27	36.70618267096282	
1251000000	-3437.88139060731	-2700.3763910251682	-737.5049995821421	0.027136945915302545	0.9018366878921475	0.6383493905161307	37.06846275517615	-1040.9290560802672	-1078.9771593381322	-348.8883971686036	-231.58177843816512	0.6583458598359895	1.403632224463733	2.0161348195755293	2.080502708684338	0.02929210585506648	0.9130691663445083	0.023833584867016054	8.291181566846505E-4	1.0068534324387446	-737.2468746234687	15	36.71279656254735	
1252000000	-3433.6161996821793	-2675.607668485732	-758.0085311964472	0.009390648552818692	0.9663513297118022	0.6338114855338179	39.96839477672189	-1034.3639701423656	-1058.277141555979	-348.28491355705245	-234.68164323033537	0.6043151484168303	1.4789821918490493	2.191956997731525	2.1212477074075458	0.023304516732537747	0.7087839241450048	0.020227142510215117	4.419542080999405E-4	0.8575923327946375	-759.014683803263	16	36.903816780926995	
1253000000	-3462.3224748060475	-2701.069361107174	-761.2531136988739	0.0435725071963669	0.8603874952969564	0.5988616370804278	38.003346525358104	-1053.398017558168	-1071.2244328029526	-347.75679572858763	-228.69011501746553	0.617616756078427	1.3724792809685187	2.283217321172008	2.6673377937411185	0.029743582894840203	1.0968169367981853	0.022769861347515023	0.0012440998071325668	1.2916768729378372	-760.5042340961679	16	37.18257025006529	
1254000000	-3422.018891449491	-2692.396760340953	-729.6221311085382	0.05154525811928441	0.8408987315059054	0.6243152523206875	38.15673807149567	-1043.2248575322276	-1067.6351975735847	-354.3173380217299	-227.21936721341058	0.5727751981789437	1.467328788526461	2.3679923552634627	2.517325516149803	0.02497806399727231	0.664466359369197	0.02216300481108337	3.7802167083161484E-4	0.7674244153353786	-730.2462996224642	15	37.64466092730113	
1255000000	-3388.3159242029333	-2666.7907273370774	-721.5251968658561	0.05904283316712521	0.7917305027518894	0.7079214122405663	40.59506130308334	-1020.9518641707015	-1063.9189592922078	-351.86932309806275	-230.05058077610562	0.6193125141915867	1.4574112132111456	1.89377741317572	2.5522508384009757	0.02752906718609566	0.7791250958741641	0.022288174001284168	6.682241501372629E-4	0.943525276183181	-719.9075837961263	19	36.66170119247283	
1256000000	-3424.6392078616136	-2697.033112943786	-727.6060949178277	0.02554751918102576	0.9115643475869546	0.6534916825926583	38.20207612041961	-1031.3807280950468	-1079.7858651300296	-347.34274266527177	-238.5237770534381	0.5861221660689362	1.49595012966989	2.0776798683760926	2.5141879080020177	0.025610885338853702	0.7220899135589393	0.0220173616327265	4.0860020296159145E-4	0.7863500837593237	-728.0176630179701	16	37.19825817421139	
1257000000	-3390.3106927095096	-2679.1574931016853	-711.1531996078244	0.015240827175900471	0.9528589496881045	0.6168093501994333	38.64354562899685	-1030.8461399564092	-1064.5437326080319	-353.44443305580353	-230.32318748144064	0.6070582988377756	1.4937766490557483	1.9280761538209212	2.397769211392923	0.0261516957198791	0.8153256295241991	0.025172234593150884	6.574249652486978E-4	0.919035247266414	-711.8203316141131	20	38.31601676426896	
1258000000	-3419.158024308059	-2714.6100688133292	-704.5479554947296	0.01825010285654099	0.9414246280138232	0.6519187823163031	38.50217030399157	-1044.2589827380718	-1094.1480326842634	-346.6353190803087	-229.56773431068518	0.6655867289728017	1.4646674636542776	1.9804956641064613	1.4559775644409894	0.02659857400749657	0.8259763523427625	0.022621550644191593	9.353766787161117E-4	1.058019513756347	-704.6521651226392	20	36.5385495748918	
1259000000	-3399.9405181337424	-2689.432887732967	-710.5076304007755	0.017559943726241613	0.9405515638481199	0.689038495915574	37.06489388706184	-1030.0034257642608	-1093.1068090908743	-337.87104434511457	-228.45160853271787	0.6316301304047102	1.3657844283703302	2.1042348248476332	2.7745567234932222	0.025774271765222182	0.7071733795752684	0.024772760386344062	5.421119755376597E-4	0.8364891313901838	-710.6785719587992	20	36.5689907041582	
1260000000	-3408.4308139608747	-2696.387764906557	-712.0430490543177	0.019648191293160124	0.9347811719114456	0.6418877658145995	39.30229490492591	-1019.662073689383	-1095.3036965957706	-352.9328397027454	-228.4891549186581	0.6535728243743152	1.3328080199454557	2.249216543371077	2.4007152064785755	0.028465354508712834	0.8739095841070208	0.022242157852525042	8.650436663992178E-4	1.0305246684281666	-711.8445184491088	18	36.57531626998262	
1261000000	-3414.1859562346995	-2698.7978096970023	-715.3881465376971	0.004007165862454263	0.9850366273849483	0.6559454491292519	37.75080080129337	-1046.3645860730703	-1068.467734109583	-348.51278360414983	-235.45270591019923	0.7055287964041714	1.3600283150350232	1.4636703824901511	2.543274863646828	0.02843499830918778	0.8522244888723599	0.023352609809354868	8.063211782882849E-4	1.0073886453598981	-715.4868703086701	20	37.193141120223025	
1262000000	-3382.086853759301	-2685.7862974136	-696.300556345701	0.0523857185262354	0.8318607589433984	0.6448328481703519	37.15930518901103	-1025.7685486895896	-1082.0427228410488	-351.09771782137426	-226.87730806158723	0.632608001895607	1.4264598519186138	1.795344779274153	2.7504559329852367	0.028159181031736757	1.006914545821517	0.025070842542169746	0.0015551224596427747	1.255245229767551	-695.3572139517375	18	36.16760851312763	
1263000000	-3390.436113962233	-2662.9628288431945	-727.4732851190385	0.019898487644357487	0.9279961933928079	0.6819296888109885	38.13598010343704	-1020.8038245106142	-1063.2972910747853	-355.97674494476803	-222.88496831302683	0.6390307342507469	1.3826334861665333	2.151771964032618	2.399113736679068	0.03154978544906241	1.148040464158778	0.02144121825646294	0.0015108469679149773	1.3550769807196288	-725.6633896863173	18	37.14696386983863	
1264000000	-3392.946825469976	-2699.5597193696085	-693.3871061003674	0.065973065091848	0.8243818121282868	0.6621215018789594	38.294946968648425	-1039.242413207029	-1077.5263926424357	-360.2030575493139	-222.58785597082993	0.6040830336498805	1.443369531974614	2.172968377603221	2.4794019120742132	0.030491607022323657	0.806589963892679	0.024787578240165836	9.234706065007496E-4	0.9654804690852613	-692.2988052441927	19	36.94739726995992	
1265000000	-3356.90640835081	-2673.4588939588093	-683.447514392001	0.033678054848885385	0.8900775966883119	0.7023688274056742	37.106701768857384	-1018.187404555731	-1079.8073358658573	-347.5690327299363	-227.895120807285	0.5787280077153483	1.4488325359016945	2.27776059726525	2.7285939850780077	0.03253554428974199	0.7155796922726623	0.02430487190002158	8.455303421571153E-4	0.8942801657505454	-682.4432881283107	20	36.357576001206795	
1266000000	-3444.686222744372	-2696.3928855145177	-748.2933372298543	0.04503828989057397	0.8347688169977924	0.6386450556600559	37.37323126473864	-1025.7703655211333	-1067.988840918921	-363.14083069401875	-239.49284838044457	0.5864350956766657	1.574380348450738	1.8227579446572437	2.248483642935666	0.028920836574409817	0.930155784138384	0.02150767416355715	0.0010356671341082326	1.1433773206738231	-747.6722810532967	18	36.934018297607594	
1267000000	-3389.404010112381	-2679.1086425042026	-710.2953676081784	0.03692200814185979	0.8755221743377162	0.6568758295123054	37.26841251711496	-1035.7815803184153	-1059.401126608866	-357.8737120132583	-226.05222356366323	0.5708066806692783	1.4974254674416223	2.5279480289072054	2.003934809720661	0.02853147384201204	1.0486796014826052	0.024194483514834348	0.0013755257369285519	1.2558986906452927	-709.2646922702108	22	36.79916874870591	
1268000000	-3451.6429260990844	-2712.637542146357	-739.0053839527271	0.0308032472431542	0.8946586521485655	0.645556104761018	41.805218811761826	-1037.9013303232284	-1080.4268293096313	-364.5574560881769	-229.75192642532036	0.5925028208564944	1.4248829467187494	2.2309070634429067	2.764412522231965	0.025392628620385292	0.6898810951054782	0.02349780257725956	4.766128601791014E-4	0.8069436960172912	-739.1902726254958	14	38.546360571026824	
1269000000	-3420.567565183389	-2676.889715537471	-743.6778496459176	0.0396086288552929	0.8920232013869044	0.5812781730997513	37.85904098476602	-1030.5550132799874	-1073.8233499521855	-351.3944396293215	-221.11691267597695	0.6234134944498009	1.4452143538942779	1.8515012206378376	2.6580872842882646	0.02565098754395399	0.8840225483100334	0.021497531827484814	7.816507461027937E-4	1.0348794731897626	-744.2700146772389	17	36.281741768265256	
1270000000	-3454.311699412367	-2705.4109867753637	-748.9007126370034	0.05046042067819343	0.8255194356619354	0.6480139044335865	37.500831125115795	-1040.3421404043206	-1077.6259519709015	-355.5543787819493	-231.8885156181924	0.6207315982254592	1.4827889465990585	2.0497215292527997	2.023986438131552	0.026225137207627248	0.8412406179875361	0.021468858096114957	6.131334400455369E-4	0.9511902047974724	-748.5967838411805	16	37.34406075680747	
1271000000	-3466.3951499423274	-2698.979913231872	-767.4152367104555	0.039246428491978624	0.8589546713623264	0.6603854023697295	42.73353303547528	-1062.9968042089363	-1065.8668080587533	-348.70605222923757	-221.41024873494476	0.6443327200717938	1.3460844072122715	1.9469524553318547	2.9857518568939665	0.027562999605285073	0.9092310157013672	0.025141199680746167	7.902071622181317E-4	1.049166969942567	-766.2447362065144	14	38.16256618873578	
1272000000	-3427.8421056686593	-2676.682092686107	-751.1600129825523	0.05534096217738554	0.8167846506724699	0.6463754949332251	37.63601292498376	-1032.8847578684736	-1074.526827026406	-340.03510657081864	-229.23540122040868	0.6361038428192443	1.4783740648190828	1.9309108260830352	1.9795664574165526	0.02556188666250753	0.8730878356512601	0.022035082291924447	7.259364427757507E-4	1.0254568257095649	-750.7505039102717	16	36.408079232450795	
1273000000	-3436.3870378671418	-2706.153068020993	-730.2339698461489	0.03600377092739539	0.882137748308211	0.6648319720809771	39.12633352345408	-1042.7865791846573	-1080.6898732114294	-353.0609800829141	-229.6156355419921	0.5826392599879551	1.5472074850262096	2.0814651646439746	2.1124226568652498	0.02546420114540485	0.8961964305461972	0.021373786775519103	7.437158631319222E-4	1.0506365917489133	-729.6786596081408	16	38.13265911094216	
1274000000	-3412.4752579708443	-2683.962462089934	-728.5127958809104	0.004038492748802771	0.9857663890786841	0.6096387125788968	38.82632322950913	-1031.6570507978413	-1065.3265953779298	-352.28413891950174	-234.69467699466085	0.5488242064334649	1.4072261934862504	2.38381874235323	3.4856215372690054	0.028641851688780227	0.9719116661777417	0.02241040550796329	0.0011862973700811565	1.2428841344724426	-728.6978842867384	18	37.84152588356035	
1275000000	-3415.1007530622155	-2687.4906803001295	-727.610072762086	0.03898859769401605	0.8732129626472215	0.6656037961057404	37.883783737930955	-1033.2227665211012	-1081.7349209183492	-347.95169341341375	-224.58129944726545	0.624469897903463	1.3908264042834837	2.124220192057046	2.650248965182308	0.02727861672072522	0.8229271052628189	0.022825835853885333	7.422921729058168E-4	0.9723480818497032	-727.1851041225092	18	36.84829954272703	
1276000000	-3420.457380949587	-2708.0601929309632	-712.3971880186236	0.06439678747834653	0.7890452514334787	0.7218781860003117	37.660358189217376	-1043.8593127631163	-1082.0785085373907	-347.554557621994	-234.56781400846228	0.6764075434347147	1.3730335290413083	1.865484246818156	2.2763574814361958	0.026268782487544363	0.6962109847385103	0.021810099195723676	5.954654026941912E-4	0.9248432460034552	-711.1497358837248	21	37.16974674858901	
1277000000	-3408.6594351084686	-2681.086993137157	-727.5724419713116	0.03137228184796979	0.9038303212242556	0.6471539514825881	39.03765718999032	-1026.566663366932	-1078.1259964278227	-344.7436146629068	-231.65071867949518	0.6385891316128106	1.4316879422647306	1.8903030343642677	2.423584708835886	0.027834241504671432	0.8722308515314194	0.02320168445868348	8.339823737866059E-4	1.0462533812337027	-727.210743871081	17	36.53742851003234	
1278000000	-3440.225222105002	-2692.058084788407	-748.1671373165951	0.019103604000663545	0.9286386673950799	0.6256962142174578	38.80527826080427	-1036.5041757187885	-1085.5693821776117	-340.70483648136343	-229.27969041064313	0.59542610901056	1.4699971228490742	1.9778631794716854	2.7456692590815543	0.026844890997305387	0.8090333853112703	0.024318396060810505	5.67969851891669E-4	0.8653931907311916	-748.5882744312544	15	38.00802542279376	
1279000000	-3404.548380343239	-2663.717776623358	-740.8306037198807	0.03241774275488512	0.8818831497347949	0.6464905513738949	37.43496892463207	-1039.6874146333816	-1054.0026770198663	-347.38866509669504	-222.6390198734152	0.6171476874847888	1.488810211302767	1.8184339596884795	2.442642606608584	0.025330650139133565	0.883425330626546	0.020872904414415746	9.338822890964112E-4	1.2025545248334433	-740.8044428972704	18	37.075988165598936	
1280000000	-3431.986856028261	-2702.1248086462124	-729.8620473820489	0.04051819904454501	0.8719239421843625	0.6045108899922743	41.23036601764751	-1055.2539290805769	-1064.8371337866163	-347.14732420864107	-234.88642157037822	0.5831288128263312	1.5046562473187557	1.9271930829624349	2.7560584352459303	0.031844174994941125	1.115363481307581	0.02215097815659879	0.0015040914147946057	1.2732448787691926	-728.5024429515347	16	38.41229024167495	
1281000000	-3426.665398380074	-2693.477952109388	-733.1874462706861	0.07090576409854009	0.7788421152410405	0.6618119240065478	38.34571946037678	-1027.5921643462177	-1092.1584644147165	-351.09309523929153	-222.6342281091626	0.6542285483410923	1.3668517155283018	1.8925335030516721	2.7060585114233717	0.026252879797140645	0.8039179913335811	0.020672658087681536	5.940437834482126E-4	0.9312949358144321	-732.3957301218323	18	37.080176762643646	
1282000000	-3420.9986589640635	-2709.59748063387	-711.4011783301936	0.05421793040115085	0.8282738576961092	0.6722953567825548	39.29774086522267	-1040.0131939578498	-1085.386369175389	-354.9314059573039	-229.2665115433269	0.6288611323254514	1.4942490202402947	2.0486362571825794	1.768283853583549	0.027085056328344737	0.6122487668806381	0.023941358312794484	3.1948194923606376E-4	0.6687047363286187	-711.1865191862232	18	37.306025822057016	
1283000000	-3393.4510291963006	-2668.0742351697772	-725.3767940265236	0.03755197141500727	0.8660987631226285	0.6731500786747902	37.591686250668936	-1040.9103595770412	-1059.9308100548553	-343.6862417062318	-223.54682383164948	0.6234223837516675	1.401802016592985	2.223405374425474	2.397797154136217	0.02913446924246267	0.9183038462349896	0.023623410224087146	0.0017650152558864195	1.326872305135594	-724.4019979076286	19	36.53378818683345	
1284000000	-3430.3918232774377	-2689.58662827215	-740.8051950052879	0.060638201093147694	0.8048843091816996	0.6064408883000355	38.37191234996675	-1035.1893292570535	-1074.8100234746435	-351.7509903682163	-227.83628517223684	0.6396540070691785	1.4664366427837618	1.5865009230055063	2.6222674653714697	0.02799225816781613	0.808853138331206	0.02247910354616398	5.64779799328411E-4	0.9104936584818305	-740.7081447105069	18	36.02821625151746	
1285000000	-3400.035615354463	-2679.299177012669	-720.7364383417938	0.04610149836743174	0.8494645615448889	0.6938725635867086	38.89753162289122	-1030.3233403139172	-1075.9531250030034	-345.94609574208846	-227.07661595365997	0.5994908437889628	1.4909124068074737	1.8039593167624242	2.784533502407494	0.02779635280634816	0.738712810488755	0.022768261970115375	7.150353420798306E-4	0.9353690903813614	-719.8733053732298	19	36.471012544545175	
1286000000	-3404.635744340342	-2683.4067883944913	-721.2289559458509	0.013518490666055325	0.9559215399649715	0.6521121361935653	37.4740163206493	-1027.2355539007017	-1090.7171841353183	-339.7829835999481	-225.67106675852293	0.567160751206268	1.6124465816561213	1.9056860867870369	2.126975840297805	0.03263881007321295	0.7940671410206526	0.026964768465940658	9.802369043089897E-4	0.9224346646224897	-721.0216817985186	17	35.66704494563349	
1287000000	-3416.197233229544	-2684.9130414836113	-731.2841917459327	0.07664281375852466	0.7428068607628252	0.6905349573981687	38.81993602588643	-1051.6849397415438	-1050.6524309800957	-351.4772796249721	-231.09839113699928	0.699886593939347	1.2591946708948651	1.7039565512779469	3.137478712361504	0.027635332699422675	1.0401477336825118	0.020406659226826877	0.0011553589344035324	1.2798899286664487	-729.0191531473993	10	36.229290275901086	
1288000000	-3446.457630993466	-2697.628194376327	-748.8294366171389	0.009913583738281325	0.9655906936655729	0.6138409893223641	37.003333961892864	-1044.922311746218	-1079.179724687431	-344.4862847287671	-229.03987321391077	0.628545317511345	1.4906244147100527	1.6616549560858007	2.484123061743113	0.025483215444059775	0.875452107829736	0.020979496073400956	8.538129018897269E-4	1.1070261591881176	-749.6555566365078	18	36.85657176651153	
1289000000	-3392.458697374125	-2682.1132714043442	-710.3454259697812	0.033565126385534244	0.898132704273289	0.6486631497748349	37.538834923650434	-1035.6894508342698	-1066.370892600956	-351.1792432049743	-228.87368476414377	0.603418579674172	1.5135728050066468	1.9033296271398101	2.3320648936355197	0.026102992455852625	0.7588371716865469	0.021773793311926824	5.434565012143531E-4	0.8778507034562336	-710.6079231686107	22	36.74557306856677	
1290000000	-3370.1714432936255	-2671.9974621032025	-698.173981190423	0.03219659650510974	0.9055358011759032	0.6590568437576267	37.60056782647583	-1035.442234475475	-1059.2957231458913	-343.49086745520435	-233.76863702663178	0.6753484056259277	1.3492549712018698	1.8350421492105637	2.5637617911713404	0.027620962452623188	0.9092817848438624	0.022994537233859434	8.456007004009058E-4	1.059478614889256	-697.692122999571	16	37.017193086098125	
1291000000	-3402.841286064545	-2675.5705026465357	-727.270783418009	0.009070234974305676	0.9640009319271787	0.686148118449351	37.41466845816399	-1026.479265381123	-1074.234862385838	-347.2700764443989	-227.58629843517605	0.6225171622961345	1.3495538483851797	2.4829167197339017	2.431085021371832	0.02800213510486323	0.9457347721122374	0.023571991830235634	0.0015040119531801108	1.3068685164501666	-726.6181872583988	18	36.69907570604882	
1292000000	-3371.3791213820873	-2680.4759540191317	-690.9031673629555	0.015494665270069085	0.9558702184542811	0.6106436701268128	38.88028148550162	-1022.731108300874	-1076.2297295641656	-351.6959693017532	-229.8191468523388	0.6544803248682911	1.448637862494778	1.7605379911429915	2.196191580548563	0.028767488953150108	0.8186268798126254	0.02520218076728905	9.28232834488876E-4	1.0585562587816308	-691.3589178287916	19	36.63342613468045	
1293000000	-3399.866161164387	-2670.199342209965	-729.666818954422	0.02576530828142973	0.915067724214558	0.5842527872250963	37.71214443632306	-1033.3099891884235	-1074.641430687905	-348.6069811092891	-213.64094122434736	0.6655105127890188	1.3397262334078195	1.9069752837592513	2.710557409758895	0.030906421557421484	1.0703422779651055	0.02278213940474856	0.0015943501501752746	1.315794160788484	-729.3659233669194	16	36.06888778957107	
1294000000	-3364.953482856629	-2656.431198295669	-708.5222845609595	0.008467045839622635	0.971960328503499	0.6258233451746503	37.62451406595836	-1018.7670132756098	-1073.1511458593206	-339.6600049557024	-224.85303420503607	0.5972895804099101	1.5764738505698943	1.8006027905357427	2.062178433644436	0.034008951096163746	0.946895569059107	0.024472269830906085	0.001704556963656268	1.23603291501333	-708.1045820115907	19	36.08705788727391	
1295000000	-3389.2503990908476	-2664.741341223655	-724.5090578671925	0.0071014616950462045	0.9756005740550561	0.6522863828109776	37.06898001059224	-1015.6859892519707	-1080.2194440202918	-346.118005798681	-222.71790215271128	0.6122420768834375	1.5726546334343137	1.7554899738844971	1.8914013840073438	0.030007322300653057	0.8230710781875454	0.022704330743344284	0.0011008710574724153	1.0596101882171292	-724.6170444562349	15	36.2941460037274	
1296000000	-3372.2642783514575	-2665.5174929913146	-706.746785360143	0.02941894537225741	0.8981032450800138	0.6875699078669871	39.785038542879356	-1031.2369146427775	-1065.84100027604	-337.8912966285813	-230.54828144391627	0.6451735377111927	1.4446836455873013	1.8113010767518312	2.3197730888853325	0.03423579268801186	0.9541570436792163	0.026260334323168273	0.001498928660471697	1.182801658440464	-704.8412874794718	18	37.74151310026034	
1297000000	-3392.9424544780113	-2701.5073718838316	-691.4350825941798	0.020585481352324065	0.9325168026663495	0.6807210008824768	37.71012509665151	-1039.96045904521	-1080.254692559735	-349.64283237047283	-231.6493879084138	0.6476054024914162	1.482299507733991	1.7322788660360684	2.0733137674934867	0.032127074525790784	0.9320762710721088	0.02652939258272079	0.0011214671248727978	1.0622339861471375	-690.2869942466817	18	36.432586826188924	
1298000000	-3383.4601302217325	-2684.8012339396064	-698.658896282126	0.03937959807584479	0.871193744617932	0.6506960993863874	37.35811970868073	-1042.6444958679476	-1072.9883959525257	-340.8945416137645	-228.27380050536817	0.5694094203799508	1.5459693590202206	1.9620243480877277	2.5839541724448423	0.03396602047838486	0.9542099416082012	0.025518218436018012	0.0012819774304194899	1.1103018333315682	-697.4139621123177	19	37.16860166160167	
1299000000	-3388.8766424031132	-2676.24964693788	-712.6269954652334	0.05250549788915777	0.834114379960486	0.6799882923257565	37.20302422369264	-1012.9435703107785	-1077.1986141605978	-358.17051201580057	-227.9369504507028	0.5940582093868523	1.4394592519331033	2.3498772714287894	2.3954755292508803	0.026991848833641842	0.9668095854572785	0.023815933091686923	0.0012584437155019103	1.219622491416537	-711.4121132350538	22	37.1195637398838	
1300000000	-3394.098917577742	-2700.931749055845	-693.1671685218972	0.054421996173846354	0.8393488042013618	0.6821312185513192	37.12582720413368	-1039.371112833781	-1091.157185211758	-340.99150232082883	-229.4119486894781	0.6183025801942862	1.4891966987662146	1.9085891790732137	2.259449624033899	0.02855846672294369	0.8740576398669062	0.025339643840821602	0.0010326327604838303	1.0720918307893323	-692.0475112764776	17	36.28746142233841	
1301000000	-3422.9894782203755	-2686.7550673182855	-736.2344109020901	0.029273459858248557	0.8776419391027028	0.6760139030861813	38.47199515224532	-1037.1219947370812	-1073.4307683227094	-356.16823625411905	-220.0340680043755	0.6292601485702832	1.5153069781946957	1.8441921497588942	1.9289581113337093	0.032162252173473294	0.9650897843694746	0.02660132806069211	0.001543265168088555	1.17540168286751	-734.7993644086145	19	36.5522967838989	
1302000000	-3391.4356206642806	-2683.5457541502306	-707.8898665140503	0.051605623281958515	0.8507093523482551	0.6544545632882443	40.82441509606993	-1019.9927186138459	-1083.8485684215345	-352.176129756742	-227.52833735810808	0.5933495992477682	1.4720454773593397	2.0837121504778384	2.5814520547215354	0.031957305150541	0.9192814708338124	0.0245733741414543	9.743302543818536E-4	0.9939530332191109	-706.3642996020592	20	37.65268215706115	
1303000000	-3423.2679199123286	-2687.1752783690395	-736.0926415432889	0.06008344965074163	0.8002970634796945	0.6420304058732984	37.99780388685337	-1029.91059314169	-1077.3911270623473	-349.276873730294	-230.59668443470807	0.6296503055236763	1.401284390939921	1.8890702795383518	2.8692116873981757	0.02747908338797278	0.7824551780892324	0.024249523316821283	8.223747904188733E-4	0.987636896525543	-735.7299454808887	17	36.97897100279406	
1304000000	-3441.753428906457	-2692.1906381458753	-749.5627907605816	0.04761359877031943	0.8465600643819611	0.6247860679262376	39.33457671166965	-1030.1312683176443	-1074.8403191533268	-354.00001333102443	-233.21903734387968	0.6646667528299837	1.3160196032605844	2.179373547842768	2.463251558159654	0.02732840149711278	0.9960221090127042	0.018946739659621868	9.376358793749582E-4	1.1137598568596674	-748.8450716737186	18	38.45041797481415	
1305000000	-3423.824606556274	-2702.4286521574168	-721.395954398857	0.06161409045093796	0.8245939882698621	0.6189513160969063	39.354859663993395	-1018.9461631107922	-1095.2673818792646	-344.43051499785156	-243.78459216950807	0.6386139957435497	1.4019401333040733	1.8526605939499987	2.7567168417228887	0.031526300235420225	0.9079070372054261	0.0259829827600413	0.0014178437144498409	1.1622297067433713	-720.3995591282187	15	37.109846327909274	
1306000000	-3409.3233090671656	-2690.682421461226	-718.6408876059395	0.021919065732120775	0.9173370550406338	0.6398072087621187	37.96433834425248	-1039.6877128261847	-1066.779222571163	-346.70452221390224	-237.51096384997598	0.5640303082759202	1.493908014888031	1.8947736319334583	3.272398152881179	0.026445451114116343	0.8512197913058002	0.022959311159102835	7.007671950079172E-4	0.9885824620374043	-718.8237444524669	16	36.48185834674522	
1307000000	-3379.753528075126	-2662.6706863101626	-717.0828417649633	0.025567470135081736	0.9164005348271897	0.609487470405335	38.190032089236745	-1032.347268240127	-1060.4797400181567	-340.32594161458326	-229.51773643729538	0.6764400893250091	1.4144447537662452	1.890122499351519	1.8599211450629685	0.03354324777252747	1.069987837581213	0.023732751756824762	0.0021836595709225585	1.318144179697584	-716.1903760524021	17	36.6173910763008	
1308000000	-3424.1373802014136	-2685.3549836404286	-738.7823965609851	0.016081783116070825	0.9451130769536059	0.6351230448833739	39.41379766914752	-1029.1581384008125	-1072.5624130117094	-349.96950663780217	-233.66492559010487	0.6034513926016578	1.5139621749230734	1.7087991432496463	2.6683654655734386	0.0289273443855408	0.9096821405624633	0.024512325636176318	0.001043885821395881	1.0964507281500526	-738.5608338511562	16	37.74593962476151	
1309000000	-3376.0736750830674	-2673.2094449875945	-702.864230095473	0.015185167048819203	0.948982157029356	0.6685022655521965	39.759203753915	-1025.89454181676	-1079.2862334305516	-344.15389071172723	-223.87477902855582	0.681982158097747	1.3455483771053824	2.1005251224287163	2.006484637943553	0.028593934073908277	0.8866222028665481	0.024916832540317072	0.0012422242152354734	1.1816631219740867	-702.2689665967397	20	37.129123717019596	
1310000000	-3402.0852848732166	-2677.1607593510025	-724.9245255222138	0.012279651427231125	0.9532410217325344	0.701200416560855	40.86356575223057	-1043.2553340836448	-1065.710544623164	-344.07350482212775	-224.12137582206628	0.5925082436781874	1.5783767736401138	1.8371930730187134	2.071864529570079	0.026823879776630314	0.8406451960718481	0.023024837311865217	9.420535024337697E-4	1.0684263253016244	-724.0594962627579	19	36.877587129917266	
1311000000	-3398.9485416145267	-2663.2702395482142	-735.6783020663125	0.031521180673914406	0.8927139409827641	0.6703272299904515	38.039073719339086	-1023.8154154130997	-1069.4114015826235	-338.09488924335744	-231.94853330913332	0.6153367349642612	1.4400760188941455	2.043254121373573	2.5222231532273884	0.03462062538401295	1.0321739136919683	0.027762697878523798	0.0015682308712661084	1.316491827217992	-733.903677061366	16	37.46831805416716	
1312000000	-3443.0190017677733	-2666.910694087058	-776.1083076807154	0.014392700000177647	0.9463749298424378	0.6189089108540509	37.71898887429939	-1030.6934944462478	-1071.4440187918437	-339.17706078536605	-225.59612006360015	0.6464570436114342	1.3815103291566904	2.018292588722861	2.501711178706938	0.023094919804048257	0.8789592245542542	0.01895246819920796	7.160017559610876E-4	1.0988813700051405	-776.9192609244863	11	37.696294452438856	
1313000000	-3440.365775202249	-2717.696337568664	-722.6694376335847	0.02634121199082659	0.9238856454922016	0.60573314544	37.291663945738655	-1045.7871224652702	-1076.982431954137	-361.34114285035724	-233.5856402988998	0.6344736608080177	1.3898386943234968	1.99599186790475	2.6934664269023245	0.027044873644283318	0.8324752351987603	0.021230034276584587	6.383334846840158E-4	0.9315150377013609	-723.2926645608591	18	36.654825420840545	
1314000000	-3433.8759945713937	-2685.4175075205717	-748.4584870508222	0.012332901293365235	0.9553454643947267	0.6480399319372603	39.90332515198034	-1035.0613337235357	-1075.016046430246	-350.8507939511838	-224.48933341560644	0.6468048345376175	1.4024069331445637	2.0449806955896093	2.2603295282018014	0.03111398233278284	0.9870724333529688	0.02264478345488282	0.0012399626199086635	1.2550419712242704	-747.6186346328615	17	37.70922750077523	
1315000000	-3405.2437702604243	-2673.87091797442	-731.3728522860042	0.03431502507607167	0.8759354354979201	0.6463676427253272	37.172786816902544	-1027.2902514256784	-1064.0361685753185	-345.064856406589	-237.479641566834	0.6353646551011279	1.3954566019577292	1.9878715089794536	2.640186994744415	0.023684715534068274	0.7672808339040402	0.02110406441174849	6.46870256941222E-4	1.014938260921094	-731.8582698258291	21	37.05547724587007	
1316000000	-3409.0854074006947	-2701.9061773654216	-707.1792300352731	0.02708796696362189	0.9047333145284301	0.6705324860131645	37.23715908804132	-1027.773354271831	-1084.6311209399105	-359.29009674388953	-230.21160540979037	0.6293421421814789	1.4799285544602356	1.9691532101381235	2.0271241906675783	0.02797564813876885	0.9665636082737703	0.02359280344313479	0.001020538304653973	1.1373105520720437	-706.4227475442214	17	36.798473073457984	
1317000000	-3430.5798696066026	-2699.8643420602143	-730.7155275463882	0.027798377688880414	0.8991092134078215	0.6685180486186159	37.85509074188032	-1039.429935030808	-1084.6499628746622	-348.2077056453377	-227.57673850940645	0.6259077447000438	1.442096757164352	1.9741535774597292	2.424113275664998	0.02524464988834249	0.8127712544278052	0.023739004541419327	9.392963792570897E-4	1.1150412193132813	-730.6474380277431	18	36.918394213120486	
1318000000	-3434.842949490006	-2688.6947792260576	-746.1481702639484	0.009541090342440267	0.9603283049314348	0.665844927083042	39.73499285180885	-1024.7713281529395	-1088.962343662731	-348.81393496704914	-226.14717244333826	0.5870162139587745	1.4367670099401868	2.354845735679977	2.544808807881149	0.02094012194690484	0.8485541945188277	0.02090899826053875	5.747673748948593E-4	1.0428692459558477	-746.4720050629429	20	37.11204719557683	
1319000000	-3425.0337817160525	-2674.067971176939	-750.9658105391137	0.01131071109418532	0.9601274864859962	0.6319785513032566	38.56446812717098	-1037.593361747179	-1075.4632835751975	-342.96435070461087	-218.04697514995183	0.5810371646773581	1.5461358949432689	1.8624880905684187	2.5357166581455655	0.023719997241761367	0.9663091827885678	0.0184665382165385	7.660428122390478E-4	1.2136308574312715	-751.2566857607596	21	38.03875908530212	
1320000000	-3392.7936376861094	-2673.8872676883248	-718.9063699977846	0.030651662684845826	0.9101062506859225	0.5847724196414658	37.75977168564639	-1019.2789767262342	-1070.5156397270007	-357.12314510828026	-226.96950612680934	0.6200752170885039	1.5190901368861653	1.6747305092027323	2.3659812522376957	0.02832980948276294	0.8107686478550823	0.023603267087475448	5.017834044009098E-4	0.853934196865555	-719.5875339001711	22	36.8915412176172	
1321000000	-3431.341796806628	-2693.5577011837736	-737.784095622854	0.06598342263372611	0.7718022781246439	0.6807507110517348	37.36957809917207	-1031.4696049228771	-1088.097480087485	-347.00680444120394	-226.98381173220753	0.6492928362657707	1.4468730612382543	1.8001868931891114	2.241251496724636	0.027455933998672823	0.7899727012796013	0.022825383858867097	7.259587982580011E-4	0.9414292905814656	-736.7988808693639	17	36.991289638968524	
1322000000	-3377.2017996334507	-2673.6806734121806	-703.5211262212702	0.04586189760977426	0.8654738952410617	0.6322968136130743	38.02909011601637	-1012.2601702009571	-1082.2746371716942	-356.3884631501046	-222.75740288942458	0.6233122258719945	1.4180065019059636	2.371247769309782	1.9953255949858135	0.032413724741333555	0.9519987288843099	0.02619438443793581	0.0015315067799376665	1.201083109844591	-702.5231596093719	21	37.141125359424194	
1323000000	-3411.2058666336275	-2683.682325743127	-727.5235408905004	0.02856819420766864	0.9105834387666908	0.625281173774228	37.276138283629074	-1014.3882123160311	-1089.7318368694105	-349.86308952056226	-229.69918703712324	0.6305104795453689	1.4869858566315093	1.6418023931756698	2.514273990896484	0.030055553671065972	0.8543966127332705	0.02357423090284068	8.809339813722006E-4	0.9958204338186077	-727.5097603599727	19	37.19540600838039	
1324000000	-3392.5875772614327	-2679.0652350301116	-713.522342231321	0.020146311165063907	0.9368803745253288	0.5998484727717129	37.36824389047506	-1033.112853549622	-1062.5942337462498	-356.38871459008334	-226.96943314415608	0.596759382400148	1.5307386840980626	1.7922276517915197	2.4985251868790344	0.024828366096118232	0.8545282635998029	0.021886942488426715	0.0010042201935724965	1.1601121271089545	-714.4337060619846	18	36.7245101522953	
1325000000	-3391.0254887542724	-2699.201868326854	-691.8236204274184	0.001221944114046674	0.9957790674316543	0.6749339007837378	37.33333416432247	-1035.616113082557	-1087.195891845808	-353.3801087071505	-223.00975469133783	0.6287786128632807	1.4647635478717396	2.0515522738332845	2.0301179455433673	0.028741519569275783	0.6404671722990376	0.024271667363882858	4.7470512944912423E-4	0.7873642724017423	-692.393831317054	19	36.36024696295893	
1326000000	-3418.9050310967714	-2692.8224976089728	-726.0825334877985	0.016603623738611885	0.9471654297787736	0.6370953704330903	38.294875641667915	-1024.7255209635587	-1091.8398715247524	-350.6352888458519	-225.62181627480993	0.6206815306844211	1.4082825743011955	2.4113459200537792	2.062652388190716	0.030214131421590833	1.0125741594871325	0.022043855874049414	0.0013126479887393145	1.280644539092587	-725.5009482737692	12	36.47693761374385	
1327000000	-3408.852425612575	-2671.244100276802	-737.6083253357732	0.04294011943140994	0.8639729951902066	0.6518158343767109	40.81609710590063	-1033.5848814560845	-1073.7256444618304	-335.9217739066802	-228.0118004522069	0.603078462998586	1.4750972739199624	1.9216690940807748	2.6527128231054125	0.027302113432301708	0.8170037980909995	0.024556860652798104	0.0010395288491876831	1.08715389850126	-737.0289942746617	19	36.98220971838273	
1328000000	-3416.9131450114483	-2689.7182621753905	-727.1948828360578	0.021404461073589256	0.9256024764183852	0.6686863230255756	38.830128684791546	-1037.9824692325963	-1068.93033630421	-355.26014705819796	-227.545309580386	0.6060089422633065	1.5223755575234879	1.9443551935274495	2.1318284906123415	0.031639173662786554	0.9065016110002728	0.028267349176550993	8.216625639817819E-4	0.9617944669333109	-726.2227035876084	13	36.70165160406487	
1329000000	-3411.3126114059746	-2689.581660195758	-721.7309512102164	0.033172633995770875	0.8858143078370029	0.6292803028910294	38.041949431660136	-1035.97344854533	-1081.8352449202944	-343.78294472568956	-227.99002200444426	0.6716471166326282	1.4817987587598849	1.5017298432927733	2.024488729378389	0.026513354309134228	0.8611927324433908	0.024645464433178593	9.156094557536394E-4	1.0799716767766399	-721.8213914852527	16	36.94737802472006	
1330000000	-3448.7489321035237	-2703.553352944154	-745.1955791593695	0.03438783218123119	0.8939468802705534	0.5689235226085757	37.49891221231457	-1036.1694914679945	-1088.6064218745669	-348.4534282097976	-230.32401139179495	0.5809840378484686	1.5733439423115783	1.9255072636312476	2.1815700887198206	0.023450546558776604	0.9866772489077952	0.020395886868118114	0.0010516159149990972	1.2321291036281183	-745.8967155372544	17	36.746405678611374	
1331000000	-3421.1023765023037	-2698.3201082038704	-722.7822682984336	0.05736843547155485	0.7990307639722166	0.6878948192660037	39.5333653850768	-1035.8838496144795	-1082.711700173048	-347.8836742072052	-231.84088420913747	0.6698460499225858	1.3955464668078827	1.757446316433538	2.387475796440832	0.028849092983849144	0.8129463948452145	0.02230025747142441	8.856827467202305E-4	1.0062228793641892	-721.4007767207605	14	36.0855233103457	
1332000000	-3382.257746596704	-2672.61488432478	-709.6428622719237	0.02225899117459474	0.9220307361502409	0.6673840329399655	37.31381268479454	-1033.2152207472118	-1074.510600714178	-347.68548597120395	-217.20357689218625	0.6513447471207187	1.4271697340046776	1.7279532149118462	2.506004072568103	0.029174472498446104	0.8665069639660291	0.02513348319314306	9.155420704311713E-4	0.9308770165806206	-709.2023147876666	16	37.11139371853205	
1333000000	-3400.2478213041195	-2685.068095819747	-715.1797254843724	0.011540209103088958	0.9589271507875349	0.6797887525440208	38.97827945536237	-1030.372709035285	-1069.588992426365	-357.2291111360868	-227.87728322201087	0.6149632357975063	1.4454430768253894	2.1238052312488844	2.3400516737328876	0.026071382154769562	0.8668523501051357	0.021836981770635908	9.933200788975348E-4	1.1095039375970068	-714.8559521699411	21	38.22229927591388	
1334000000	-3414.658749816267	-2695.185173549201	-719.4735762670663	0.07219139940748565	0.7543768064791008	0.7026772786744978	37.37573701204694	-1030.2456101335367	-1082.079742895397	-354.0850394860618	-228.77478103420532	0.6194645800767822	1.3822946510326746	2.254295980389956	2.5945031535642724	0.02912147908786379	0.7155096416027095	0.025292156674036274	5.834309918533469E-4	0.8457474295299715	-718.1100777133905	21	36.45161008435436	
1335000000	-3417.1807036410214	-2688.0998211801725	-729.0808824608489	0.028695780874277394	0.9058636592079667	0.6673602282922119	37.71186536641196	-1040.7804718328148	-1079.0181177830586	-342.76588313002	-225.5353484342789	0.5645927974106866	1.5776573132237501	1.7486467695375736	2.763689183492079	0.02931976121688127	0.8086577240579803	0.02401216973902854	8.495853434344055E-4	0.9879233737306798	-728.6669282667893	16	37.6382183872792	
1336000000	-3432.167924640553	-2696.89456506872	-735.273359571833	0.04952541207519247	0.8448509673666486	0.5605754519783427	37.37906049200402	-1046.791159356667	-1067.757241447755	-352.417459958586	-229.92870430571193	0.5969257231402805	1.5687483711351378	1.859888575076202	2.0348709137347427	0.03052493955191977	0.8396220481561424	0.024887788670339528	0.0012063798664225336	1.1261420767618215	-735.6112264649886	13	37.074525362573425	
1337000000	-3393.843021052244	-2704.9468437813634	-688.8961772708806	0.023470063977287656	0.9301577946608138	0.661459022314569	37.40023188683414	-1030.2703607306548	-1081.5475545068334	-358.99732607668545	-234.13160246718957	0.6098697404741694	1.557013989393858	1.8820321597761702	1.855792746837373	0.038469879131635853	1.0085105796321046	0.026071899250238048	0.0015589987122881228	1.0912771838837827	-687.1388072018788	22	36.323754926842554	
1338000000	-3369.786328422606	-2678.05294499133	-691.7333834312756	0.003573310886708012	0.9893821829949249	0.6409672864716163	39.103704582065696	-1029.472783027031	-1067.6797563885004	-353.43714892101644	-227.46325665478227	0.5602740607671973	1.476819405348618	2.238423614086424	2.896176872634012	0.03154485329030314	0.8729217638863459	0.024286742077792085	0.0011037252903600679	1.0504321900822196	-691.5319766444518	21	36.59424302574288	
1339000000	-3423.0234809414387	-2689.2303984098216	-733.7930825316172	0.05471417068480578	0.8549373658621331	0.5449137101485163	37.607173061562385	-1031.7543446379962	-1074.887537580791	-352.6351938628178	-229.95332232821707	0.6189436835713393	1.4188177713417414	2.1024857573688855	2.5413599946728915	0.027452982253381004	0.8479242088570349	0.02058514178386677	7.910054486599145E-4	1.0677291559941238	-734.4727098352537	16	37.459852345841476	
1340000000	-3415.6976851184145	-2687.448124849166	-728.2495602692484	0.024288589322075997	0.9106517544523585	0.6568508444048193	37.62944296948766	-1044.8585744242973	-1074.8098040673567	-343.48827516813634	-224.29147118937587	0.6620797164759669	1.3652144930418388	1.9698755954169371	2.436272657600034	0.032045488450524504	0.9577476950240966	0.02483094767043565	0.0015348189989605593	1.2512769543928761	-727.3167530640789	12	36.29597069702896	
1341000000	-3407.5874136771918	-2674.4994647948247	-733.0879488823671	0.02122779656717336	0.9261106477915513	0.6590217649632756	37.22533086778127	-1028.0379146912026	-1062.0628003648737	-349.77305767427754	-234.62569206447102	0.577834020855375	1.5956690129691151	1.731613332956452	2.3798091543516757	0.02721250200321798	0.9859037527994966	0.02455248974401215	9.306938610838636E-4	1.1041199922258822	-732.6119214756377	13	37.09083814791995	
1342000000	-3442.134451811259	-2690.322526250097	-751.8119255611624	0.07648445571215236	0.77165402193395	0.6263824615182603	38.46805780381318	-1026.1220262313764	-1079.8171637249256	-350.50168771148583	-233.88164858230923	0.664743541089621	1.335310434856024	2.0279995510100592	2.5530795913249777	0.022698784455933974	0.8599585022722688	0.01815627487396219	5.124831513844255E-4	0.966775830295108	-751.5326881580185	17	37.88806072522103	
1343000000	-3407.94307298045	-2684.2422515385956	-723.7008214418545	0.08292728063316394	0.7393752939956054	0.6330536374937609	38.80385481687181	-1031.8334234935899	-1074.9451200149767	-346.27622342547045	-231.18748460455862	0.6673846914630575	1.3150328494500005	2.0173826980595506	2.7039754955472675	0.03174960279242563	0.9589274047989191	0.02115495675112949	9.750683858790777E-4	1.0536228650487194	-722.0179989673353	20	36.99684587553779	
1344000000	-3412.2950868792877	-2671.3443631600135	-740.9507237192742	0.006111397638424016	0.9766852165713874	0.6593726886758451	39.57408925989215	-1039.6390256811756	-1051.750341906915	-348.29275420092813	-231.66224137099425	0.6590468827016794	1.4223603242264593	1.9606956634932602	1.9956488995163495	0.027347771606107737	0.7870337582499795	0.020156416559364246	7.372656009269132E-4	1.0152891358126728	-741.0887035088584	19	37.19441603569111	
1345000000	-3401.01773329564	-2682.573728385556	-718.4440049100841	0.02206908470407102	0.9228982402366323	0.6862172754175383	37.07858060744452	-1032.2153629106017	-1075.9883773214037	-344.26016376403686	-230.10982438951362	0.6287797426795787	1.4335632919259702	2.0697919556842255	2.2789793393064652	0.03272767115618592	0.886509450774388	0.024640083052036778	0.001088421815543468	1.0974497104455359	-717.3275039038353	16	36.74511666473984	
1346000000	-3429.7490503759323	-2673.452944697542	-756.2961056783902	0.043546481182720996	0.8511491857311194	0.6383049735472894	37.30177261942069	-1047.3444765010925	-1051.1329755953848	-341.2950046603867	-233.6804879406775	0.6333043453077924	1.4102214985218464	2.257250029650949	2.0750364005657698	0.02740359562695091	1.0147582879866095	0.021195483854532602	0.0011049200851197007	1.1833402318368607	-755.6106893099362	14	35.969704354231155	
1347000000	-3398.7556658779663	-2675.2126634333713	-723.5430024445949	0.03055789488024254	0.9059086701025033	0.6365410819074333	38.520091487644365	-1041.4232864818046	-1059.778988773754	-346.9231062962906	-227.08728188152202	0.675264060934059	1.3389092717288074	2.0959144191519723	2.201949163177234	0.028716955720829662	0.9930982099852234	0.02716770789911339	0.0014715082518412643	1.2951704371352992	-722.9261875446444	17	37.29972257026259	
1348000000	-3401.1297127406815	-2687.5476407354154	-713.5820720052662	0.041589822273163664	0.869990918965547	0.6792622229122098	37.13101762437353	-1036.6368543358271	-1073.9397076313471	-341.74007750097155	-235.23100126726948	0.6108327003097372	1.5359264526422374	1.7046436809351118	2.3377141786979543	0.03128526910579764	0.9258804272272165	0.02628597932912243	0.0013219737378570488	1.0670675396966716	-712.2771247094464	15	36.649966215855315	
1349000000	-3397.947219819928	-2683.8026613050793	-714.1445585148485	0.03278199040241263	0.9058043129169796	0.5906695258317696	38.80314352610276	-1023.2037989148603	-1083.2169262547523	-345.8178352527542	-231.56410088271252	0.6540960455828712	1.4083280841483776	1.829556036704091	2.44549931235741	0.02259216909992499	0.6787917170674674	0.02073617104604659	4.5193711739863283E-4	0.8854297848679438	-715.568076931876	16	36.79803136023606	
1350000000	-3377.744176374101	-2666.76643673556	-710.9777396385407	0.011560805113252247	0.9624880479150639	0.5990151218374296	37.90528564123913	-1031.0180508058545	-1078.3362260627646	-339.0557350939334	-218.35642477300757	0.6602749736078307	1.4306324782647741	1.6604180447467476	2.423351618760889	0.02898698408205434	0.8801563506906646	0.024179496911683522	0.0013459980110105546	1.1581320352484699	-711.5098354781247	16	36.763686704147815	
1351000000	-3391.7446696650277	-2700.038085288978	-691.7065843760495	0.002359377300175642	0.9917503109003634	0.685020761996645	37.18846351049683	-1049.6737163869122	-1070.1045342146588	-351.04767033585244	-229.21216435155443	0.6308437008122804	1.4229206749394607	1.812026795867551	2.7866367173427524	0.03633106804649131	1.0002453098446016	0.027853026149986176	0.0020369479871785072	1.1731936935245038	-690.2042471748068	12	36.857879119702005	
1352000000	-3450.8582584418136	-2695.5154056671176	-755.3428527746961	0.031208664766075735	0.8864707060603583	0.6025888462422632	38.917976774655706	-1019.1693453516301	-1086.416437724694	-360.5659081804485	-229.36371441034507	0.6205164695649998	1.563177196714917	1.742552277991798	1.8421258213445078	0.027212088671222313	0.8717892158279171	0.022284327005583644	7.349166626944081E-4	1.0093345951391834	-755.5889972257878	14	37.700851960166126	
1353000000	-3413.33677900152	-2678.9034822113704	-734.4332967901496	0.060178561073315096	0.8257547710645452	0.6110869603365368	37.55529439083738	-1052.2453123557223	-1060.2348927229507	-347.711585288721	-218.7116918439767	0.6298643152989114	1.536877143706337	1.7604758676444248	1.8698509475853247	0.03254312891369731	0.881549993437422	0.02493203021902836	0.0012984051144229803	1.0825432578095984	-733.716660432828	15	37.06621439781894	
1354000000	-3342.722067086505	-2661.8219898464195	-680.9000772400854	0.02977823539895096	0.9183125915045881	0.6528498077710142	38.5025058848672	-1025.796962346945	-1066.6216096635446	-347.9074280273441	-221.49598980858573	0.6517335033289174	1.3991449806038188	1.812852612266947	2.602266539848468	0.03134038490621587	1.0437438129888856	0.01978849134323246	0.002102922884643704	1.3993262520375573	-679.6756284609378	19	36.52495279305862	
1355000000	-3405.7390785780162	-2700.640962341492	-705.0981162365244	0.014349246954900188	0.9476431442777047	0.6988286369518663	38.83141180011801	-1031.9852472978741	-1101.9851127455145	-346.4931093946539	-220.17749290344938	0.6025843614246048	1.5261497477868817	2.134209507646193	1.8306827644691557	0.03401710444845103	0.974929897913063	0.024314115443034016	0.0017658681509154176	1.3238243456636667	-703.3170252968214	17	36.47612576811041	
1356000000	-3415.0464575212163	-2688.6056911476326	-726.4407663735835	0.009422727221707223	0.9642653728536467	0.6227961357134151	37.09487632868371	-1041.0883363843107	-1071.7712777116733	-348.86672967322494	-226.87934737842335	0.6417602972469347	1.4414062399229766	1.9698829833251874	2.1366029721818647	0.03163301731548797	1.003472372794177	0.02696933106959231	0.0020521737847746697	1.3275417031166281	-726.1611327848458	18	36.7161172174263	
1357000000	-3398.976973997016	-2685.414233248586	-713.5627407484302	0.010897520656454834	0.9587996793527243	0.6607056060698985	38.037513714687925	-1054.9938763822258	-1056.1917650896278	-342.3294301227519	-231.89916165398006	0.5918091890534943	1.3596861706688557	2.550359511125662	2.8053207274934597	0.03056578249283669	1.0308065828679096	0.02048234811885124	0.001814095773868568	1.4259616783865339	-712.6829207597528	18	36.344073514941776	
1358000000	-3412.630279124678	-2684.548493274243	-728.0817858504353	0.04138607259855075	0.8569416943683331	0.6578995400608068	37.30250783683594	-1048.0781502244265	-1061.5263518994973	-345.76596552954663	-229.17802562077256	0.6676252577772581	1.344577548241715	1.8192887139341494	2.780166918671435	0.03057576605427111	0.9230266177334125	0.026680991566505552	0.0014773689247344875	1.2162375361710402	-727.139885400155	18	36.101688583010294	
1359000000	-3416.807576765517	-2679.953922127972	-736.8536546375449	0.03384283655544118	0.8790773728275135	0.6579334334040424	37.45976315418943	-1038.1435118077668	-1070.0164064500061	-345.4341146957024	-226.35988917449689	0.6045843250765595	1.5484661177002874	1.693219774904003	2.3635681581603634	0.030396685360713476	0.9505532835606526	0.024059587440676863	0.0016595315155608216	1.335599851249456	-735.9511044301381	11	36.62207259577228	
1360000000	-3418.5353462125886	-2691.787348199122	-726.7479980134667	0.01741930606461952	0.9507077917679787	0.5944468720678031	37.13731894981711	-1030.9221018301223	-1068.3681319441744	-357.8936199527616	-234.60349447206357	0.6294887858624676	1.5046082056169616	1.5769700737639987	2.488541588973046	0.026563550867667422	0.8661884996534369	0.020694159997382895	6.941953554664229E-4	1.0215305831094832	-727.5979030449026	17	37.10780609678592	
1361000000	-3402.0707722462016	-2689.147471164198	-712.9233010820034	0.029053361537541646	0.8952050172036299	0.6884586053686461	37.22588281599989	-1035.045712446613	-1081.7882838018363	-343.5711125330662	-228.74236238268256	0.6583703206386744	1.422834209319936	1.8224405958922758	2.2461849811738523	0.03250065112841074	0.9252847040255516	0.02422763105686702	0.001204633613415271	1.117506701367339	-711.5363784717906	17	37.19998762341315	
1362000000	-3404.23988114318	-2682.6869260333715	-721.5529551098083	0.014523287597597249	0.9501895944693542	0.6286425806237741	37.6856395669855	-1042.5233792670892	-1073.4135248074447	-347.5098800719444	-219.24014188689287	0.6630512730715272	1.3457706521944364	2.2773644564347966	2.0547021431297137	0.024916375627295793	0.7290525204166737	0.022702874305845718	5.27908897283059E-4	0.9073518512746921	-722.5705725315098	15	37.08884027294331	
1363000000	-3408.7913646546385	-2689.814344389194	-718.9770202654444	0.019232963501521882	0.9332376689321827	0.6342285684193272	37.11913594605388	-1031.9565275524376	-1083.2281585722358	-346.49734808192966	-228.13231018259094	0.6504205587368093	1.4389476018794969	1.585080990112811	2.667589234387268	0.0277147163337841	0.8075931546706867	0.02358052312504527	7.740828862975793E-4	0.9838920751014493	-719.390078135372	22	37.00036022881241	
1364000000	-3422.870075330596	-2681.0815358171617	-741.7885395134346	0.02044314057594923	0.9237284234748224	0.6013449030243895	40.98305274411517	-1039.9550404563197	-1074.1032356586825	-336.2786221414761	-230.74463756068332	0.6399935732286975	1.360579984971863	2.0564445813073715	2.7461242266196235	0.024973228203110067	0.8133404339959484	0.020642441875548673	6.271494140078275E-4	0.9607565698223036	-742.4088345720363	19	36.92595382186717	
1365000000	-3418.6951931585986	-2671.83403651981	-746.8611566387885	0.012282961240339823	0.9552313992365389	0.6443766230145849	39.98782974409616	-1026.8352747272443	-1074.680953547123	-343.3248775691465	-226.99293067629674	0.6152276923657457	1.4513918535783805	1.7607292046006497	2.916871054793794	0.025229615902703624	0.9187279633217215	0.020204231594915193	5.607126059808921E-4	0.9427521547239385	-746.8403722472169	18	39.41610173680031	
1366000000	-3409.660224660828	-2674.9717048607217	-734.6885198001065	0.05234597178404109	0.824779627066183	0.620528144212208	37.943885071469396	-1039.2253231246395	-1070.792697205981	-329.2389704114743	-235.71471411862635	0.6022988326572151	1.4706255937600445	2.1409865935864443	2.3239652968957625	0.028797441840564403	1.0405480492788282	0.022560253512464774	0.0017125705836777483	1.4136459456217902	-733.8006860998682	19	37.08389334889656	
1367000000	-3389.9806098980594	-2684.369163395866	-705.6114465021933	0.06585914249014935	0.8122221766561591	0.6682695303232514	38.61336314339869	-1046.4160690498804	-1062.8468082831175	-344.7956947088777	-230.3105913539904	0.6518835443232279	1.4168289827403122	1.8769304619690708	2.3281235047495477	0.029697222686271573	0.8685352386686163	0.025624290768971075	0.001206300465431912	1.0725053265479165	-704.2704619337668	17	36.96915147824217	
1368000000	-3404.055566834324	-2678.618085131631	-725.4374817026934	0.04839148491468073	0.8493372954041561	0.6392670073410059	37.48693179061493	-1041.4316779074336	-1063.3146385471741	-348.48286675203786	-225.38890192498513	0.6866801120623877	1.4118370976886763	1.837562381751853	1.7808098235503933	0.03015067702015851	0.9162911340648365	0.026296778357047575	0.0010778688561884219	1.165134554029548	-724.6921411645675	19	37.17980258255735	
1369000000	-3404.829684701011	-2685.0304847432276	-719.7991999577833	0.0942257146443137	0.7276307999277432	0.6921580504441895	38.5217559553703	-1034.320767862394	-1068.7064100103155	-353.32806388600926	-228.67524298450925	0.6400368063891183	1.3789248360596602	2.0573327647689013	2.5786448157237913	0.028409172901405495	0.8195922211359625	0.023686589424468357	6.563599071327649E-4	0.896063146199189	-717.9016743033548	18	38.351381367281604	
1370000000	-3416.9932564485644	-2693.5489960019736	-723.444260446591	0.036785073377562476	0.8654823307212484	0.6933007907306084	38.157749472527115	-1030.727065284297	-1079.8712337523714	-351.3511808260739	-231.59951613923155	0.639746712901657	1.3813925090855228	1.9403688833826411	2.7666343271787603	0.030268036785364084	0.8551094025197806	0.024524305341909722	9.468495454345102E-4	1.0279507187525536	-722.1930615427834	20	36.49514561259472	
1371000000	-3405.6119231230277	-2680.988336146997	-724.6235869760309	0.0702161561283257	0.8065208463945077	0.6565242698787814	39.3678812593941	-1036.3493723596043	-1071.8575132813742	-344.96353094427565	-227.81791956174249	0.6232721489135372	1.5096945518297595	1.873893971120921	2.041263754712894	0.027524853342346788	0.9780439583365212	0.023745480291717594	9.079834818303599E-4	1.1150431147844393	-723.1786296524839	18	36.54919417646256	
1372000000	-3434.587663238606	-2685.998233352023	-748.5894298865834	0.01631172028637544	0.9427265056753594	0.6143545529177558	38.52455962306343	-1029.5595578391728	-1077.1984068427557	-346.7270885687089	-232.51318010138544	0.5843704057577924	1.484941807274856	2.1853398580923136	2.4581412734662558	0.02901484738182164	0.998329260731335	0.02509736062180815	0.0014523481218166854	1.3297499904226193	-748.4276020602749	19	36.238878480535405	
1373000000	-3435.154177264932	-2699.7029283887587	-735.4512488761735	0.02553983712048912	0.9038681738596815	0.6460542092838181	37.6913285109859	-1031.0844307625216	-1085.1193236721988	-357.5186849276475	-225.9804890263909	0.5915678439161103	1.489226979810549	2.23152640405155	2.20199694020827	0.03362877199774255	0.9255609047649047	0.02436361453862796	0.0011550847106273775	1.1486426701117542	-734.5754527490551	17	37.17761155806526	
1374000000	-3396.578579942879	-2680.0435168492395	-716.5350630936395	0.020762555891892038	0.9380238173305763	0.6628676884007574	37.92704510972433	-1043.3958912146732	-1045.1615785301692	-358.10159749760675	-233.3844496067904	0.6483775300794988	1.3627290937562238	1.804150168693985	3.009002289468525	0.03304021365176241	1.0063378566660708	0.025912877287608892	0.0016693160844491258	1.256387218776586	-715.310989273166	18	36.67544325098253	
1375000000	-3401.8205605825124	-2665.659542352347	-736.1610182301649	0.03491601718227242	0.8934149554783812	0.5981521767219161	38.84598256415842	-1020.1088732614064	-1071.5539497637249	-347.9722586873306	-226.02446063988526	0.6060415578812385	1.501948845875075	2.222737615998915	1.827879959382241	0.029174328734099083	0.9335181634489568	0.02217940336118953	8.964544018171787E-4	1.0639158636113029	-736.0413365539827	18	36.82713102437374	
1376000000	-3415.3297512887466	-2683.562705964526	-731.7670453242207	0.024494286053308795	0.9218676565626712	0.6124717107338636	37.95739900733106	-1044.6201136635957	-1075.0913705872326	-333.9758794864092	-229.87534222728843	0.7031932451615849	1.3159683735115826	1.827364163528111	2.347725694151004	0.028096748590320877	0.9266524760031369	0.020555812620352942	0.0010563023735670367	1.1401889089254174	-731.86834391865	16	37.533272451694785	
1377000000	-3384.2359657130078	-2678.4346559575806	-705.8013097554273	0.039591233864468126	0.8656863981743512	0.6715274697010074	37.49901855609584	-1024.7971546501583	-1076.9860738180998	-352.1217184628793	-224.52970902644307	0.5674127745037301	1.5087090211487169	2.230634384852803	2.487165920597858	0.03263072005985823	0.884823733354735	0.027764477857043602	0.0014491260986176401	1.1377334672110693	-704.5885079362637	15	36.50115570549685	
1378000000	-3393.102971441242	-2683.455688695237	-709.6472827460053	0.05201604157924694	0.8525444452908627	0.6579090638425469	37.93553826153741	-1034.7807408567814	-1074.012874299584	-347.05029456290305	-227.61177897596804	0.5977155633828645	1.3984420807398297	2.3165343242998144	2.7534905015420446	0.03296128728193472	0.9283895894161711	0.026495886800342976	0.0013460514256489376	1.1178451495675936	-708.2389309883638	14	36.35206803220683	
1379000000	-3418.5085231999387	-2677.0249680323395	-741.4835551675991	0.020077413292296408	0.925573117193643	0.6430766863769584	38.600704712567484	-1023.2892067898914	-1079.2458115502563	-339.7241172331932	-234.76583245899815	0.6408546096150562	1.4410316469882427	1.7645988203649474	2.5164296587806994	0.02840089603638586	1.0617279236423192	0.021431315241058766	0.0012118657903283738	1.2305493603017095	-740.7511745908591	13	38.33110362639643	
1380000000	-3376.082338662998	-2672.9025553946785	-703.1797832683194	0.016445163307795507	0.9442210278599675	0.6350656808874129	37.09135625962111	-1027.3273052520697	-1073.241369232136	-339.4007808737318	-232.93310003674077	0.5957409511452788	1.535607653641753	2.0303049275382654	2.0574194222715745	0.03349849121715419	0.8738849438053174	0.027032450969374795	0.001167397515606866	0.99981641083642	-702.8476912203544	19	36.89245786365764	
1381000000	-3409.898464297606	-2696.950570310379	-712.9478939872271	0.030565524881572496	0.9082429151896468	0.6091868267524536	37.19900920206247	-1034.9317934672868	-1085.132878766133	-344.93109729029294	-231.9548007866665	0.6530734042876514	1.414183676716519	1.7486757692780976	2.5537696318489256	0.03653058186112347	1.1077554419406461	0.02506598155887468	0.0019506615447790997	1.3241699254730526	-711.6660880350723	19	36.94753733685888	
1382000000	-3401.336554439952	-2679.2137769242704	-722.1227775156816	0.01939290594047085	0.9376629134007887	0.5922347572977052	37.48491313344881	-1037.845752109748	-1062.583421329789	-352.33092858669517	-226.45367489803812	0.6116937897720898	1.3807006373907107	2.467055195981632	2.3841656648456917	0.027822081162029375	0.9252308236103227	0.01980589339520871	7.901171178834606E-4	1.054588451896592	-722.6170786602373	17	37.17307458370702	
1383000000	-3433.131893089641	-2714.1771516449976	-718.9547414446433	0.07092699565448446	0.7547508625801167	0.726093076132915	37.53145466956371	-1053.8428715337009	-1082.3436787463936	-349.91255654554203	-228.07804481936088	0.625385899704021	1.4771888786981098	1.7551936865243445	2.501379045922678	0.03350609715986155	0.8828613958330644	0.02757457704340323	0.0016447279242520704	1.1383751874596446	-716.2022694076978	13	36.73547185783905	
1384000000	-3406.4387192731965	-2685.1884744574354	-721.2502448157612	0.027548110658332403	0.8903462342735465	0.7068957555397517	37.16779065447195	-1025.9219313825567	-1082.4960077125882	-349.48491053387875	-227.28562482841158	0.6018195117991681	1.461800996638648	2.438564804383243	1.8917318983969433	0.03352002124793071	0.9112176625500713	0.02598391139675115	0.001411271888469633	1.088529077624103	-719.519339937829	20	36.69128500843619	
1385000000	-3408.4668376941627	-2682.998695308333	-725.4681423858294	0.02317472587581613	0.9215400515406486	0.6402493633248768	37.20449943977832	-1042.8631906042735	-1068.251862979799	-343.31977928686945	-228.56386243739098	0.6503111841762547	1.4179162703076011	1.886216474232896	2.331962237974822	0.031468912026697764	0.9602388910061632	0.026005465504351864	0.001445862462390088	1.1631237663671687	-724.8810845423467	22	37.130507021625796	
1386000000	-3395.7173634127003	-2668.2427032066425	-727.4746602060575	0.009755498082727573	0.9642045359177742	0.6199652291397567	38.60790923057306	-1034.4811451783032	-1059.2907834787447	-349.70076801023737	-224.7700065393569	0.6469020861214673	1.478587006223193	1.9806599211537836	1.6854224456639415	0.026497089681482667	0.9598198227006173	0.020487921474543175	0.001089674997903909	1.1695574299871567	-727.7051238164427	17	36.7401637328137	
1387000000	-3391.385149768376	-2673.2624702953453	-718.1226794730305	0.04072564115592519	0.8614797103105486	0.6920125592755987	40.316850321330826	-1035.7371412032696	-1068.3792427471608	-347.595613679026	-221.55047266588863	0.6164566613217053	1.364104861725042	2.129890247052352	3.03307174702032	0.02623505039004445	0.9104411023330874	0.02229849905871239	0.0014581655050941809	1.2774616118988606	-716.8286913095192	16	37.51026847371216	
1388000000	-3394.367595479673	-2671.5607360905874	-722.8068593890857	0.04169363750006635	0.8413776797902734	0.6811903145042838	37.8212942865134	-1034.6400771713222	-1073.0154381446903	-344.4748607703255	-219.43036000424954	0.6044918188097027	1.4187149898132951	2.379236895858154	2.332555966543858	0.029226336946189667	0.8699707118884051	0.02525473103738231	0.0011664422345990474	1.094899336364995	-721.7457860710828	19	37.58536502159657	
1389000000	-3402.9652431859713	-2680.246948819812	-722.7182943661592	0.05845067065635113	0.8231040516856569	0.6087925926381267	37.18333718705969	-1036.51656534296	-1064.4168287080379	-351.55595699658346	-227.75759777223072	0.7226220339880606	1.3263256032986566	1.7549739231397323	2.01204655904403	0.02575780459691964	0.7652918304113903	0.021805440286924323	5.226072770919925E-4	0.8666040782438525	-723.1178789054348	18	36.80735601460497	
1390000000	-3430.8600739019657	-2709.2185167972416	-721.641557104724	0.009982500834290317	0.9614329381594533	0.6818261699554747	38.270683543735146	-1049.3579758711353	-1081.6763878056329	-346.4872783137138	-231.6968748067594	0.6703378548244877	1.443988026263221	1.8526012465645405	1.7756363404774211	0.02603239410138333	0.7540363720172228	0.024263255563174158	6.133740952923006E-4	0.8476678486329794	-721.7457069736985	19	36.625503459185694	
1391000000	-3399.893271257202	-2681.6471006955894	-718.2461705616125	0.029899293447572573	0.9077586629101271	0.5974523458082959	39.02512536752922	-1033.1925829014303	-1076.620668696511	-348.5923601060895	-223.24148899155853	0.6183831915436114	1.4760239594285234	2.183757871909127	1.8949274499733408	0.030315495966831075	1.069636035025945	0.023653700850974298	0.001699131592909831	1.3066319986989063	-717.6652519274744	21	36.08126026298811	
1392000000	-3410.0080464534767	-2692.187085165337	-717.8209612881398	0.017467684957655178	0.9408441318875365	0.6613778108657337	37.10825043731401	-1037.0960060585287	-1079.6222232822026	-346.99952873847724	-228.46932708612857	0.6537167636693287	1.3766732162251822	2.1235450679775707	2.2231186752951393	0.026556830502802473	0.7854956437316353	0.024341934414558664	5.726558118653945E-4	0.9126274538013421	-718.0796486978273	19	36.834660187002015	
1393000000	-3431.0037772771348	-2685.3915208750295	-745.6122564021055	0.03856825573747518	0.8720936431875147	0.6515841499468812	37.090344285526335	-1041.536405994228	-1073.2870281434652	-342.4030950312382	-228.16499170609808	0.596117192122701	1.485346484893122	2.036473929624599	2.4918256087873263	0.026956216894816726	0.8487298762634445	0.024251761119087282	0.0010357367603229942	1.0732761595418685	-745.4199187077235	18	36.684663049207025	
1394000000	-3437.930701088515	-2704.4997421692833	-733.4309589192317	0.038075347719535864	0.8833695795020371	0.5917462776191152	37.451182145209316	-1046.4832586552486	-1076.6931675291532	-347.20408989697404	-234.1192260879077	0.5757467533065002	1.6052286663526087	1.8004976702775055	2.2128827670171427	0.029378897630697922	0.9219063306261508	0.026068041705614033	0.0014833735923320394	1.201382130061506	-733.4897899142709	12	37.13012773760833	
1395000000	-3385.611494990014	-2684.176050400046	-701.4354445899679	0.029511382175153193	0.9106747385106178	0.6699860518708727	37.34665837170015	-1024.2530679810616	-1073.467561595832	-358.68153062954207	-227.77389019361001	0.629062763547037	1.4304658406568072	1.916759512699413	2.569285779470823	0.03106343777634451	0.7844793853374135	0.026232941803502233	8.288513808059277E-4	0.9051388980538156	-700.9195261642731	17	36.79274884516478	
1396000000	-3436.254199133414	-2688.8717714524564	-747.3824276809579	0.10001405228542568	0.681177893806093	0.6700287121207951	37.61792763987447	-1041.0560723400902	-1072.139074246374	-356.26998102706585	-219.40664383892647	0.6098634507003994	1.431532079491251	2.1071357376729027	2.591318180343359	0.02552530434930567	0.7665451769255848	0.02149567741146277	5.398686085600312E-4	0.8946043055176508	-746.2200504517261	20	37.42390457904812	
1397000000	-3395.788664246092	-2672.2387733942146	-723.5498908518776	0.029364981595953837	0.8981268553341074	0.6663352548581812	39.28180252109828	-1030.3055218097654	-1068.9692573270515	-344.28543872506356	-228.6785555323339	0.6474017556766563	1.440416668925787	1.8407250330968454	2.26434781389172	0.029542275627162457	0.7556464342261435	0.02706205427392466	8.841920579506628E-4	0.9502513100769733	-723.1193284244655	15	37.020394641601754	
1398000000	-3372.1020083718304	-2669.1615303481794	-702.9404780236512	0.013062459122027017	0.9578310209273694	0.6344448953538121	37.57816832756624	-1031.444378202597	-1064.0221412606504	-342.27643940695583	-231.41857147797637	0.6534941848889878	1.4339682530335873	1.8367770568529944	2.213536360313955	0.029294669090852196	0.9837717836076557	0.02333474008988186	0.0018530507896528936	1.333108007232646	-702.7041307563777	18	37.18467243286726	
1399000000	-3372.1351127877338	-2684.8697354697883	-687.2653773179453	0.06342166276257681	0.8128549290702385	0.66186489334639	37.837965540494295	-1030.3576679781174	-1077.1059666533038	-349.3088414167909	-228.09725942157638	0.6061584623789972	1.4997361857378042	1.8933258038565577	2.422043386409607	0.0361926270416677	1.0262781908129581	0.026344475997031363	0.0019334263318617013	1.2706836664837355	-684.9814132409921	19	36.22819106789879	
1400000000	-3390.138101605752	-2676.9891024797093	-713.1489991260428	0.06157370090837414	0.792766556093644	0.6701978846966185	38.0843665610844	-1030.4129007549793	-1074.5956146567019	-341.53668401080694	-230.44390305722132	0.597872878568073	1.4218259901261305	2.3892706773837835	2.412757710649557	0.030342093909883447	0.9679895772184094	0.021928654818464156	8.980651039885799E-4	1.0736948199732013	-711.4917328366593	20	36.38893875451336	
1401000000	-3378.06801830742	-2671.851384723471	-706.2166335839491	0.0396109213972711	0.8674495500445497	0.6926333102959052	40.49978898471616	-1019.9386472920035	-1077.9981111223908	-350.64923991443834	-223.26538639463791	0.6960910013491555	1.3122583601106304	2.062939487197191	2.1038016307750507	0.028465193340565232	0.7942914100812691	0.023866457978595552	0.0011537088636662176	1.1273402858391164	-705.0699506455237	15	37.05962348836556	
1402000000	-3372.1748897203543	-2674.5150090645416	-697.6598806558128	0.07570842547153234	0.7911733474586268	0.6663156810261074	40.40733620946011	-1036.2080849525314	-1066.6414293271464	-345.8660378593189	-225.7994569255448	0.5773506476554817	1.3979658896368519	2.5556420859900544	2.7262710373313266	0.02759360100238476	0.8067336033013687	0.024669622863470155	0.0010789353582857126	1.1095946739223608	-696.407722224343	24	36.3387959510276	
1403000000	-3426.0223589573893	-2706.6332027442813	-719.3891562131079	0.0539003240152803	0.828518586185034	0.6571149043405332	41.73286557842081	-1044.1186535019351	-1064.2983149927143	-360.11351260511753	-238.10272164451436	0.5548464925565258	1.5426789313533436	2.082994043077913	2.678566683859339	0.0378184842514242	1.028040180929931	0.025554815400472834	0.001970946169429402	1.2093545344883263	-716.7398880208502	16	37.006158869608996	
1404000000	-3377.6036634965617	-2669.546190501469	-708.0574729950928	0.07512490301992249	0.7572518434921112	0.7084961785788088	37.61019615774019	-1039.5369195099113	-1048.2464505606729	-350.4932751590398	-231.2695452718451	0.6256195306415095	1.4740566988662611	1.7878550045210142	2.4679723701029888	0.03296490316483965	0.9929015088246699	0.02434545754474924	0.0014832212215785262	1.153663981305872	-705.2741516564391	22	37.46040523242859	
1405000000	-3397.771723034113	-2682.367571106073	-715.4041519280405	0.014714955204530129	0.9496253532386939	0.6539231089910135	38.26194563156426	-1018.5655825437436	-1080.6767482911855	-356.95298642480014	-226.17225384634355	0.6261764166400022	1.428667053199998	2.1099739653697682	2.302190165642657	0.02845133091249094	0.8767383580248623	0.02432868014966143	9.811626303469977E-4	1.0788204935197179	-715.223062691201	20	36.65130095861498	
1406000000	-3383.961037075081	-2686.474640146815	-697.4863969282661	0.03565662309644099	0.8916200020400384	0.6715300533515881	37.66864545356566	-1040.1894404133332	-1067.2546699941815	-349.5080881497387	-229.52244158956134	0.6843440615615175	1.3070001252209082	1.8339168427867156	2.7751072284659775	0.03813683360522543	1.175863016202929	0.028724898132228505	0.0029505006191791945	1.4933845529235865	-694.8790834586549	18	37.01623022383599	
1407000000	-3399.248191994232	-2694.708542648912	-704.5396493453198	0.04584219743559913	0.8629442227483926	0.636336293296574	37.29012654778062	-1042.908801121998	-1075.6794876332071	-343.0958687692276	-233.02438512447893	0.6545089157454708	1.4098761916573859	1.8265701738694111	2.428947071647824	0.03114019920652386	0.8535163323027918	0.024358672437686	7.222373782038633E-4	0.8780881594710152	-704.0001691860169	16	36.84981986221707	
1408000000	-3387.242501870047	-2675.710622721705	-711.5318791483421	0.03458126556065679	0.8990826830434481	0.6437364808904925	37.63540167670845	-1028.7798172963942	-1075.2356504543595	-345.12004136924537	-226.57511360170614	0.6345508147247253	1.404654253345416	2.095947818894724	2.383737557055438	0.02668537747351489	0.788601902785318	0.02361711725067751	5.880774583214667E-4	0.9130121199098767	-711.6883843703318	19	37.502886965513355	
1409000000	-3404.2614423320415	-2710.710823386522	-693.5506189455197	0.033409001681053124	0.893399849618131	0.6936918959311813	38.286722690027005	-1040.6695994272766	-1074.681908764667	-359.7567951315579	-235.60252006302053	0.6471337760949905	1.529766246136755	1.4953145381934525	2.0697615971255914	0.03325549836728936	0.8010388248527415	0.026319178877600585	8.18588994618302E-4	0.9268235254204584	-692.2261750758613	17	37.41440636145072	
1410000000	-3415.213582973439	-2683.2990438265347	-731.9145391469043	0.05030007146324681	0.824601987036056	0.6511514745362504	38.230757575886756	-1028.4203371898136	-1073.6423167374458	-350.95721566230407	-230.2791742369713	0.6579824183874101	1.354262607790246	1.7449772751528654	3.006260349009234	0.029406769360013463	0.9761026389017256	0.019553646799431057	0.0018518609601111105	1.4271382148071545	-730.7666851218253	22	36.198427636021385	
1411000000	-3407.144943917606	-2687.9742209974033	-719.1707229202026	0.0060616225650948355	0.9785629292372178	0.66261307590074	38.10479817077707	-1033.0548532243104	-1077.2520927970659	-350.3210306905854	-227.34624428544143	0.6637165629809758	1.4203757762070905	1.611194163432043	2.536413531491367	0.028829152559362622	0.9302514157338194	0.024195460852330288	8.676488234014647E-4	1.0061991627820364	-718.8222236059535	15	37.79066715386652	
1412000000	-3423.5445498770077	-2690.344778886931	-733.1997709900766	0.05945949848085848	0.8236971214188821	0.5924532826321012	38.08722939318023	-1047.4265157091954	-1060.7229490661884	-348.3384867395156	-233.8568273720314	0.6407497813124113	1.3802492602963208	2.180384917627463	2.3378372065489774	0.030336191727339888	0.8503032170653214	0.022883289568211597	8.489549658676733E-4	0.9786919144961794	-732.9663537026331	14	36.95922989809553	
1413000000	-3403.0877147087035	-2682.3198252133107	-720.7678894953929	0.03178054409494098	0.8947332267393756	0.620608561174729	38.05545481151992	-1029.196553559507	-1083.9254927039583	-344.25394576623813	-224.943833183607	0.6206433830652921	1.5003895083930479	1.8306010603919598	2.2507182905358225	0.02772074085664492	0.7843495089286873	0.025591714577705243	8.248868783016873E-4	0.9976959611069698	-721.1222384526981	19	36.886180291708584	
1414000000	-3385.2333099706957	-2683.8785368119734	-701.3547731587223	0.05817724505120718	0.826792208825629	0.6733143679915037	39.851625978344295	-1035.126294490045	-1071.9423130852704	-345.37212346867244	-231.43780576798545	0.7184438479616785	1.3133600183527199	1.9503135166979324	1.8662780693319716	0.0318481507015425	0.9977158078965759	0.023690123750946764	0.002093430218275302	1.3404235557630477	-699.3120685960299	19	38.45452803096335	
1415000000	-3418.7041355350348	-2697.9518838325002	-720.7522517025346	0.029694007297045296	0.8855890409326235	0.6625405494145851	39.67824857244376	-1035.181677967094	-1085.1594415656955	-348.805174459863	-228.80558983984793	0.6518988717501861	1.4591071221984067	1.794130452736433	2.0922290446717717	0.03469832855782006	0.9938367906153106	0.02071575210392489	0.0013511400799468974	1.1815613352940986	-719.046971462291	21	36.9079176016152	
1416000000	-3395.728190169133	-2669.6298878025946	-726.0983023665383	0.020105322342517662	0.9243123522119993	0.7007978568407709	39.92759460569807	-1047.096481924211	-1060.407817701289	-338.5112484838167	-223.61433969327774	0.6626133891861791	1.501908526491483	1.5164294678144077	1.9894172983637854	0.02895174384616569	0.9372911921992869	0.02369816024489098	0.0015058382885392038	1.256273960617333	-724.6962896640166	21	36.83968336118289	
1417000000	-3391.23781585192	-2681.136512053364	-710.1013037985558	0.03261577148667054	0.9021252868881938	0.6506886312565409	37.23182012424736	-1036.5596171572502	-1077.1768047300143	-343.52749171389166	-223.87259845220785	0.6389198499476261	1.4907074146371075	1.6138589884932462	2.3699028893977307	0.03460476936003907	1.0059093464637783	0.028191053955860714	0.0017554674692954854	1.2789216301959119	-708.7675893667946	14	37.19762945416595	
1418000000	-3405.6603119256642	-2695.0667009565846	-710.5936109690797	0.021081111925239416	0.9349030481251669	0.6216658587322677	37.74954785706909	-1029.8312764376112	-1085.81607077727	-353.4784762261548	-225.94087751554883	0.6346413223055748	1.4497326226901017	2.1958090137810347	1.8015554978661146	0.025969441448746536	0.7722006434439515	0.02249574624495678	4.829660053265653E-4	0.8271257440642673	-711.3540418171489	18	36.62546451361179	
1419000000	-3422.8735231561177	-2702.4280888828353	-720.4454342732826	0.04995405188810747	0.8407921858173376	0.6264487438700348	37.80988459821986	-1038.1884212338066	-1084.882448588673	-346.72044384015715	-232.63677522019827	0.5870620847428187	1.461564091264985	2.313337771591646	2.3934024682159603	0.026293434757445357	0.7673043507451618	0.02430253978946116	5.753231017633643E-4	0.8871164369429643	-720.6438454893183	16	37.08767100749897	
1420000000	-3396.758937024749	-2692.7879076130275	-703.9710294117211	0.03862979637735835	0.8779130112060388	0.6359085018381219	37.42315875117612	-1035.9530212724567	-1081.772940979831	-342.569667519004	-232.49227784173576	0.6206180115767727	1.456517579027549	1.961414869259225	2.4171235475895108	0.026791421277318515	0.8258256123965309	0.022875196857545375	0.0010597457338552638	1.1168231333040952	-704.0467401261541	22	36.75115421675032	
1421000000	-3429.4214883318564	-2700.522034281991	-728.8994540498652	0.027525089588718774	0.9120600827187467	0.6144713942664648	37.956184751899606	-1047.3876257177512	-1071.3815491105047	-356.3853372343184	-225.3675222194172	0.6592728936664852	1.4202031646826117	1.8999344269892908	2.1171012909617892	0.029130420461001772	0.9277159435894583	0.023005478301511277	0.0010215414343738057	1.1373929440800254	-728.8230982235044	17	36.85850788101418	
1422000000	-3404.3929871910495	-2692.1492228255283	-712.243764365521	0.024473431454308314	0.921635536210319	0.6069450234485296	38.090747966506555	-1019.9717410983172	-1088.7418462082137	-349.5997569035766	-233.835878615421	0.590883802740614	1.616246087873855	1.6263399405230896	2.130898061147997	0.030487823347157182	0.8293954677601546	0.025175384912553944	8.1716893340484E-4	0.9476867499142958	-712.4667147888628	27	38.02078339572746	
1423000000	-3407.0711452570285	-2692.4770826368917	-714.5940626201366	0.008748826442407445	0.969550172294819	0.6345488245346402	39.31111514106716	-1037.2332605002578	-1070.418245277055	-350.9874464917243	-233.83813036785486	0.6151808652106204	1.4088133269592882	2.1016190079445467	2.7044103544614324	0.028542861706214208	0.8547206927499549	0.025423082225650765	7.99149031741931E-4	0.970845840100175	-714.7217218852093	21	37.673685076543755	
1424000000	-3393.334457854788	-2677.4698949925587	-715.8645628622294	0.0404119085798534	0.8571247870221764	0.6869388864230057	37.13598599154539	-1018.1707983911712	-1079.1058041584433	-350.60884653957845	-229.58444590336615	0.5927058743987832	1.4246107197386277	2.2948724037955883	2.65106520213295	0.028157532279442093	0.9762894954878019	0.023430972513785793	0.0012738047803801918	1.2462358546818673	-714.5925457398923	20	36.950247617659386	
1425000000	-3421.257435372703	-2703.827473703326	-717.429961669377	0.011513055393524832	0.9606897156098705	0.6536178760611575	38.41483947132358	-1039.529777354357	-1091.5185914265155	-351.10633683443837	-221.6727680880148	0.6520853819327839	1.3938204837979211	2.049576000886434	2.2292353875443647	0.026756962523434305	0.8887161067392501	0.02253598150717206	8.632217114939294E-4	1.0223902015365998	-717.4150336828138	19	38.02959285650952	
1426000000	-3419.8111020078777	-2696.152790680148	-723.6583113277296	0.022354454921318597	0.9276298274800463	0.6628174954283215	37.96991211031689	-1043.3419419864879	-1077.1842743630837	-344.09599690371783	-231.53057742685854	0.5231635772951226	1.523450467000482	2.446290993190557	2.817828590304666	0.024004471080989093	0.8148922954075992	0.022381912542407466	6.279309076782589E-4	0.9835471604873688	-723.866367057903	18	37.45119909630089	
1427000000	-3393.0160805562045	-2702.044208547036	-690.9718720091688	0.0363233151621785	0.8905855833278812	0.7083074824156548	37.36722605722118	-1030.3419453717315	-1094.5673170308464	-350.9848826728192	-226.1500634716386	0.6743132612305215	1.4017138651719858	1.5261632692499036	2.6518375288847174	0.030407897441858206	0.815523937389267	0.02600063269973831	8.24171708489771E-4	0.9458425301401864	-689.6975794752353	17	35.754752955117375	
1428000000	-3429.7798842973048	-2688.8436170137893	-740.9362672835155	0.054983215904340105	0.8305663443027581	0.6419710717016625	38.730940181074914	-1040.5425972757012	-1067.4233333769728	-362.3044581436477	-218.57322821746786	0.6857756965266972	1.3899356889250762	1.8847607192280649	1.9125093070177788	0.02566998424978274	0.8546775089996003	0.021388993864143047	8.056677742273783E-4	1.0594828410498573	-740.5417350094401	14	38.591722505295124	
1429000000	-3386.274940389102	-2669.387377425423	-716.8875629636789	0.05527877643336816	0.8373576376299695	0.6448983658932363	39.1634267311534	-1037.3678317333417	-1061.8703034916653	-345.37549687251897	-224.77374532789716	0.5581472486347705	1.5502430002120646	1.9758361238973745	2.735302057210194	0.027544943595011955	1.0201335960983686	0.020703482894884828	0.0013593325039131967	1.294107717808697	-715.7233679975014	16	36.57478997531023	
1430000000	-3381.828724804369	-2678.650550672349	-703.17817413202	0.05096239952206091	0.8441813269258266	0.6845174989845351	38.278511696529414	-1031.8167996738869	-1065.3174906261975	-356.5624833789224	-224.953776993342	0.5625672612525354	1.6139482699503198	1.7969908372685839	2.3909536414287884	0.02717962977561042	0.9137019468087613	0.022378646456190907	8.947802308519824E-4	1.065446704685795	-701.9613189265973	17	38.06920745958199	
1431000000	-3390.1998162549303	-2681.7961135462165	-708.4037027087139	0.007905811352289809	0.972351163085726	0.6313077690628374	37.267981576394014	-1035.4794425695022	-1073.0627583611895	-343.4398104822132	-229.81410213331174	0.6463030588649463	1.4356248284478415	1.8768934736151484	2.2650548467087335	0.029036612198080593	1.0489159869322098	0.02295516991110942	0.0012956065356390142	1.2479382346132324	-708.1469307760358	17	36.848780693679636	
1432000000	-3442.067879457555	-2686.8205006744715	-755.2473787830834	0.06065870489373807	0.7961217260848873	0.6428049889119635	40.319389567987024	-1046.339568523443	-1050.0421791308763	-354.6169988858488	-235.82175413430363	0.6115232457445726	1.4736042682866073	2.004463484156667	2.360808818999278	0.029608962642477178	1.0928024223455783	0.023788514473510103	0.002111776351855845	1.5331078711063597	-753.448244897661	19	36.91815796600544	
1433000000	-3394.8529495590374	-2693.065312258212	-701.7876373008254	0.020137462815535728	0.9332395218923257	0.6993076181971247	37.48242493245387	-1048.886855168732	-1075.2231687758317	-340.42279353347953	-228.53249478016878	0.5917918905741048	1.47723155766765	2.235098983655777	2.299446838685349	0.029807660099021475	0.8038602066264061	0.026829086198848138	9.91629955712869E-4	1.0169731950030878	-701.0084184866482	23	36.81433221384082	
1434000000	-3421.3808779738906	-2697.54511632885	-723.8357616450409	0.0750158768942788	0.7727447577404611	0.6590712176327269	37.5008659396089	-1030.19061446414	-1092.3146712524826	-342.0315164705838	-233.00831414164298	0.596898462648625	1.498555939332795	1.7979321172596436	2.7755445504764484	0.030665645784222154	0.8618073042543172	0.024881181256020887	9.707170406875725E-4	1.057691650457173	-722.4978914408965	19	36.65755063566745	
1435000000	-3409.618938838056	-2681.196840964922	-728.4220978731337	0.03138447904537981	0.897785219888987	0.6297727058094759	37.76844697708242	-1045.539469302093	-1069.064431107349	-339.7551075733926	-226.83783298208758	0.6468665605782793	1.4778827807593473	1.5539732297160773	2.439137170175305	0.028829357572212177	0.830578765332045	0.02441197779281011	8.089490145882204E-4	0.9729010177918022	-728.4465061484333	17	37.55491351061327	
1436000000	-3403.232925741886	-2675.878150939634	-727.3547748022521	0.08328385795808393	0.7298222580351593	0.6987519278524765	37.5470225740827	-1032.780184235847	-1073.8192625192214	-344.84708053712046	-224.43162364744563	0.6253988521326969	1.517621499688938	1.9237138082311966	1.842329147873588	0.03215573720843429	0.9667395790600273	0.021607148703833665	0.0011328051676576362	1.1379705030286944	-724.762469639032	19	37.27882183236848	
1437000000	-3411.27805733482	-2682.531057485365	-728.7469998494549	0.008621868444313348	0.9681165624530323	0.675663887773482	37.823530869746094	-1032.7225430596684	-1068.7923816207665	-350.851338995992	-230.1647938089382	0.6136847365636646	1.491247331361086	2.008688554304084	2.15355905300836	0.024797652998474532	0.8157219211981745	0.02403619275163912	7.419533822404178E-4	1.034764245723962	-728.9306520170463	20	37.49110967164444	
1438000000	-3426.112396639654	-2707.0165467746556	-719.0958498649983	0.008564401195085293	0.9702849409681831	0.6587351373269634	37.616120461248904	-1032.4769849792071	-1104.808210317324	-343.3519212983292	-226.37943017979507	0.6250243347435509	1.3829294713918578	2.3989312777303127	2.23004266131773	0.025847398552132275	0.7412652613453655	0.023599295375427914	5.341645416157815E-4	0.8954182883144844	-719.6947172919886	17	37.53734507953078	
1439000000	-3382.0078505929823	-2670.6929361691873	-711.3149144237951	0.03600928636985564	0.8687939704039832	0.7109533384385031	37.30153392126319	-1032.196722578434	-1069.6995854482536	-343.2332703698454	-225.5633577726546	0.6682280347948916	1.3219586645280939	2.120810459231947	2.444621054488305	0.030972019509768044	0.940838722866149	0.023172428974385796	9.616192782201178E-4	1.0683771618660927	-709.5305276485569	16	36.338339424372876	
1440000000	-3450.153944152916	-2709.739256405216	-740.4146877477002	0.03155019196529209	0.8899443397488599	0.5978661554737551	38.36701899551509	-1065.7739505093382	-1065.2706658018762	-351.1403382172868	-227.55430187671482	0.6893652161249697	1.4167029774872635	1.6199391295889707	2.066840619459489	0.02929791185084656	0.8834333512890189	0.02256196472327069	7.144211051535346E-4	0.9955290577214198	-740.5321219851063	12	36.68817247612414	
1441000000	-3440.1249703553567	-2715.728610407799	-724.3963599475579	0.020075513481937163	0.9258945724135561	0.6564967482022835	37.64153454548265	-1050.1689015486822	-1088.1930087779638	-354.0521248783184	-223.3145752028343	0.6508242211952155	1.3978141477710153	2.087580427705216	2.150746718867611	0.028119203422870064	0.8481969012885962	0.022430379969808983	9.528685712423996E-4	1.0873763953158424	-724.2705668029982	15	36.80272335931187	
1442000000	-3387.776826553101	-2671.1061718106184	-716.6706547424825	0.04765855356508082	0.8668570750763744	0.6173736910403983	40.825930660871826	-1031.513130163482	-1066.828417644686	-344.739470346065	-228.02515365638556	0.62898947391277	1.3822289745527307	2.122401543475276	2.644936523600987	0.02798897022191787	0.8495500665440303	0.022809044956439033	7.611143741270091E-4	1.0085463307824298	-716.3056849977635	17	37.46291078928902	
1443000000	-3396.6840899756107	-2700.4042436517875	-696.2798463238232	0.056655690557301935	0.8297717666343933	0.6606050445451879	37.39882781166263	-1024.832341651037	-1094.923109649477	-354.89359514319284	-225.7551972080803	0.6346721859382902	1.446432805085021	1.7103085360656327	2.6802932832923294	0.02991157561704279	0.9536926618986196	0.025354859820895356	0.0012631696310455263	1.1241979416011383	-695.0291258749113	23	36.646392158047995	
1444000000	-3412.5371105141357	-2693.0805485307446	-719.456561983391	0.026816763304259444	0.9208999011715129	0.6077842523821452	38.142771137085454	-1027.6311171601126	-1085.4866873590931	-352.7540499325398	-227.20869407899963	0.587744800803149	1.464039031190477	1.8724993943726704	3.12962356387357	0.029414173028023974	0.9072829157264959	0.021140788262983413	9.880740457381151E-4	1.1556171374323596	-719.4941558603764	21	36.51383313667779	
1445000000	-3407.7842263603065	-2700.2939043951656	-707.4903219651411	0.013331718603783354	0.953175835497475	0.6866293066254102	37.61130295974061	-1056.4234846299587	-1074.9993570118816	-337.2610908081147	-231.60997194521065	0.6511678451825827	1.451636413173589	1.9145479299483388	1.962624345558874	0.03193781598574212	0.9220529608318722	0.028242066061277504	0.001487076803239073	1.1866103673282251	-706.4272264556118	20	36.39733579217226	
1446000000	-3358.1677803414377	-2694.4324839947863	-663.7352963466514	0.055381073138258095	0.8547364569146036	0.6485928101287911	37.2882200796277	-1043.502793329308	-1075.5188420168677	-342.76280363450167	-232.64804501410873	0.6494824404394931	1.3688683257190106	1.863311314857911	2.829223899177047	0.033413917645540143	0.8195384976741481	0.026842292742581188	0.0013597292210030627	1.06801862029427	-662.777534119709	25	36.86355944037047	
1447000000	-3434.200977477958	-2690.9833358149604	-743.2176416629975	0.05506304072124352	0.8184230010253103	0.6562286735271923	37.526190746673066	-1028.7395874727586	-1084.7703456268318	-351.69056908423215	-225.78283363113783	0.653242590935042	1.413302406169174	1.8047866619542694	2.4602924582915016	0.02667156405344993	0.7835691083502474	0.02152571133929778	6.788099559384664E-4	0.9785226078205986	-742.8715973426094	13	37.245166172185456	
1448000000	-3395.704834708272	-2684.9683317890076	-710.7365029192642	0.03335738600090068	0.8913731354749912	0.6517572258891675	37.84709774324026	-1035.9442845932836	-1080.080102628232	-338.5851806651658	-230.35876390232647	0.6654537371254897	1.4352749983951973	1.7208404081733046	2.1774332947555175	0.03402799102400048	0.8941984218767273	0.02819990660265495	0.0016581203726176812	1.1464121404609353	-709.7086012389371	13	36.652630404635545	
1449000000	-3407.1908842297194	-2703.4802895944813	-703.7105946352382	0.044924837335706576	0.8644780565691372	0.6258323172294398	38.24010704344401	-1049.745067458552	-1069.4816981201432	-353.8723929439866	-230.38113107179916	0.6727204452874513	1.356562328819249	2.0943192915537185	2.094191819946037	0.025517537444824136	0.8786177381264478	0.0214211963247611	6.626220443587474E-4	0.9969890809548027	-703.6831651314333	16	36.417699988658946	
1450000000	-3414.632905672189	-2677.90094924752	-736.7319564246686	0.005926390921829319	0.9791792479262627	0.6706132899349521	38.18391737330105	-1034.658925485207	-1070.2192786838061	-352.371423921223	-220.65132115728426	0.6296590439055441	1.5274803718823247	1.7422826081246245	1.990160254635502	0.028589382126156027	0.9726957597739877	0.02185559204069265	9.135813826252252E-4	1.1368695103573119	-736.152968352244	20	37.61525707749696	
1451000000	-3406.811586683895	-2694.8749707549778	-711.936615928917	0.04083669919684195	0.8701265886223656	0.6701338354215518	38.65414009298482	-1032.2331416631337	-1076.4512776921124	-351.9869223042058	-234.20362909552557	0.5820052402145659	1.553300590043238	2.027122731781263	2.1647303449167863	0.028960451725612527	0.908477183306744	0.025556591850807463	0.0014578379307646282	1.2663925617315601	-710.9062550067061	17	36.43103921240232	
1452000000	-3407.503318037221	-2709.1449442992434	-698.3583737379774	0.013754050026201281	0.9578422766333813	0.647130002490825	38.3303768533266	-1043.3020197349342	-1092.2726859981099	-344.86691894966145	-228.70331961653798	0.6262012917407596	1.4574825784179934	2.271251296657481	1.7601424820129195	0.03288293356540991	0.9698710040515474	0.02620915282932109	0.001762997792413188	1.2374051841844411	-697.552065396903	14	36.70010518195201	
1453000000	-3407.5611942856485	-2690.9074445683464	-716.6537497173022	0.035865568519044835	0.892043830436424	0.6337182672949906	38.07171832387488	-1025.8039511110567	-1081.1242216366497	-351.7334115236803	-232.24586029695962	0.6969569693143176	1.3021703587546416	2.2137030229430676	1.9143040640857258	0.02860309225701804	0.8409226188214749	0.025303664493901912	0.0011622330835564959	1.1070848477746031	-716.5211270418629	18	37.547720390845875	
1454000000	-3406.0202786888653	-2684.6567371960773	-721.363541492788	0.028647298220072722	0.8941748314948055	0.6632089886792658	37.71832862444387	-1035.737881324764	-1074.5806861282456	-348.83237146077164	-225.50579828229579	0.6139454083213459	1.5095982963224457	1.7426723087966807	2.4489760345981635	0.029694751471083896	0.9052111158451427	0.024657057289116973	0.0013320002016078292	1.2047866639462455	-720.6549315414369	14	37.03406268769674	
1455000000	-3422.0028771516068	-2699.0585771496435	-722.9443000019634	0.02893968143201863	0.914622364479001	0.5627424282955028	44.52594864488445	-1033.7885032380555	-1079.2570265599709	-354.9885242737868	-231.02452307783045	0.5930134402305928	1.5049802859067738	2.1260557610449577	2.2173244806290704	0.030811607927365498	0.810985690031823	0.02771774721225948	0.001146627791956431	0.9770242327118578	-722.9321072500311	17	38.41312482347269	
1456000000	-3420.9639406018423	-2690.5986486484903	-730.3652919533519	0.06753917727769222	0.7981783934852408	0.6452879082093607	37.04139684214506	-1042.0489874457435	-1075.449978115536	-344.01456390638134	-229.08511918082974	0.6026860620089005	1.5236990670813675	1.8149075968137283	2.409584923674568	0.02572222774063704	0.7202743496737849	0.023067954974337765	4.2543168621971255E-4	0.8179563826009527	-730.3238275533132	14	36.93780791165296	
1457000000	-3417.46482136624	-2681.345597930549	-736.1192234356909	0.00597632452322214	0.977657589704106	0.6046026538929443	38.09350835764084	-1032.0095530140402	-1080.2014938265033	-343.4795040984117	-225.65504699159382	0.62334266833618	1.5219388608661155	1.8541701410605966	1.9642418069615022	0.026615728879464763	0.9085490038050669	0.024014283499610777	9.88039600419109E-4	1.1114717293509868	-736.7955456857293	12	36.92672109757753	
1458000000	-3394.2597787126565	-2691.015904388484	-703.2438743241723	0.09353772078028118	0.722218760359915	0.6867396031826921	37.848553149217075	-1040.602816076593	-1073.841287052427	-347.4473451055184	-229.12445615394586	0.608156701254513	1.4874808071708299	1.8312565407578176	2.602996465300605	0.02804899308679706	0.7138131587486133	0.025201617458018903	6.53677062469915E-4	0.8566498224425991	-701.8793499416827	20	36.286333478726654	
1459000000	-3394.991625585968	-2670.8450685292587	-724.1465570567091	0.05310908552244777	0.8121811665987355	0.7150668245781204	40.019870350790036	-1030.8506399619482	-1064.1637264756423	-348.9283631996683	-226.9023388920001	0.5697707251413823	1.473777516282898	2.097323983907712	2.990041603929191	0.03087437176170932	0.9007538214592551	0.024729594653397215	9.502988799624854E-4	1.0223375481811177	-721.8530621555782	17	36.940555520128726	
1460000000	-3394.198331101177	-2680.7809759831352	-713.4173551180415	0.05559038390572105	0.8231277748352286	0.6906638804187134	38.009145759917544	-1036.4192412925804	-1077.5755864222697	-344.26706241203453	-222.51908585625074	0.5943651946881227	1.5122290178106146	2.0136278339835703	2.3231514311589723	0.03858360344687945	0.9697876358979931	0.030733301245630194	0.001997172295232015	1.1828186810008101	-710.7221365127165	17	37.362492398253664	
1461000000	-3410.6295230200667	-2692.5036289792606	-718.1258940408059	0.02889587824614929	0.9075077605297008	0.6652545355297085	37.45279429067584	-1033.2069347254778	-1075.806796214598	-353.01093410468854	-230.47896393449594	0.6261458706730586	1.382529914925437	1.7857259413255666	3.2854388255633076	0.03250492143498418	0.9367578801279259	0.026605040518383843	0.001700903143341903	1.2003147956918252	-717.0469056735208	20	36.34883631019925	
1462000000	-3428.4804578393614	-2693.4016632391576	-735.078794600204	0.06859089073771221	0.7776548917577162	0.657410139575212	37.396849826709555	-1040.0827693400013	-1076.268303749013	-353.6742307042632	-223.3763594458801	0.5876751978431832	1.4035347316776061	2.457157674478759	2.6523327255433173	0.032755388730348695	1.1576022830843218	0.02654332452247383	0.0021628721445609146	1.4594651185493992	-732.7442489490567	19	36.07274500771187	
1463000000	-3432.1661746097134	-2695.7965075960337	-736.3696670136799	0.020733715981840553	0.9245012970049834	0.6316647397461863	43.451030716781766	-1031.3407295531076	-1083.0591208508338	-352.1596194069364	-229.23703778515574	0.6118921412718664	1.3491913184305473	2.3486564703374624	2.8711786268690815	0.031003665061058328	0.917824695887036	0.02272100052079375	9.340929699460326E-4	1.0325380173681071	-735.4610189094	21	39.3936509726258	
1464000000	-3391.864381986386	-2691.5973068666167	-700.2670751197692	0.07487097553491416	0.7895612513510607	0.6721078596322283	38.18205735559662	-1049.993032232564	-1079.2598278476378	-331.09617060732046	-231.24827617909466	0.5886464081930655	1.5499040892319629	2.0041824246699522	2.1092621980716637	0.03447291108859472	1.0219639664201532	0.028830201620099666	0.0034762245640232955	1.5743025691018646	-697.8097462420621	17	35.71995856316275	
1465000000	-3390.9555305672206	-2670.310682053937	-720.6448485132837	0.014837454196423001	0.9500193965501171	0.6495250934422852	37.48872180389614	-1033.7931244540287	-1058.144962124532	-350.10769103450633	-228.26490444086983	0.6293964380460431	1.4675007130793967	2.074887182887675	1.9529086893571583	0.032219934423137635	0.8309272328183227	0.022781079811240758	6.087085311325492E-4	0.8559076539236898	-720.3730542615253	17	37.02831938862198	
1466000000	-3369.2009526457523	-2680.2925122810093	-688.9084403647432	0.05649887869697646	0.8316669681181842	0.6940962444807901	38.064520443862854	-1036.7762965155018	-1064.7839733678982	-349.8422729713626	-228.88996942624692	0.6032137358973128	1.3901085469590369	2.256855214874103	2.8284654692900384	0.030683420790322564	0.9723845915856588	0.02258568242919966	9.246750737910618E-4	1.0773008316898092	-686.949444130942	15	37.01477508203184	
1467000000	-3412.2324416375586	-2678.4573152326675	-733.7751264048911	0.027638651093068334	0.8928112493740307	0.6815217740373977	38.10211951414973	-1023.9641003463005	-1089.0624825570872	-344.9320930274809	-220.49863930179873	0.6675520793536585	1.2784110166186877	2.406132051560922	2.3500802524806885	0.024571594316021437	0.8589821938748353	0.02048461741586515	9.470054111635056E-4	1.1392434598965624	-733.3946696908162	20	37.16219331557621	
1468000000	-3410.471866397158	-2695.4269274407598	-715.044938956398	0.0021276575226773335	0.9923649720278799	0.6509010492535452	37.59337944492326	-1047.9385711639459	-1085.8707901817531	-339.71448702145517	-221.90307907360562	0.6331388882224998	1.475856808485475	1.7701363622660111	2.339911213437666	0.0246867487561302	0.7980181701894543	0.0215909890326843	6.309683534931642E-4	1.0225793749414545	-715.7838171406494	17	37.15002448463667	
1469000000	-3377.4316846820257	-2662.933329636556	-714.4983550454696	0.033333864456923816	0.8980789694342334	0.678520832703663	37.65037416303024	-1023.2939612642202	-1070.0565788933816	-342.0476699024471	-227.5351195765073	0.6348162836107994	1.5103287980487523	1.5117459000637847	2.449976103844403	0.03161679052899256	1.0140724143293132	0.026035532044058344	0.0012956302643967485	1.1089402625384126	-712.9842872364537	21	37.18063976214196	
1470000000	-3375.6054074448707	-2708.175318764334	-667.4300886805369	0.03665714236040767	0.8956940746921538	0.6707632071124873	37.708941871665886	-1036.8802380100974	-1103.4551673096125	-335.77965249324626	-232.0602609513776	0.6249267271179111	1.511903191348143	1.8153057170535443	2.092478457782735	0.03760652665900372	1.0169059529022846	0.03102989014384509	0.0020620471917299956	1.2006490939343817	-665.3592666757694	17	37.021154382198226	
1471000000	-3385.117442638684	-2686.937460111567	-698.1799825271171	0.0060031225210008645	0.9803560611258134	0.6628072277330069	37.80853623265061	-1035.4319400493166	-1071.8570196841429	-349.3280695065097	-230.3204308715976	0.6231150005513914	1.356437340792989	2.0388347610821866	3.134918090492871	0.03057984899729138	0.819919687997098	0.02551199518259102	8.31047473451778E-4	0.9388777076929958	-698.0360806473547	15	37.178487973880365	
1472000000	-3394.0066207572113	-2677.756566969821	-716.2500537873902	0.01572016411107528	0.9416171312665331	0.6717722464839871	39.00829424881251	-1034.9952778843374	-1077.4669967257935	-341.7037916629965	-223.59050069669345	0.6540260253496273	1.3988373272140673	1.8019151819634274	2.580618004994557	0.02800054285454877	0.8769167467617301	0.02395878062132906	8.686133644372554E-4	1.0192514696515447	-715.7573734313887	12	37.15288090906466	
1473000000	-3419.766555925779	-2698.4283085464135	-721.3382473793654	0.028320437956180187	0.920827660724384	0.6073959721685019	37.948042544207915	-1037.066349359781	-1090.0203285055557	-351.6801301831109	-219.66150049796562	0.6254767745031056	1.5130567871611675	1.7231555080841585	2.2329080608432452	0.027691733795915066	0.9730182745791818	0.02090070402951088	0.0010227860676327214	1.1461839111523038	-721.3438627028962	21	37.036138645146906	
1474000000	-3411.203767185556	-2692.886470400781	-718.3172967847747	0.006472951797835267	0.9789837089308782	0.6478363575749254	40.44272903395728	-1028.55457837995	-1089.965554210165	-344.2219992116186	-230.14433859904682	0.6238709199990135	1.3676132346638563	2.3179570362909145	2.531508594535001	0.03196740838588909	0.8291734728942433	0.0270839741363543	0.0011118063067885266	1.0628869844155644	-717.9330886168775	20	36.71270832320494	
1475000000	-3365.4341090234916	-2687.386237967668	-678.0478710558236	0.04491080673955792	0.8563244809208759	0.6859319887938976	37.56358049103965	-1046.6719900711093	-1068.7201098692085	-337.8431988365395	-234.15093919081045	0.6585341470065631	1.315932491919852	2.0312562333774444	2.839760371186205	0.042429384279772865	0.9955468965794789	0.03364794792757327	0.0017583085282122733	1.0878959707023377	-675.1768801504513	19	36.874775568042374	
1476000000	-3384.5507738976667	-2685.195389650933	-699.3553842467336	0.015325263068610047	0.948202988713948	0.6902972778252976	37.965297910232984	-1030.803877059325	-1082.1685577365445	-347.22792535438964	-224.9950295006738	0.6242891538839105	1.4340381324178013	2.0985103608986186	2.309769752873033	0.02981652407191899	0.8638647784824538	0.022430174232972215	8.814953750450243E-4	1.0207851650996638	-698.5606996683425	21	37.190596696534676	
1477000000	-3390.9965560169544	-2696.734390519588	-694.2621654973665	0.04795632675508354	0.8601772262525199	0.6033447967178828	39.94368238465532	-1038.8171536179036	-1069.3412096764275	-356.7583960011682	-231.81763122408907	0.6082172902336493	1.465513199416193	2.2362559928095704	2.09080470339833	0.03798506981629463	0.9145638061652892	0.029440935096299924	0.0014660494503402042	1.0585606098958644	-692.9269101389567	18	38.02159678209438	
1478000000	-3394.804851937313	-2697.0416381448863	-697.7632137924265	0.049168711463119415	0.8381785816888403	0.6439314580460748	39.74589474080433	-1039.0322024373995	-1077.209488663041	-352.91091784743435	-227.8890291970114	0.5973022769452891	1.3732945885038312	2.292043176495514	3.03052988263802	0.02462581946572327	0.9784708697790949	0.021943689430682572	9.663999115558029E-4	1.1894763708646476	-697.0303853316	15	36.98922798727846	
1479000000	-3383.435534790714	-2677.5766527843084	-705.8588820064056	0.022892566200448404	0.9335968250102532	0.6162728606556983	37.76265755043499	-1031.677985262247	-1077.8984866907895	-339.37601699268436	-228.62416383858755	0.5619628188569187	1.536605368232533	2.1815427300011194	2.4255583501239815	0.029982624910576097	0.897688545628699	0.022236709134408752	0.0014093821502654679	1.2471464329203386	-705.8745457084118	22	36.53192975098746	
1480000000	-3363.2150240857	-2657.3478256474145	-705.8671984382854	0.019589184275334525	0.933129103909832	0.6517109854763286	37.375087881575	-1033.160457341517	-1066.8470258309173	-338.673500044249	-218.66684243073115	0.6779806884632826	1.3738663204420847	1.6326117616852052	2.6464994522699268	0.03125686205252557	0.8280691092748661	0.026288768368726737	0.0010357785220574953	1.0391415527595678	-705.6035437533179	18	36.57118759377928	
1481000000	-3412.036784220648	-2690.6311045185603	-721.4056797020876	0.025782628057402942	0.9164278585917418	0.6174561526589576	37.08887881858484	-1041.3722067364004	-1078.392086489677	-338.2356329668932	-232.63117832558973	0.6673042828020287	1.3291795779617668	1.9367563728267165	2.71927877265893	0.03231290602065892	0.7891177944340811	0.026140172447442562	9.891472161795939E-4	0.966141887397421	-721.530611966875	21	36.61320796988857	
1482000000	-3408.3642541237605	-2676.5795033849026	-731.784750738858	0.012364032277085355	0.9583098819583202	0.5948505883394157	38.23191922733305	-1040.9196568351779	-1067.389433233355	-340.31095386765236	-227.9594594487177	0.5832620576483872	1.5526030314368278	1.940941897471248	2.297945301174663	0.032639940560916514	0.9581765333271455	0.025540159202672687	0.001529561084587705	1.1403442114597682	-731.7063348986721	19	37.7490672553913	
1483000000	-3365.790092990771	-2672.0534150417275	-693.7366779490437	0.00900491687887233	0.9702288378533352	0.6339717643803654	37.327927410383204	-1013.4159775462127	-1081.1148888266935	-347.2937309962285	-230.22881767259275	0.6442484551345685	1.3199619020750295	2.310672270220358	2.5859457608824594	0.034357119587968735	0.865622233469671	0.024950697232551538	0.0012244285863429645	1.0804550652404517	-693.4566357523893	28	36.440559959593735	
1484000000	-3421.3345530450906	-2706.709930488269	-714.6246225568217	0.023974787728264297	0.9158231144539645	0.6938129703118661	38.46718813591592	-1032.2687589717284	-1098.019574377097	-342.74700805246766	-233.6745890869761	0.5829483299958771	1.487158393195991	2.0540799311310862	2.6949163118351387	0.031089705125542908	0.8109849466535735	0.023020352751818785	8.697298796203079E-4	0.9685169844924748	-713.6145604980915	20	37.69414479881188	
1485000000	-3374.862199153724	-2679.481194956875	-695.381004196849	0.06172171101509463	0.8432920830555442	0.6086811141609377	38.499709156809665	-1044.059446679993	-1066.6887571280963	-344.4148167221439	-224.31817442664186	0.5730618286167019	1.5325606491441384	2.0621348072628236	2.4600435012756443	0.03555785177757205	1.1096939979837757	0.025494852894877303	0.0016188777990575583	1.2432934132240285	-693.5843506951611	17	36.716946963301744	
1486000000	-3398.0452354025974	-2691.4382520527706	-706.6069833498266	0.021126210750271927	0.9269709060165735	0.667539942056709	37.46781636089896	-1037.1336932198801	-1083.9624554805507	-342.8117186333117	-227.53038471902846	0.7023107606774895	1.3309130415181512	1.9821040074959095	1.95919616034671	0.02838551400299985	0.8367909398971377	0.024217245570154436	9.50006531041886E-4	1.0611564381651095	-706.3391871897421	17	36.67714117639642	
1487000000	-3421.9315036345824	-2713.021588703056	-708.9099149315266	0.0176124873565269	0.9444008894181074	0.6508707992262186	37.44909019497316	-1040.6293956387758	-1088.8994722790408	-347.6256866924486	-235.86703409279065	0.6050803779131049	1.3782472577110727	2.036755673022204	3.2849250724627344	0.0300229824251222	0.8631517357631248	0.023423528491395403	0.0016087972426101463	1.1908758228433804	-708.7000642476839	24	36.62919061852941	
1488000000	-3418.102304553846	-2696.5599411649596	-721.5423633888865	0.036804368424975996	0.8881870244606694	0.6107644978602046	38.179631905232554	-1040.9300512711736	-1083.377872576515	-343.22272522366706	-229.0292920936039	0.6005579769687779	1.5564832316811428	1.6769112339760692	2.396454693005064	0.030582317774204323	0.9818589554826452	0.022309755786887268	0.0010486798671943372	1.1550891656761137	-721.0276090209844	13	36.84887701809887	
1489000000	-3392.806223923837	-2684.5597811522757	-708.2464427715613	0.03766794609587331	0.8744504506369007	0.6838961071867151	38.596619316493026	-1022.7521852364167	-1089.852670835557	-344.63204768624877	-227.3228773940532	0.613670015682362	1.4238691529928011	2.2132318016266663	2.4022916722534475	0.03225751849067994	1.020214106459678	0.024271705113655364	0.001793996460904845	1.4128959873234883	-706.384896440314	17	37.05668487859271	
1490000000	-3374.3238597394657	-2677.2963147290566	-697.0275450104089	0.011998166001847128	0.9645038479111815	0.6442874797283187	37.93610014737297	-1030.8404649560475	-1075.3834618547435	-343.9288799525412	-227.1435079657243	0.6077714050636654	1.452111494510843	1.9417372460809617	2.7352996725513132	0.030231626362035677	0.9544255180370417	0.028467999811081442	0.0011840214721315042	1.1060433307204005	-696.6444708924	21	37.075068944397415	
1491000000	-3381.477204992661	-2684.742819684479	-696.734385308182	0.06840171229538311	0.811736363925626	0.6593979373733306	37.46548833733356	-1042.7899863776804	-1082.7695201703525	-337.5472703947546	-221.6360427416917	0.6068027764686903	1.494678840732272	1.892826664589435	2.456191017473116	0.03490431923679664	0.8145115910394388	0.02542745836965871	0.0014623697006639158	1.1253069248512813	-695.2509528434699	15	36.955943248527774	
1492000000	-3377.3916754887177	-2679.9057658178153	-697.4859096709024	0.031140535879089278	0.8966130197765828	0.689529777068381	38.865497346675355	-1013.6866141232432	-1089.7925328309607	-353.30151586095684	-223.12510300265484	0.6339353408054252	1.3804836779035363	2.164169987959011	2.4935779446370483	0.02944276418588876	0.9700497676005481	0.026317232619723623	0.0014513334424312212	1.2139475841856562	-696.0537257108352	18	36.847603177260176	
1493000000	-3408.927027508692	-2685.8553091650706	-723.0717183436211	0.04222574349130975	0.8671125571787077	0.6392441321772566	38.12024811231061	-1035.5942990103017	-1062.4230439718215	-356.72038161843506	-231.11758456451187	0.5880369354016406	1.3916426136472682	2.3088779255982845	3.0119783347466194	0.029432569021412412	0.6776548494291535	0.02387774726375998	5.002134033408812E-4	0.7996526340495403	-723.1970559833306	15	37.19284722963914	
1494000000	-3393.5796124924896	-2684.7219562757764	-708.857656216713	0.008559610859837525	0.9724164399024819	0.6515447687977715	39.26717819399881	-1046.6920619300656	-1070.0358489106432	-339.36998292551255	-228.62406250955542	0.6312596987319729	1.4754004148201643	1.8705427275061006	2.204012217575559	0.0274834623876046	0.8726005281586187	0.02154445083386557	8.573257332444546E-4	1.0519962794799944	-708.8155411040235	13	37.69176123717336	
1495000000	-3405.1859168051287	-2695.718432216303	-709.4674845888256	0.04594210082354512	0.8583372215201748	0.6352397269120934	37.78599021210716	-1038.247367845501	-1081.3285176771287	-348.4630250356741	-227.6795216579995	0.6586083449017288	1.4056821093431127	1.810240053373447	2.417382369375791	0.02656998579994387	0.7335867163482495	0.024572805651536255	5.618668876860846E-4	0.8836594289952803	-709.7132476428163	20	36.98814172913543	
1496000000	-3400.0971097252373	-2689.305124529761	-710.7919851954763	0.023418860171075705	0.9334599236866566	0.6506278047143609	40.029497472745625	-1040.6275273197575	-1072.2215987697502	-349.98757835092084	-226.4684200893321	0.6548917951888966	1.3991334472595331	1.7844188594694461	2.5921218620038324	0.02879170595820912	0.8328633260273726	0.025100099436952402	6.52697498891319E-4	0.8711029303505341	-710.4481593549774	18	39.3411881645394	
1497000000	-3417.065412302309	-2691.381890449009	-725.6835218533002	0.04681525012801263	0.8483597575346269	0.6698658608455803	39.237511146936924	-1044.9941741501189	-1075.3214738334764	-335.14864289856075	-235.91759956685272	0.5950489949884368	1.473161381870058	1.7270295500974644	3.1633149457187577	0.02597761099001224	0.8309098553659143	0.023038662487235236	7.150312216879592E-4	0.9667066802319974	-725.0219761880763	17	36.584405112493016	
1498000000	-3413.0002834780475	-2697.3792725353624	-715.6210109426851	0.012046986439997487	0.95584740989317	0.6502687625061777	37.95178646172661	-1044.1297145158046	-1072.0664806329266	-342.04455450155564	-239.13852288507576	0.608526790823545	1.5158335453411946	1.6874839178354444	2.5923922100700114	0.032895263195841795	0.9056962093466694	0.024435405082690306	0.00127362242911829	1.1084257629496304	-715.0297778563117	18	37.11293900864686	
1499000000	-3391.857483508885	-2684.8127233344217	-707.0447601744634	0.017398917300009337	0.9429224716635144	0.6004221276913914	38.31291805629572	-1042.7340320192122	-1073.8157015682848	-345.414966398136	-222.84802334878844	0.6663226104873607	1.3016092673263173	2.412335876253338	2.1537992113601057	0.025354050509295584	0.7426163275327121	0.023091580436565617	7.089355821870462E-4	0.9482613273619601	-708.2045642338147	15	37.00669152650681	
1500000000	-3420.7546101881253	-2709.60104572697	-711.1535644611555	0.04327301454475803	0.8636632711343464	0.6642828285515245	41.07059504303563	-1052.4502363517552	-1079.9074166914122	-345.23610651907256	-232.00728616472998	0.6157222144818439	1.4319336168537757	1.909919381248889	2.8215164559755705	0.024054716979785902	0.6851306877099227	0.02284301634433062	3.94505405075107E-4	0.7780814298927033	-711.0910013832707	13	38.04497500773262	
1501000000	-3387.6065777650615	-2708.9649543243127	-678.6416234407487	0.0279271545332859	0.9108942452470616	0.6856158654595309	37.44032471936171	-1033.5849280843936	-1102.120513921552	-337.9781851920271	-235.2813271263397	0.6416581992463526	1.4403818483600535	2.0573268990956874	1.994735505661559	0.03142758596790553	0.8001868560426161	0.02550730209718044	5.935273118235053E-4	0.8091399111709237	-677.8122671717806	18	36.39086435429148	
1502000000	-3386.5409770314823	-2676.8216234807815	-709.7193535507008	0.04393288939795575	0.8613118879279765	0.6709035696890766	37.63301244335495	-1039.2602150379973	-1059.430068611997	-348.48176186086033	-229.64957796992678	0.5846778757430994	1.5205257574180366	1.8070643949392724	2.794025852975221	0.029748953856602495	0.8600201821472515	0.023388663923822283	9.582096784528652E-4	1.0399102966402474	-708.8072504497824	17	37.466693287479465	
1503000000	-3411.0616708295033	-2661.2101494181243	-749.8515214113789	0.028554422682976827	0.8892814302454807	0.6569784156242702	38.33843672659098	-1024.0027946942323	-1062.4870253916906	-349.57992167692885	-225.14040765527253	0.6056101574122643	1.4243518028051483	2.363523691312402	2.2880743241241572	0.02848600428452474	0.9680600833733375	0.02278786388291779	9.701786489931896E-4	1.0963547956407733	-749.0857916118774	10	36.72841362012061	
1504000000	-3387.1146043042036	-2659.28333191609	-727.8312723881136	0.0179162476044676	0.9452986626180789	0.6397681428305863	37.51776343045668	-1029.0541157664743	-1065.2620049611676	-338.7138508841433	-226.25336030430498	0.5701638440206235	1.5819822370245789	1.8641696354540247	2.416749968342601	0.03022491609323327	0.9767269066950781	0.02474768601711941	0.0019935961645015797	1.3376551983316507	-727.3855299139758	17	36.56484135665731	
1505000000	-3383.3997917640518	-2696.4977197888074	-686.9020719752443	0.050691888868311996	0.8557998173622431	0.6654280558647591	39.485520652404404	-1031.2997640190006	-1064.5015024678987	-360.41578000170927	-240.28067330019877	0.6375820690061214	1.338490677701634	2.086174650772103	2.9387189507180067	0.036366296650914925	0.9981720071363807	0.02708709845513249	0.0020029561969187094	1.2359085938175418	-684.6824606623188	21	37.175595637940916	
1506000000	-3388.7661968620223	-2678.980039996444	-709.7861568655784	0.05347622879522575	0.8480084057255591	0.6122116659531414	38.4730273470766	-1041.1220380324276	-1069.3132083813603	-338.08953364376936	-230.45525993888683	0.6504076744207596	1.4353838667522623	1.8819373159283652	2.18040908236076	0.025876726123644105	0.8501042351069684	0.021117924039306596	6.398097553560909E-4	0.9665460314932851	-709.8256040462836	22	36.98863032975263	
1507000000	-3426.869719558129	-2697.1712093083815	-729.6985102497476	0.019421266190800184	0.9290001924104409	0.6451753852945686	37.01465127218705	-1033.771175517538	-1092.0353581774814	-341.39583974143864	-229.9688358719235	0.6527956200391857	1.4799633818891365	1.6181387776343263	2.1954699213933497	0.0314869933365294	0.9537777175553699	0.023776632446058713	0.0010850453679597976	1.131394417442966	-729.1410420816128	26	36.71419648524448	
1508000000	-3392.9639604778617	-2670.376193123326	-722.5877673545357	0.011081562301494916	0.965995134042246	0.6205180706059292	37.28620598572363	-1023.389824056028	-1070.1370910329315	-348.48870601325757	-228.36057202110936	0.6560023325075871	1.4388382995189968	1.959290794506841	1.9076520962980947	0.03419495328628434	1.1149883685464612	0.023229749433847726	0.001585068907022355	1.2581631044387298	-721.6955953289598	14	37.11078569193527	
1509000000	-3423.3515221524003	-2665.7391285900812	-757.6123935623189	0.04308499765723119	0.8604854019247821	0.6464377998775832	37.940527176964046	-1025.3346183240337	-1068.7977350196547	-338.62825542120567	-232.97851982518713	0.6020643342115148	1.4925713818596216	1.9368481251361485	2.4881509942565505	0.031607491130387085	1.1258333247660934	0.02292541032386526	0.001334656178642974	1.274691480160846	-756.0181102156006	14	37.16994720354278	
1510000000	-3359.12790974364	-2665.4447145304803	-693.6831952131596	0.005687785683708048	0.9815093670612312	0.6226043652687439	38.41594908630808	-1027.2091984893348	-1055.061512451785	-349.7587433629652	-233.4152602263955	0.62208429622493	1.3924876522750715	2.082319201794034	2.753950898111294	0.028847064378785488	0.8813557790283233	0.025641265142948927	0.00123305334959058	1.1583261353103897	-693.9919293403775	22	36.16832342427016	
1511000000	-3411.3432386559048	-2715.452367185293	-695.8908714706118	0.001028911765229453	0.9963820692474366	0.6512556527269441	39.347618264175296	-1031.2008387590056	-1106.1220172768847	-351.0078748533019	-227.12163629610097	0.585333825972625	1.4720315057908682	2.207462771524078	2.5173139042353396	0.028142522071312272	0.7954089184063952	0.02370082259658842	7.979418795366007E-4	0.9626637848611987	-696.1484092022197	16	38.42493604149561	
1512000000	-3414.7142306079704	-2700.4084861108563	-714.305744497114	0.04042711224068418	0.8610938866510369	0.6864997126351629	38.27289515157941	-1040.6558166475827	-1082.106255381978	-351.66259453544785	-225.98381954584718	0.6026933234300123	1.432294549359965	2.3571316337130197	2.283195551592465	0.028089054016486082	0.8582531165750468	0.026946999896723087	9.136088489224643E-4	1.0216539997123564	-713.3025219551419	21	37.60046404378827	
1513000000	-3443.9345671452093	-2685.4552260720834	-758.479341073126	0.027738409959558053	0.9146473988750818	0.6104688027921086	37.147990192039224	-1033.7643483982877	-1067.8287301529567	-352.66279731309106	-231.19935020774759	0.7095145217246821	1.3340754445074678	1.8923036603927421	1.9510136809767138	0.027039121145654533	0.9035727790640191	0.025971548713405346	8.996607104489667E-4	1.11142351580236	-758.8108630379905	16	36.57001372097646	
1514000000	-3405.4273004245733	-2673.9279646857403	-731.4993357388329	0.0358544118100686	0.8725186904290009	0.6553256649263037	39.37187079480744	-1025.3677454334702	-1069.1202959556417	-351.8487273719798	-227.59119592464862	0.6198863661635798	1.4330053126542874	2.1280759961092075	2.350978235812434	0.031203101855511634	1.0744183081632264	0.023745664933584567	0.0015792956694073365	1.4260818424189838	-729.9404570267138	13	37.29850170582777	
1515000000	-3382.941841030578	-2676.4195193408123	-706.5223216897657	0.012080049882248124	0.9605292576398414	0.6123729280119868	38.07066421004882	-1019.3235457824976	-1069.73940811707	-356.90851246558066	-230.44805297566393	0.6009740466214281	1.4636221621802987	2.170710343977088	2.360150552610386	0.031566356443396275	0.9051454041302684	0.02371877396286761	0.0011058523592369113	1.0462152697573066	-706.5402887138263	19	36.43090803093119	
1516000000	-3394.087724418308	-2682.1994910789354	-711.8882333393725	0.011990197727175128	0.9635504064630606	0.6535760267514744	39.098802247560016	-1036.1038086033627	-1077.750701276464	-341.9116127402675	-226.43336845884073	0.598621367065009	1.578553235224779	1.7515898130524978	2.1039327359000963	0.03108091127857989	0.8333161295903364	0.024101817225466983	6.826819921910698E-4	0.9281261528097359	-711.5528055726572	18	37.124269777888415	
1517000000	-3407.0844414143858	-2682.921175497269	-724.1632659171166	0.04014465107039225	0.8541556826068092	0.7203901250038203	39.95929501785201	-1034.2406173691445	-1073.9454744110635	-343.7904641858958	-230.94461953116527	0.5982087157269403	1.5929723741897106	1.8211902270721652	1.8602001361046288	0.03010584460594442	1.0772588793562354	0.024791682283944228	0.00259533387048829	1.5246509857646133	-721.5317830370005	17	36.932314262624736	
1518000000	-3388.234110000053	-2695.750296026171	-692.4838139738822	0.013994797049070772	0.9508488028910765	0.6809825846255284	37.12388526662454	-1032.3524766757637	-1081.2397444729966	-348.1693611353902	-233.98871374202022	0.6490084533242632	1.438272533498605	2.0130267924054412	1.9515896986422163	0.03254093076559305	0.952463706278927	0.023494669714886535	7.032471377863814E-4	0.9031239097906267	-691.392473293568	15	36.58000341826064	
1519000000	-3394.8721470921973	-2695.8063525296247	-699.0657945625726	0.016855060751087666	0.9441067808410132	0.6624202628984484	37.92967918136333	-1036.0617608205046	-1078.356599248877	-354.9703211666255	-226.41767129361793	0.6367980553276126	1.430379057566486	1.7615893888103817	2.6946440002589997	0.030510247468685945	0.8702965002035711	0.025818880013685635	0.0010506194706545108	1.0022911120427933	-698.5833202712979	14	36.724238246266765	
1520000000	-3413.509945646173	-2704.3959810598226	-709.1139645863502	0.021278713025484522	0.9323940447694365	0.6569764732741666	38.67245432912257	-1046.4674605527107	-1075.1864024351423	-357.88738748811136	-224.8547305838577	0.6107299513697588	1.436715395150122	2.012187715140679	2.694363866127528	0.03020872729885501	0.923535892127213	0.02396596500667589	0.0011745069164652033	1.0834698094309767	-708.4248385847338	11	37.41076836659144	
1521000000	-3369.1058052731255	-2675.4284716455913	-693.677333627534	0.0031225829050572046	0.9897662119603907	0.6790132125193955	37.047078779735585	-1030.131093111872	-1066.1803994661275	-351.1714414439774	-227.94553762361465	0.614993810117286	1.501628900557028	1.9006275250348141	2.2243593339476457	0.033996179436628984	0.9555389312924498	0.02519696809602966	0.0016893368799697675	1.1894686992313348	-692.6483347069393	13	36.13024019760149	
1522000000	-3397.6714696171784	-2682.4054689424015	-715.2660006747769	0.024023390089248003	0.9355124759836354	0.5665836961711908	40.41467215045043	-1034.0816987062894	-1075.4247728050127	-348.9037454472773	-223.9952519838222	0.6355036553224095	1.2868357388348297	2.435446097189473	2.831878229279412	0.028572518455074043	0.8641176436618712	0.02388772733577907	9.674626780113349E-4	1.07392258244584	-715.7805619238353	15	36.60386858550061	
1523000000	-3390.840278987209	-2696.7779364629087	-694.0623425243001	0.006663377406062068	0.976036170255341	0.7077502143143609	37.85636617441487	-1039.8112078364254	-1081.324177420037	-348.6339301236882	-227.008621082758	0.6699619163943129	1.407271100036285	1.911980352669371	2.0093180710103473	0.03706694738312913	1.0074789836075912	0.030406293441319534	0.0013578985839329367	1.0825080077154594	-691.94744776115	17	36.982468419744656	
1524000000	-3376.563577680983	-2685.0058689627435	-691.5577087182394	0.02830662539786198	0.9018010476955549	0.7320207194470949	37.219689267837495	-1030.210119859651	-1096.1121819548298	-335.9816088121414	-222.7019583361213	0.585497071168282	1.560350301916139	2.005656540978832	2.0725039838447383	0.035748084188388325	0.870598881359921	0.025921107090788535	0.0011839911356452755	1.0244895109533945	-689.2680637888533	16	37.14409495337815	
1525000000	-3400.317571667444	-2685.6057777025194	-714.7117939649248	0.05924084492711021	0.8135712887623158	0.646666863714522	37.022013896787094	-1043.1085942729467	-1071.1355800457059	-347.9813856421262	-223.38021774174038	0.6135739660415361	1.4021072952336475	2.2929897503289873	2.4603969250326334	0.029704392430369233	0.9144431415975821	0.02393477129837533	0.0012673691908305711	1.116909793037647	-713.7819071591418	15	35.77428183263985	
1526000000	-3374.757717619678	-2679.7923863826973	-694.9653312369804	0.04348036150332311	0.8664632991301905	0.6626740033524071	37.65502992490093	-1029.5093905610818	-1077.1331467338975	-346.0162527298246	-227.13359635789294	0.6678388070475688	1.350978848454489	2.0907434129252955	2.24345205738694	0.03514306216959569	0.7832558545581728	0.02691096524962024	8.198881756038832E-4	0.8738051864319365	-693.8812109862022	16	37.11086413210199	
1527000000	-3425.8488656339914	-2693.2395813042363	-732.6092843297554	0.07363885472949548	0.7745600247676744	0.6711008107783004	37.15419064471317	-1027.9021309037541	-1086.7134239233703	-342.44675406768675	-236.17727240942494	0.6496852559460193	1.460125012742559	1.5652671595131267	2.5256374931950636	0.029719436098172715	1.0019398474800665	0.027810857515773883	0.0022983505470604323	1.3857349918413315	-730.8112970815549	22	36.817980481022225	
1528000000	-3402.0708821231874	-2690.496173578569	-711.5747085446184	0.04086490881199649	0.8635546452661071	0.7134964737349485	37.75968083858323	-1038.1507357136406	-1069.5268647090652	-356.0666970314432	-226.75187612442	0.6682755538714127	1.3620717625366905	1.7836878110486842	2.6726649442781514	0.03255406957411898	0.9353664320911197	0.024981529819458944	0.0012253085836692024	1.1821158148470072	-709.4864957204095	14	37.27547490637037	
1529000000	-3423.8716985477954	-2687.29907265775	-736.5726258900454	0.026541251531413172	0.9092771818143123	0.6551067941985735	37.18595737699303	-1031.6330121177475	-1068.3756549626605	-358.05559439610585	-229.234811181236	0.6176619872061542	1.4568375365965895	2.0977171434619195	2.2318794126558057	0.03114199799174837	0.9836880465582086	0.02268050909610773	8.70634036959609E-4	1.0326514293341202	-735.6898560767597	12	36.94723948218931	
1530000000	-3382.306110846312	-2684.377196936976	-697.9289139093362	0.012385286916291397	0.9629293000491075	0.6204758256460503	37.129350519609034	-1032.801465774453	-1063.713244934646	-351.92926829686627	-235.933217931011	0.634996938726669	1.4271016739581543	1.7818793890771192	2.7228541676853264	0.03375907882208763	1.049439810835372	0.027095267077202285	0.002330600681712236	1.3360378703095497	-697.2773689747112	17	36.888380366041275	
1531000000	-3395.6063018034356	-2679.748469056315	-715.8578327471203	0.03364836433060539	0.8922583116246389	0.6539464092502159	37.00499848372387	-1027.6770319495963	-1068.5688154139443	-360.2811268211828	-223.2214948715917	0.6177482284179052	1.2877051509447806	2.5297135088066813	2.9964386611454383	0.031899023988842944	0.9104452635241724	0.027499269277240695	0.0015050232955616547	1.214618019854768	-715.0495564467598	18	36.45099244424882	
1532000000	-3408.163426382909	-2688.073783928656	-720.0896424542528	0.007874824305943273	0.9701603077125476	0.6941657561691827	39.01069191882387	-1020.787814280306	-1089.7385490347058	-346.16440859678414	-231.38301201686045	0.5927164177326385	1.5011589973319996	1.9703226569397714	2.52989243744765	0.025281138625921035	0.8760701202769542	0.021879221074225286	7.734040694370708E-4	1.0861640051668426	-719.6382195838285	19	37.662924946257135	
1533000000	-3391.26032527132	-2691.502283504007	-699.7580417673129	0.012924070273661962	0.9567545428790908	0.6813917267797519	37.462869855129696	-1047.2884809236411	-1069.0599697904652	-345.56004381885407	-229.59378897104688	0.6599871552939472	1.4200571618924434	1.997739008385584	1.933686327708629	0.03766732907465926	0.9516298858726837	0.02527101050516036	0.0014482653890611043	1.0600130531301144	-698.1226482725194	20	36.423390922297024	
1534000000	-3409.577147298363	-2693.7617535126283	-715.8153937857346	0.03727764108249167	0.8958915961033678	0.588077006919435	37.36898312579664	-1036.3919475573266	-1074.7375315935853	-356.9768864118672	-225.6553879498494	0.6359920042793125	1.3994784168535954	2.0078366968181625	2.557131947579317	0.0305125588751363	0.9078914212434301	0.025018180852464537	0.0013673258324625362	1.2521905677954193	-715.8783898880166	21	37.07232785889403	
1535000000	-3383.584617010335	-2670.9134294720816	-712.6711875382535	0.001624865566802584	0.994850251325424	0.595068101888756	37.760930169908164	-1041.8698461405409	-1061.106837603752	-345.6813536296862	-222.25539209810222	0.5857931685829505	1.4573728298384052	2.39346495810657	2.3150106516922446	0.03025288369230138	0.9177843340014716	0.02388659399728052	0.0010808495523227629	1.0890917918823062	-713.1820379340365	17	36.93405378269815	
1536000000	-3393.0401204341515	-2690.494745830873	-702.5453746032786	0.006702407959462384	0.9740209107262237	0.6913238318872018	37.695176525740635	-1026.680706622218	-1080.1676697683563	-352.16767345613675	-231.4786959841617	0.59165221826714	1.5352189885623273	2.118503079414499	1.9842565668884817	0.03829687193168901	0.9581425325480744	0.025857143951523914	0.0019447995648178404	1.2288931084971217	-700.7433755896519	24	37.019143326830985	
1537000000	-3426.3443018827365	-2687.1173194684966	-739.2269824142398	0.036144850843003444	0.888751901636993	0.607847209070782	37.21432417721013	-1027.6799560914135	-1073.7518206624275	-354.07445581370285	-231.61108690095267	0.6334347092322543	1.4364292259116134	1.6682435098904262	2.867451349074886	0.02563088273241669	0.8933267383606119	0.020767359725342785	9.20906207956362E-4	1.2018637508068717	-739.6070430137061	18	36.812120096633954	
1538000000	-3431.729380536317	-2682.127592921461	-749.6017876148557	0.04497029260343979	0.8739704564711968	0.5723718560989843	38.64465911329213	-1029.002728050184	-1064.7157337437686	-356.6090585266478	-231.80007260086057	0.6477419131143197	1.3250223010340925	2.277489953449315	2.532095522985276	0.026385418733064128	1.0077680087852232	0.020103255731806827	0.0012029304172352644	1.2221872432178829	-749.6619130116536	17	37.87591577808758	
1539000000	-3443.121296323613	-2712.9644133549828	-730.1568829686305	0.05106479651086833	0.8177697395771779	0.6751863781442018	37.7318700313133	-1041.29062803772	-1083.3381841097346	-358.9328010762969	-229.40280013123152	0.5907399773613248	1.3896504042431084	2.7485344677445536	2.209151473394346	0.028262319595936267	0.8458364886194285	0.025813146481533846	8.715692081499311E-4	1.0167920625617164	-729.2160394845558	20	36.766093039288734	
1540000000	-3401.8901175838027	-2676.58807698838	-725.3020405954227	0.0274106265326367	0.9143595146384202	0.6292715358721425	37.650743695205676	-1022.8713983596047	-1075.5340916672021	-349.847726466539	-228.33486049503455	0.6183725245095275	1.527249858562	1.6219578123213036	2.417247135699146	0.026780298626031165	0.7946294967765934	0.025202103515480353	6.491598234441676E-4	0.9137743436645953	-725.7261768399195	18	36.42578957535324	
1541000000	-3414.6494443857205	-2673.484984678364	-741.1644597073565	0.015019796087749185	0.9436305984187037	0.6460402324517198	38.96656812151494	-1035.786024087574	-1059.6627462336112	-347.57198291567215	-230.46423144150626	0.5874217643194561	1.6018439687987382	1.848715614590903	1.9371384332080774	0.03096291059126036	1.0294388946436346	0.021355232757314088	8.075136511773861E-4	1.0981251469091815	-740.2858987030137	18	38.48162635181292	
1542000000	-3454.276849688619	-2675.208005423043	-779.0688442655763	0.00406273118722931	0.9826236313729165	0.6340148626146318	38.52987985195121	-1033.1101350218196	-1069.3429582259826	-343.75666441088924	-228.99824776435145	0.6402163893629996	1.3941643941582182	2.4265548936066406	1.791937990867909	0.022233248373454154	0.754722236962358	0.0195765935764099	3.8751073343960135E-4	0.8671955317564874	-780.2460883112433	11	38.25004569324844	
1543000000	-3432.8968808190252	-2695.099194429369	-737.797686389656	0.006581776597485374	0.9750043102469501	0.6146765318013586	42.792124143241026	-1039.6010818401492	-1080.5720276277593	-343.8889226610345	-231.03716230042642	0.6264259408057743	1.368884548928381	2.302682214580222	2.498252308819976	0.030141734733523284	0.9181470702351245	0.021400288789512056	0.001149463541650854	1.1563791436090631	-737.488612506482	19	37.319291784281845	
1544000000	-3419.196785201319	-2685.1907810108273	-734.0060041904917	0.020815432798270066	0.9299816721126433	0.5939871374350681	38.181245731391904	-1045.259283403878	-1071.2739969229076	-340.7768531921437	-227.8806474918979	0.5716430128111901	1.5935976996840513	2.1309228541905467	1.8172884645980378	0.02808004513677409	0.875218455059524	0.023170657340740877	6.991252765955189E-4	0.9871514487847914	-734.514025533553	18	37.84195348061981	
1545000000	-3386.702478106193	-2667.14229538839	-719.5601827178033	0.017861805849254786	0.9338087644452835	0.6479420059097305	37.12703537313078	-1030.8879634109037	-1061.1662471247644	-346.495639043193	-228.59244580952878	0.608794117629995	1.4333534748106602	2.2392822908018184	2.3639864828315065	0.0310480627182872	1.0010447324987422	0.02256672802553239	0.0021946651369781677	1.3980110005650717	-718.877421200839	20	36.699713888021805	
1546000000	-3375.2468796774	-2667.3891383738796	-707.8577413035207	0.02012570685666423	0.933592842025147	0.655196010316277	38.11762730620812	-1033.5266308645423	-1070.784113530175	-338.3235258438093	-224.754868135353	0.628431708499541	1.5205960652996133	1.7099146240664547	2.1320823586964757	0.03154666792769642	0.7759712653149411	0.02443281791984041	7.585534750273418E-4	0.9010204787817159	-707.5998711249738	19	37.39508712148069	
1547000000	-3399.920069850555	-2695.910138718152	-704.009931132403	0.014768869972302362	0.9505274097124435	0.6602008953820102	40.07402909232926	-1034.9854008853029	-1086.4562451015815	-341.6505575563109	-232.81793517495697	0.6982920936579744	1.2996867703431694	1.6997753025720137	2.8106625079095324	0.029079457714156997	0.9027659857131983	0.024341483810527587	0.0010664199040215558	1.0754124974965327	-703.4108682886998	18	39.59627866671947	
1548000000	-3400.2719413248487	-2687.5523988485984	-712.7195424762506	0.0241926982140999	0.9194066394422924	0.6307558163913587	39.9161326875122	-1038.704138644446	-1077.2131927554371	-340.5261953137823	-231.10887213493302	0.6489265217228952	1.3817245380825516	2.014553575133252	2.4594064880394586	0.0282476540555226	0.9193360678352981	0.022837723516304368	8.987465185665887E-4	1.044527856692042	-712.404390130523	18	39.54848105484026	
1549000000	-3402.8285184737497	-2683.386847193817	-719.4416712799326	0.049014521544770824	0.871585645678434	0.5583906228474653	37.465348633982025	-1037.3190179826227	-1068.1738269494483	-354.4725008957328	-223.42150136601322	0.6812451168158302	1.351340097945236	1.5495884776640956	2.932502063080561	0.028953170061106502	0.8266973245790028	0.024798591443212552	7.423344391027499E-4	0.9522344560003163	-720.0257618423602	17	36.698923720582606	
1550000000	-3406.7511787296835	-2680.6484304419737	-726.1027482877096	0.031102785260579052	0.8871164468656052	0.6802043455104078	38.920227147010735	-1033.4911118580033	-1069.8591944673028	-354.7647890954856	-222.53333502118198	0.6485943769678935	1.4509661478949436	1.679098677423001	2.4295888210659253	0.03166841554835365	1.0007780050002155	0.02525043055448352	0.0014390515304086272	1.248505451248432	-724.4840814859326	18	38.228495019115456	
1551000000	-3417.3653713743524	-2700.4953742479333	-716.8699971264193	0.023475525217345722	0.927472826241892	0.6110990511114333	39.868321062024236	-1043.458612462595	-1075.9191533883077	-344.33069328036055	-236.7869151166702	0.6331775902572443	1.441960810935039	1.6971815827200147	2.7719107169375947	0.02682912548530268	0.8313652133311991	0.024424695466179067	7.935072106569946E-4	0.9386805710047799	-717.229562630116	10	37.43675283989842	
1552000000	-3396.978362419564	-2680.889901519544	-716.08846090002	0.024762981292836703	0.9141095582786684	0.6192628655454975	37.537491423382676	-1036.5824229445907	-1072.2207978029214	-349.8614341822243	-222.22524658980717	0.6298492242942874	1.3250578972424325	2.5876994169935963	2.3288696834884974	0.030559599720993206	0.8861237004772944	0.025488794392949245	0.0017610109297037395	1.2605974901924482	-716.0248277045838	12	36.981980240265926	
1553000000	-3390.145697736327	-2683.175264840458	-706.9704328958687	0.030227381476429165	0.904227122690402	0.6517757961867566	37.57681688109034	-1025.896785741538	-1083.0761209955995	-347.4193965998707	-226.78296150345022	0.6304408273362824	1.3828894803884852	1.9869476341717496	2.8484605973143817	0.026333456066582855	0.8114166057578205	0.02332495769362658	7.55843282007055E-4	0.9877144757561886	-707.0469062400663	19	37.00722199890979	
1554000000	-3402.258007654707	-2674.1273597677937	-728.1306478869132	0.019317246188262117	0.9337792035631559	0.594444977621531	37.52148742872854	-1022.5584777325737	-1072.6656544288526	-346.15308537618665	-232.7501422301805	0.6328069635210981	1.4479791114264116	2.1074692053522255	2.0067845808956912	0.028061642929540706	0.9175258724180253	0.022882016958786593	7.920633447210016E-4	1.063572501082439	-728.5947254973103	21	36.77508680891401	
1555000000	-3402.655403144019	-2692.993068467831	-709.6623346761883	0.0183907467524204	0.9379324191386293	0.6256039989765702	38.096755654355576	-1030.4200964745714	-1073.2848348992682	-360.1621798424488	-229.12595725154247	0.5962808943062876	1.4476042020195468	2.121674298426806	2.67929516775833	0.03242848773395833	0.8215789750270232	0.026125666406339607	0.0013823617366054337	1.0586603387494888	-709.5878525676676	24	36.6400047925303	
1556000000	-3422.1530152559326	-2696.451161523749	-725.7018537321838	0.06974384749915878	0.7914531989680693	0.6014842582825437	38.194437840429664	-1035.5954264796717	-1091.6110063953456	-339.4333693223391	-229.81135932639233	0.6257123786883585	1.4670501998191698	1.9258689906113466	2.2877422729794636	0.02804979637696068	0.909056162498964	0.023083314078364687	6.977973405603602E-4	0.9875169962950048	-725.2225233749568	23	37.538647535234915	
1557000000	-3412.0961237499846	-2688.8898108855833	-723.2063128644012	0.02120327099005936	0.9177906674355292	0.6776139330632206	38.71264685905134	-1040.7220177998208	-1070.1125132458978	-349.88444664493613	-228.17083319492804	0.7025586447104766	1.36194666238348	1.9686259959753754	1.698770296093357	0.02618371786120933	0.7790494391059721	0.022257389355231964	6.524764437643031E-4	0.9533356668149462	-723.0420554077848	16	36.99889923911892	
1558000000	-3436.541832024477	-2675.5547063674835	-760.9871256569935	0.015828684058562702	0.9510296101712642	0.5446580316818975	40.10989063964497	-1026.9626674465117	-1083.3446410207673	-338.38520750399465	-226.86219039621034	0.6041564893516145	1.453716324208806	2.1329015102689164	2.4550021414700858	0.02446863854212445	0.8374321678369205	0.021474859866993212	7.07276232660201E-4	1.0159272157752701	-762.3318721336959	13	36.93613892450327	
1559000000	-3408.1691115208682	-2676.8764904000004	-731.2926211208677	0.0063073986415160535	0.9769248078659232	0.5962713646931048	37.27241494906272	-1033.01380818922	-1072.385049744192	-347.2550090916699	-224.22262337491873	0.5890364379556827	1.5098350827899327	2.0452736017197237	2.3905631307236903	0.028397145968190433	0.9058367492034639	0.022336217799923466	7.983386496509659E-4	0.9899628248114604	-731.9811180165035	16	36.98681956942786	
1560000000	-3437.0806964670783	-2714.375274493674	-722.7054219734042	0.041928483576276966	0.8650570828098572	0.6582223764852411	40.142873563859744	-1035.5715212374068	-1090.3706671241819	-358.8605357188666	-229.57255041321878	0.642279880540491	1.4470279094661325	1.8275971959137731	2.325135991686968	0.030573096567386746	0.8436509999833836	0.025407730754334477	8.076236817113877E-4	0.9741329755923823	-721.7171145133053	13	37.98117717484554	
1561000000	-3428.9636307495125	-2702.2125602976425	-726.75107045187	0.016896808642759165	0.9310913851265942	0.6883878140667262	38.002952962434314	-1034.6701100225507	-1084.2149795884714	-357.7368588303515	-225.59061185626885	0.6432792876299395	1.403680263371921	1.9237005475348372	2.52809520649852	0.032816383627965066	0.9065208419000457	0.026148957884355787	0.0015365235538744556	1.2636628777883123	-725.5092456304923	19	37.15880089857555	
1562000000	-3423.2372486370705	-2691.6734169108304	-731.5638317262399	0.016980608558538033	0.9413499871903805	0.6021331158903687	37.5127598572524	-1044.8715708519187	-1063.2746490569357	-347.2262723753141	-236.30092462666153	0.6470574662696298	1.345875573547811	1.9063661411633968	3.006887231911371	0.024687942095859085	0.9150461077752969	0.021778717798498763	9.541073647901174E-4	1.1562018956102786	-732.3030265743848	20	37.385936758542606	
1563000000	-3405.475826800444	-2691.630192443149	-713.8456343572947	0.03321286614004787	0.8935072036057865	0.6573689688040496	38.72945447014623	-1029.7609315273344	-1082.657579479294	-353.15435202211523	-226.0573294144054	0.6781755937719601	1.324872435973325	2.0812629816479933	2.2986015766894337	0.03099921126372725	0.8454243844224739	0.02488875480299025	8.99252936717933E-4	0.9906828900705489	-713.1132708659491	21	37.633054204873005	
1564000000	-3425.927844363113	-2694.5856207248735	-731.3422236382393	0.023675769971015004	0.9086763931226164	0.6519437295475039	37.809821048763474	-1032.0890677202644	-1080.5890405709297	-351.70019646526634	-230.20731596841327	0.6327054447322087	1.3920632125871852	1.747213331256563	3.1424043071049415	0.027563492939332523	0.9053748175610895	0.02296052363502698	8.101283887630082E-4	1.0876278586672299	-731.0700280932695	18	36.51819330396218	
1565000000	-3405.2795722052924	-2681.5103030173063	-723.7692691879863	0.011587977811733412	0.9588363815239876	0.6366401317161555	37.51431434378857	-1039.257686083181	-1063.7623082711957	-347.6349116557776	-230.8553970071522	0.5911364973434581	1.567879141178274	1.968428161252062	1.9627449976793327	0.024810878394468376	0.855784362815382	0.02035242084436087	8.096256700286265E-4	1.0711327808274123	-724.3538251403198	19	36.78358117430977	
1566000000	-3413.6140483407785	-2697.4629345821572	-716.1511137586212	0.03822844856417803	0.8679358021386488	0.6885861227942375	37.3784405052751	-1042.1377896583367	-1071.5574762757924	-346.89292589535137	-236.87474275267687	0.6079531154305654	1.543794780323409	1.6946085426843442	2.339172834211661	0.02854704692152806	0.7378861394100237	0.023700812090741354	5.565332396033714E-4	0.8595996923798848	-715.584333372384	18	37.08693019894536	
1567000000	-3345.323238537466	-2648.0756825151675	-697.2475560222986	0.020156440486841103	0.9317888743589634	0.6727007079723937	37.796353566137164	-1023.4685166557185	-1055.2941119753423	-343.27372735424547	-226.03932652986185	0.6606659371824328	1.3081338724644167	2.071459579151862	2.799088077838909	0.03156628746919639	1.0104202153539932	0.026523764959083533	0.0011267218554978473	1.0595929229354748	-696.0311225819612	19	36.73307522110742	
1568000000	-3398.6410715441643	-2689.6387079558995	-709.0023635882651	0.02431885640268014	0.9302544906570905	0.6091603246934988	37.275754276331426	-1044.6824405771001	-1066.872011777527	-347.71714393702905	-230.3671116642434	0.6432135639668632	1.4241441789529938	2.073307090060548	2.0833572664473405	0.03227188995394748	0.9214192349475198	0.024508581369699443	0.001086877500960066	1.1422811149826766	-708.8265634455682	18	37.061293486563756	
1569000000	-3395.9574816917157	-2687.2300733324523	-708.7274083592631	0.0359644097509659	0.8870130444005382	0.645202251102446	38.42042952104583	-1027.0788477572985	-1077.291482227308	-353.7352133961092	-229.12452995173635	0.6792740158423087	1.3056272048023403	2.1724289703570494	2.2913981576509195	0.025919223068881236	0.7085796070634555	0.023823074411384437	7.282484508586734E-4	0.9526125622277878	-709.081723359158	17	37.1272021554794	
1570000000	-3375.8489771620066	-2692.954386694537	-682.8945904674697	0.04939359972331183	0.8413233953999139	0.6983275299640436	38.313873557682044	-1038.9908383635027	-1078.1714026277014	-342.45478876540636	-233.33735693792642	0.5857267804444968	1.499599215690245	1.9357664421563274	2.737206956569485	0.042094499405297185	1.1009670601722827	0.02550776866051313	0.0019563918755231536	1.202058515703766	-679.3819666307253	18	36.380234798154596	
1571000000	-3426.897795118158	-2708.9719709326473	-717.9258241855106	0.014705064977037646	0.947378614821748	0.6068040813887325	37.86588794061455	-1055.669148524785	-1068.3413360297807	-343.4920695324462	-241.4694168456353	0.7019153420273387	1.2246390904252331	1.8888547656614874	3.086360847746637	0.027581150253731913	0.7762649035533573	0.022298890595759197	6.788223616432477E-4	0.9409998149327546	-718.7825069038634	15	36.895669924340595	
1572000000	-3416.9745097066834	-2678.2103892473906	-738.7641204592927	0.022014361786991062	0.933788571455664	0.6892821142534784	37.53492885207467	-1042.2686918659042	-1068.5923983578366	-340.82971964356506	-226.5195793800851	0.6310574074365676	1.5261316073229798	1.7656662291990504	1.934808891700872	0.023396043207216704	0.8880760775106913	0.020818737791758492	5.192914407216079E-4	0.9850539450477744	-738.4490734406543	20	36.75483046566261	
1573000000	-3387.5658823072317	-2690.1716127586596	-697.394269548572	0.04501817914929918	0.8576634045562513	0.6687373729823872	37.56020279354651	-1034.8143232596692	-1075.202199309861	-351.4161393501158	-228.73895083901368	0.6451858192839302	1.4293580537706179	2.154686759683268	1.8565451202248697	0.03026082709067847	0.8524817074059684	0.025598153227882163	0.0010293519736175698	1.0675076991610875	-696.4762692345695	21	36.18292355459652	
1574000000	-3380.8566368435695	-2684.9420429104675	-695.9145939331022	0.014642106304537168	0.956108963460229	0.63972592039084	37.01265515426569	-1030.5511869463999	-1084.3128838388125	-343.39554490171395	-226.6824272235412	0.5842400373668052	1.4596134012946966	2.5392417824180167	2.0692455591476846	0.031055306707143737	0.9890042966514434	0.024407897040568064	0.0013364492965556823	1.1874637704888202	-695.4549210105162	18	36.49230236085672	
1575000000	-3392.4301185702743	-2673.179461880031	-719.2506566902435	0.00913405204315494	0.9687025511778622	0.6691330933550736	37.555657342011465	-1024.4574283982931	-1065.3956191034417	-356.384935561893	-226.94147881640262	0.6331651851464386	1.4062099001337152	2.189882039461184	2.2316788119579556	0.03500822337107255	0.9608738722567995	0.0251968276945625	0.0017476763405174156	1.1877502912774403	-718.0970993401886	17	37.37511973578221	
1576000000	-3400.849863312328	-2692.7507899479183	-708.09907336441	0.011004802818399242	0.9636041379018228	0.6204361509135674	37.10140888801463	-1048.7598476322542	-1071.8771481504964	-352.8944667921089	-219.21932737305852	0.6526853483638999	1.4132112891964201	1.8669254555002732	2.3629572311934077	0.030692958852237127	0.9086971973774282	0.02422467787330058	0.0011452825236188838	1.0811832028458346	-708.2144098896532	19	36.26416987264235	
1577000000	-3430.173125428544	-2701.8367521639148	-728.3363732646296	0.03961721802673037	0.8754262484378544	0.624167465742284	37.739616236915	-1023.0584742721346	-1091.1528867771856	-355.10326699278926	-232.52212412180518	0.6009585615967351	1.5112088133487935	1.917288943467549	2.3756523584554707	0.026875381566837882	0.748975475894611	0.02215780117310568	4.618329183670004E-4	0.7929021166806175	-728.7500622656189	20	36.95629685162993	
1578000000	-3403.6821691236	-2695.0231945155456	-708.6589746080546	0.027731394397844195	0.9080556429243292	0.6976562958656993	38.52665004000007	-1043.9386975497591	-1072.7727776360452	-342.3018029656158	-236.00991636412544	0.6218031752492675	1.502749109289812	1.4517145215494178	2.870497273944907	0.02825888985744373	1.0036676819469927	0.022516558799599722	0.0016579358923136517	1.2981266487885628	-707.1989608726467	21	37.09835978313906	
1579000000	-3427.240004702173	-2704.7585319374166	-722.4814727647562	0.028632317302759985	0.9072901457883995	0.6364458949498076	39.17363604083978	-1038.5632936586305	-1078.808254466643	-356.6334203892038	-230.75356342293955	0.6537167936361108	1.3575296790631441	2.086706404430396	2.4598776015931585	0.026603257498037405	0.8120914373018258	0.022207470690069998	6.411400942125414E-4	0.9178627253677236	-722.5938361857976	18	37.10812633947113	
1580000000	-3408.488436099372	-2689.3283540304055	-719.1600820689662	0.009601778178431915	0.9685599365323753	0.6411422832213637	37.127218462476286	-1032.1939545651096	-1080.4396662278398	-343.9817809655922	-232.71295227186417	0.5790072058057502	1.5231950506515086	2.137813430195051	2.29893413098662	0.029030465694195564	0.9710288121091972	0.023199676818966498	0.0013961320849591834	1.251577467189325	-719.004867319711	16	37.02830399330814	
1581000000	-3407.0907606193723	-2693.358070966244	-713.7326896531283	0.014750649477649942	0.9509876326730438	0.6556012808701356	37.76606350525581	-1024.4872521205418	-1090.9889850066475	-349.3198924553834	-228.5619413836716	0.5973770031877966	1.388349958691566	2.2372140626305503	2.989562701605194	0.02876267505228809	0.9270265392147686	0.0229167459122751	0.0010101548804259295	1.1075247273860247	-713.3929000537903	16	36.86806526935696	
1582000000	-3403.835182833517	-2704.4781140176406	-699.3570688158768	0.03778228789633252	0.8885639176484945	0.6739701975315133	37.53503186212324	-1030.4503698680824	-1088.7129915106825	-353.678999117252	-231.63575352162388	0.6286846547762065	1.5076590901985436	1.8406576027048525	2.014908942732504	0.030973151233056145	0.8888165718980782	0.023743820584931803	7.441370132531235E-4	0.9718035656868542	-698.3083938494603	17	37.08840512394939	
1583000000	-3437.5120390139336	-2709.4443071449355	-728.0677318689982	0.02355190994558509	0.9263658145564935	0.597211056349044	40.08610285889175	-1043.9112567750365	-1084.321660464157	-355.5142552672388	-225.69713463850297	0.6776259348780652	1.3049164568572615	2.0411521731066866	2.558842822665546	0.03134198792521082	0.935113634744808	0.024156144681462065	0.0010025879728101986	1.0725573499754282	-727.7943173082815	17	39.440435106302715	
1584000000	-3380.847966832021	-2683.720582469013	-697.1273843630079	0.02680875069360147	0.9184814505411303	0.6145079384636973	37.24030148166756	-1038.6736198977535	-1065.0109800581997	-355.53729676075665	-224.49868575230298	0.6415723614802386	1.4646156175947007	1.8766235435970577	2.0944933722291124	0.027895744151706276	0.8612144776480818	0.020255756421835726	6.645728784722615E-4	0.9701158523078753	-697.4693031143302	21	36.82921355162435	
1585000000	-3438.522683560638	-2722.592728959974	-715.9299546006642	0.05318148023107471	0.8575605196868341	0.6002000474015641	38.70595838998922	-1031.0902718751797	-1096.5972554091388	-362.13929423022455	-232.7659074454307	0.6198088159202706	1.5060226600410611	1.9014119583917284	2.0919576299605835	0.02633985072536553	0.7842698683142036	0.023338397907130756	4.677606743996226E-4	0.8123717552247	-716.2653308055624	18	37.768052323849695	
1586000000	-3415.5332238369874	-2677.098722756317	-738.4345010806705	0.02266291948436001	0.91936628065045	0.6515999743830752	38.912196484068836	-1016.3619404701434	-1075.3462462446807	-356.473082439637	-228.9174536018557	0.6460803869831813	1.4760040394064622	1.7599446270562749	2.110533195313684	0.0266914551908413	0.8854094143365312	0.020712769562502547	8.296443418441089E-4	1.062350581915946	-738.2231121638758	15	37.20968222342496	
1587000000	-3424.959821745575	-2704.5572513338047	-720.4025704117702	0.00963651158198731	0.9699696930001209	0.6269150530324963	37.52997425309075	-1028.985153153237	-1090.0451785267703	-358.2510243964429	-227.27589525735442	0.6207699005461287	1.3809079298743283	1.912812716141515	3.1797782675077126	0.025548732086341147	0.8044126555624891	0.023257877721650777	6.862522709796585E-4	0.9896177799599468	-721.242415596585	20	36.42049380110898	
1588000000	-3397.0877064305896	-2666.1173785143765	-730.9703279162134	0.006248130773454771	0.9747684305192322	0.6909729482470061	39.85569553116616	-1015.0731282205277	-1074.2965148651479	-349.2974770242388	-227.45025840446192	0.5824742074484649	1.606693818430609	1.7879516871665815	2.093830240063008	0.024927243236102146	0.9604755911529818	0.019343658258992088	0.001030346868057179	1.2171323346299479	-730.2775726385282	18	38.58550664570473	
1589000000	-3381.029809778604	-2700.452981959506	-680.576827819098	0.028309641339695997	0.9216540705060415	0.6317018059919696	37.58725924948192	-1022.1440709980193	-1101.497420389583	-353.20652239497383	-223.60496817692967	0.6391529739252926	1.3980218048059945	1.878110152552974	2.7372044851985975	0.03477822431943254	0.8766638994476433	0.02571703232911252	0.0011336308149131557	1.0327991616848375	-679.9179778258053	18	36.81918306256149	
1590000000	-3403.933682625349	-2694.5160579864823	-709.4176246388665	0.017072741376149086	0.9424033251504039	0.6357114094905313	39.766255420524644	-1042.0479206899224	-1079.3638614427975	-343.5847787716477	-229.519497082115	0.6486651578969729	1.4422317321310119	1.9093925138043413	2.1038395116216604	0.03511741200023602	0.9391267463090263	0.02635751866707518	0.0015677962646512978	1.1043331248625332	-708.4208751780023	16	37.82809217654504	
1591000000	-3383.7874584686615	-2683.303231174691	-700.4842272939705	0.016807056395700865	0.9493689133791667	0.6163364721199672	37.31779319695974	-1018.0391222391407	-1089.4716849084157	-347.23254360351217	-228.55988042362253	0.6377044613878419	1.474179771062352	1.7039085996038856	2.384157244763872	0.030241383366234692	0.8191373060503402	0.02570783317474253	9.573965227847355E-4	0.9932669499323911	-700.863391436973	20	36.80647089067506	
1592000000	-3428.0746297173573	-2699.206465353992	-728.8681643633655	0.00782752849657608	0.9730733632998889	0.6761551911613326	37.109135252159554	-1051.4227144665858	-1082.591593631821	-345.0958272399477	-220.09633001563716	0.6581541084340208	1.4271084338290942	1.9586810555325587	1.973404188110619	0.02806708378126832	0.8354502646881977	0.022792138685806245	5.990883530533039E-4	0.8980027908068855	-728.7664524985285	15	36.21484610445479	
1593000000	-3376.5761448357757	-2665.0859090453223	-711.4902357904534	0.017016842764176855	0.9437757369282332	0.6246106513980161	37.69806523401453	-1026.534781718103	-1060.614676533683	-348.57474791480684	-229.3617028787296	0.651013687798264	1.4811075848307773	1.656409374273958	2.1520552633774512	0.030216489440206593	0.9342493948368787	0.02197041262851432	8.880809200022812E-4	1.0742077756611723	-711.3613182677639	25	37.073164810059964	
1594000000	-3405.5987614096866	-2677.642508141186	-727.9562532685002	0.03929494161100464	0.8586861472155269	0.6807976826730312	38.12801181202013	-1032.2491653524055	-1083.7946203759068	-339.9593602671065	-221.63936214576734	0.568961589244109	1.5960755319106998	1.9800825658235472	2.10990552697534	0.027776176000294354	0.9127576604808509	0.02218589601654588	7.171619469181123E-4	1.0206227151694647	-726.9278490160705	21	36.61977872570468	
1595000000	-3405.7930385084915	-2660.618730145148	-745.1743083633431	0.026601799616656836	0.89711940833484	0.6808531526918217	38.01725119792919	-1027.1419934256016	-1068.399114544633	-340.50985887134755	-224.56776330356612	0.6389523279511503	1.501212492102592	1.8282122670973397	1.8996218725853695	0.023726220161980068	0.784570538154474	0.02168730141587231	6.327085029826057E-4	1.020081284858977	-745.1415440480544	15	37.788283112989056	
1596000000	-3428.934593649456	-2673.797365041268	-755.1372286081879	0.01819747649865346	0.9255862197157998	0.6346696401973477	37.75964161498723	-1027.2228918069839	-1059.9326573842968	-359.69747394973416	-226.94434190025385	0.6290680812526586	1.4256606560903242	2.0777587149208796	2.3306828002759086	0.022114982831927744	0.7698404441421084	0.01981086308905608	4.6449406397515143E-4	0.9151534399781941	-756.102336320751	15	36.83229107434061	
1597000000	-3432.1835857663577	-2693.2343604746693	-738.9492252916884	0.05155818810669772	0.8320536661196213	0.643374153503976	39.08213034606705	-1037.9413204363798	-1080.0106526391953	-346.73455305632945	-228.54783434276504	0.6388600630355163	1.4759552653469947	1.7569262818089286	2.253440421037477	0.02711041283738187	0.7045990199736454	0.023832859435615073	4.901466222105691E-4	0.8247907321371114	-738.8938414139013	18	38.92250528638148	
1598000000	-3407.44996532939	-2692.9161153793693	-714.5338499500207	0.08041203218183993	0.7988867658626534	0.6203783504713805	37.10936511948388	-1050.4852954210767	-1069.0440752411107	-346.50065375454926	-226.8860909626327	0.6037946013776049	1.4966234837460917	1.6264282682644324	2.9620417506487517	0.03863590279975291	1.0236539368164959	0.02570487484304794	0.0023023975090726142	1.3657524357289852	-712.3894621067269	15	36.827377547886094	
1599000000	-3381.9708935111066	-2679.7330447373674	-702.2378487737392	0.033976695881527234	0.8907859297630013	0.626919510924625	38.70564515907852	-1031.2700276916328	-1079.0520125725113	-340.3415068033729	-229.0694976698504	0.6080573628434154	1.4265035944881364	2.0508554588961236	2.769380702514501	0.030624216108090924	1.0163718937475317	0.02287457297477215	0.0018164571897721841	1.4303084214699477	-701.4027498914224	16	37.83887787308277	
1600000000	-3422.463824225988	-2680.114888495241	-742.3489357307473	0.016302345922050626	0.9418024635043879	0.6279422983315383	37.16127950858797	-1034.5534104339474	-1070.9479470780848	-341.59794202659515	-233.01558895661364	0.6476799723059175	1.3631099893584553	2.426679108775215	1.929402181605714	0.026886108284304315	0.9229125691851796	0.021007008153775125	8.241885150417978E-4	1.1234783417864165	-742.5999870139722	15	35.66017921804613	
1601000000	-3427.92265205059	-2680.0685487200735	-747.8541033305164	0.017848303011208665	0.9306770721472815	0.6549058074882159	39.16327923867734	-1024.8433777616656	-1077.179369392316	-341.69930053190285	-236.3465010341892	0.6138558439583888	1.265539528039829	2.687503315269485	2.993752410711435	0.029062111912490207	0.8949415093787612	0.023366886810377616	7.761898932907177E-4	1.0182609295981857	-747.3884850494043	16	35.70003182041812	
1602000000	-3395.7768219202103	-2673.543276140821	-722.2335457793891	0.03981862474331619	0.8535667821537103	0.7148247918970924	40.41662044008138	-1024.6316033785497	-1061.9557383223657	-357.9926265270238	-228.96330791288193	0.6156412700853812	1.3992805169494171	2.2593661430991916	2.505400465410337	0.03165810772262696	0.8382851648432638	0.027835031146088585	9.145963269084925E-4	0.9450586186955019	-720.2442799283602	17	37.15133853552087	
1603000000	-3378.3075573441943	-2694.0097052231295	-684.2978521210649	0.026274129734784785	0.9227257561757508	0.6342461122334047	37.177011663033426	-1027.6680748268896	-1080.7827055139169	-355.54647508459715	-230.01244979772605	0.6387676039153852	1.453427299385812	1.8824112587253141	2.238350128366977	0.032222699407448555	0.8380317669774666	0.02552376492608156	9.172242723996191E-4	0.97718943705988	-684.0590034747227	20	36.78363367359075	
1604000000	-3408.1679502201814	-2675.323905285875	-732.8440449343068	0.08797078618849907	0.729581687748943	0.6801279603290609	37.846479450577384	-1029.3369449551114	-1065.528541222538	-346.92840971460356	-233.53000939362153	0.6102062436538465	1.4853173439308427	2.0744733422929995	2.1578969261874468	0.03245505389104846	0.9750698470101861	0.023630202968410636	9.776062842004574E-4	1.0101797133374295	-730.4004678640455	15	37.68309525244365	
1605000000	-3408.0360195003877	-2674.0390456225573	-733.9969738778307	0.005854915665991028	0.9795342324661412	0.6513828334603784	37.6890369046814	-1015.8273394020207	-1084.326036819382	-341.5072557465465	-232.3784136546081	0.6475207680529865	1.4167306091573153	1.972313764763273	2.244980836242507	0.025288709160187234	0.9583976233462314	0.020635814166528595	8.830660141312479E-4	1.1728484677238824	-734.099472984014	13	35.979007821032795	
1606000000	-3400.1292177588252	-2680.0089898447372	-720.1202279140881	0.01936031742771111	0.9400953363955138	0.6383761769192677	37.31782466473816	-1031.4712069196746	-1069.1745401093215	-349.37560177405635	-229.98764104168524	0.6454846485456893	1.4108877353437976	2.0093447528191892	2.2714487421049503	0.027393013509174037	0.8997112017038916	0.022577372030487628	0.001274045413709442	1.2529024728746037	-720.2046111525879	17	37.17861274784842	
1607000000	-3433.88595432767	-2700.0408926809737	-733.8450616466963	0.08404834788104026	0.7474730197036372	0.6488380876619346	37.138543706348415	-1025.1290815633797	-1086.7993583448927	-355.4579634098597	-232.65448936284162	0.6289090848740579	1.3966426515971768	1.862143743012056	2.9721919727479955	0.02574013947534728	0.9468810639022288	0.021866672104862688	8.662566435791906E-4	1.1462447833360887	-732.7438995093975	16	36.95002657771958	
1608000000	-3384.779746215332	-2668.3315387566126	-716.4482074587197	0.04852957295648145	0.8520431693249221	0.6181922252803013	37.76304589587137	-1037.2046637291596	-1066.6458158960634	-337.227540395677	-227.2535187357131	0.6204408510993358	1.4359082277022455	1.7984188355457946	2.8912168175881123	0.030226519789849485	0.8182616604743878	0.02655058693059075	7.258191159955489E-4	0.9013282134029035	-716.2415433369474	22	37.464599227379516	
1609000000	-3390.1958127496755	-2671.6377764294266	-718.558036320249	0.03119718412392372	0.9003920757382585	0.6126681269221977	39.21507794489927	-1026.9886573549036	-1067.2566246027336	-343.97307864900034	-233.41941582278884	0.573584604551443	1.529411611714106	2.0215096431258686	2.5495461326261815	0.02745518627631845	0.8159382120262796	0.02238489096734765	8.155596380673736E-4	1.0513958089014495	-718.8260472787102	26	38.18137364509551	
1610000000	-3416.2761364427893	-2676.7073752145693	-739.56876122822	0.025340782434132427	0.9165829961725297	0.6265217618940684	37.64850396297897	-1047.1296966070674	-1059.8067829788413	-339.4550885858984	-230.315807042762	0.6010574678061771	1.5824815422574885	1.6063402858643165	2.2764787311034964	0.0277767177863552	0.9809359038639821	0.022007429728838918	0.0011697175153866984	1.253274535254731	-739.3774161582302	10	37.633246217121005	
1611000000	-3402.5793771850585	-2677.479219698751	-725.1001574863075	0.009566116104270895	0.9676127103552915	0.6361449655004519	38.22986559040388	-1031.6019193060613	-1063.4669741036028	-356.52760658074766	-225.88271970833898	0.6007536073414907	1.533228266736048	1.6511432121073208	2.647126438700227	0.027652269075406754	0.9445036337175773	0.025237266244901444	0.001193431609615588	1.1097919837171655	-725.1112865459962	19	38.15326725714549	
1612000000	-3413.1840626481367	-2682.6927849441504	-730.4912777039862	0.032929577999821644	0.8944133848113168	0.5922363413001458	37.67075318462888	-1032.243080609666	-1071.8756766074848	-345.57788561600535	-232.99614211099365	0.6341896195254668	1.4204589652046073	1.9861227296026034	2.4405517653709308	0.02876074530771325	0.9421281804831544	0.02306852384535012	9.51555884672074E-4	1.086925375069489	-730.5991816908372	14	35.72116558246711	
1613000000	-3435.8203339494885	-2681.2983676795325	-754.521966269956	0.028794711148489326	0.9010058273783659	0.5966152462855192	38.294754908321245	-1026.904524521364	-1081.5132963744923	-344.2589378874373	-228.62160889623888	0.6318972214716474	1.4449137332209785	1.8822874080520848	2.4457262289595616	0.026581682582232532	0.8960502271344657	0.021243028973982697	9.69062062682874E-4	1.1968810146182967	-754.9306931754882	16	37.99805611895091	
1614000000	-3404.5758061309575	-2673.530818667453	-731.0449874635046	0.03966043559543377	0.8726366365975339	0.5763881310925797	37.122594494971935	-1038.2892596222557	-1059.4362043899766	-348.31867234079203	-227.48668231442863	0.6526585493247317	1.3157683796269288	2.5753451080033236	2.0007182071826968	0.024585081809114537	1.0162499389346724	0.02151545031332258	0.0010790811660662152	1.2381543638435877	-731.4270353518042	17	37.01356269828248	
1615000000	-3430.5280134902873	-2677.3601957659066	-753.1678177243806	0.03670230657861591	0.8682587381847322	0.6235705887081703	39.2553467900093	-1048.5673462833602	-1057.2907657805079	-342.639592742777	-228.86249095926155	0.6220691174025745	1.429089987007994	1.957634405515532	2.6430166766277368	0.02610333270585604	0.8492353848359582	0.025286453005443722	9.95363140882369E-4	1.10758981718024	-753.2136839815129	22	38.869035470971774	
1616000000	-3396.0256389116325	-2685.3218549640014	-710.703783947631	0.0707944508682915	0.7623674463480857	0.7128761573908964	38.123583750854166	-1037.1913900975512	-1068.4235554731135	-344.42099424410844	-235.28591514922854	0.640260695843222	1.4435490765764043	1.8344484537823171	2.3828202956729068	0.03304354045741359	0.8602330595526682	0.027151692028114603	0.001227936280735515	1.0363356614066477	-708.2596135170254	20	36.60343507513882	
1617000000	-3445.3540553173857	-2704.951729035828	-740.4023262815576	0.00849938063569621	0.9692782985071257	0.6036976143495157	40.25645697578853	-1032.2655955201224	-1084.9139966599203	-347.4707188778643	-240.30141797792098	0.5635950287444518	1.3962326731138581	2.3633407403949294	3.339754100140381	0.02784077982811823	0.8792474315196057	0.023105665874885908	7.227618152306584E-4	0.9922279807291237	-740.7993086272271	18	39.56774751804107	
1618000000	-3430.0477664526834	-2721.2824491141337	-708.7653173385496	0.021700159942319136	0.9353513159989142	0.612544883190978	38.21051544996849	-1030.8289858201847	-1105.3018882715144	-353.23112161242176	-231.9204534100126	0.5561072787846538	1.555163627475471	2.13282172726922	2.4550510330920123	0.029864839453903235	0.8782105061402795	0.023456925373496435	8.052828786674932E-4	0.9462688995679955	-708.8691596390482	17	36.61595406274272	
1619000000	-3438.7442109010813	-2697.9638570387183	-740.780353862363	0.0018182983956347575	0.994084461485199	0.6174173455275203	40.19378427542863	-1037.050780658974	-1078.3090211197757	-351.14379491933914	-231.4602603406292	0.5930619081459622	1.4745441624434237	2.083870693281171	2.5641525699946524	0.028002532453508595	0.7919117007011349	0.025080400683984306	7.545802245914253E-4	0.9269733842431047	-741.3968008910069	17	37.136940544425926	
1620000000	-3382.080520463834	-2676.2322677029297	-705.8482527609044	0.01635711197638003	0.9474135228866722	0.639269662649877	38.38485693928089	-1019.7898829593179	-1079.5978002252657	-353.2701731581761	-223.57441136017002	0.5902469268620686	1.4701441679121192	2.085104327799141	2.6550783047639044	0.036534720379083105	0.9763710299551415	0.025473669599267293	0.0022200248218942104	1.2574760734771149	-704.7016516822957	18	37.65464446335529	
1621000000	-3401.766127043326	-2669.3792803622378	-732.3868466810881	0.04243136220297714	0.8733517229646053	0.5831011416282308	38.17359424068507	-1022.5322519580847	-1080.0479565632656	-340.2768749359914	-226.5221969048958	0.6195983853482595	1.4500226869708603	1.7507033615221799	2.8636956129822746	0.03374846713108796	1.0986567789366963	0.022655900827518966	0.0013687222251696724	1.276193580119151	-731.4127403609857	19	35.87036147833222	
1622000000	-3422.1594125567262	-2686.1636309819046	-735.9957815748215	0.06268050091146003	0.8171254491936069	0.5770988684873578	37.42464138621775	-1028.9794264431794	-1077.631358833503	-353.4912193452827	-226.0616263599389	0.5407454730040235	1.6265173006273341	1.8066138383268622	2.6756060902063084	0.028388754146523566	0.8605199719102653	0.023964066243299994	0.001123263230677516	1.1731994773959251	-736.1031419452746	19	36.92963159155191	
1623000000	-3366.2066372026297	-2663.114256426287	-703.0923807763428	0.01666753081010114	0.9454217983455341	0.6781856747381797	38.05125058349699	-1009.2564704505191	-1075.7352577454433	-348.84068199915447	-229.28184623116974	0.605889874020294	1.4701142406831276	1.879816979703584	2.7173845129857517	0.0335574370604043	0.9249575552921566	0.023142390371281466	0.0010849296373416219	1.0787818712196482	-701.8895749492099	15	37.31316369432074	
1624000000	-3392.8192436009067	-2670.9808975530973	-721.8383460478094	0.055246315968261496	0.802858530693933	0.7056125350611993	38.38914229599795	-1019.2194942706388	-1072.3069635243423	-348.8595579086123	-230.59488184950385	0.6177581861718081	1.5251075427756375	1.8053892178068127	2.127195446593754	0.02746965292428767	0.8247161923614326	0.02321211173152337	5.509479592798717E-4	0.8580995960834075	-720.4120155799723	22	36.918350598364235	
1625000000	-3404.7548432286494	-2693.250933859316	-711.5039093693335	0.021194467111653723	0.927161037601317	0.669416788827836	38.288788777996224	-1035.9636496005367	-1077.3050611680756	-350.42322703218724	-229.5589960585162	0.6297246375019337	1.3688599667641383	2.1064259100268887	2.7792468440396947	0.02599467606422054	0.738357769544514	0.02283759060730504	4.160652680624511E-4	0.8147837538389057	-711.6650875445024	16	36.926510696441945	
1626000000	-3406.5747097983913	-2676.4127938782276	-730.1619159201636	0.020826697013080382	0.9344928796556375	0.637143139475962	39.12746632763125	-1027.8416982634099	-1084.3782729460368	-342.56514825400353	-221.62767441477763	0.6057276488000958	1.5573197433542396	1.8363652639357197	2.011657770723262	0.029366922717828137	1.0860205338557645	0.021929034476793674	0.0015380722252107272	1.3698386342165978	-729.284291825257	19	37.13561125142815	
1627000000	-3389.5654183223955	-2673.6624654328434	-715.902952889552	0.02914128612472517	0.9116462107114951	0.5991968486168928	37.426899335568166	-1026.5447782837578	-1075.785255169122	-343.74382859516254	-227.58860338480153	0.6164821905391846	1.5063451578698888	1.6950094990375757	2.5134653356114973	0.026845692262004877	0.9595461704264129	0.02057828370283411	0.001117068658727768	1.2073229979370355	-716.1572486556603	19	37.23695943298133	
1628000000	-3401.53766719114	-2672.3023289679877	-729.2353382231524	0.01569374117694001	0.9441213811480615	0.6567907809035448	37.07107246135402	-1037.2932423334626	-1061.7378026783417	-345.16795978157063	-228.1033241746129	0.6422112267738903	1.39301152029035	1.9118338367415446	2.6651737943859666	0.030545334535351146	1.0595431494605574	0.022069309459664354	0.00182014100331244	1.3878995403599836	-728.3468397191657	21	35.907175720471095	
1629000000	-3426.0233760650144	-2684.114133845401	-741.9092422196138	0.010177879204766635	0.9652452609574437	0.6181547875076908	38.188653660181366	-1048.6215548219197	-1053.2668574903416	-350.80825966752826	-231.4174618656113	0.6538394877858186	1.3548997379641363	2.0377931773354905	2.566814030055835	0.03133313196295366	0.875886368079103	0.02298156240509854	7.843403315724362E-4	0.9502553251984751	-741.9909680393885	15	37.15198190257852	
1630000000	-3402.0444072083174	-2688.704856284685	-713.3395509236326	0.011936129173081674	0.9649913037874301	0.6197648182760632	37.424311739248225	-1040.1503156961849	-1070.752910557341	-347.70199364004463	-230.0996363911143	0.6312848398950462	1.4010782877164136	1.9605685243434887	2.7148885349460157	0.031025493551042005	0.9870483530909046	0.02249330332564145	0.002518496080541054	1.443510648897484	-713.142442295166	23	37.17184987182285	
1631000000	-3419.154255953073	-2703.5428776570675	-715.6113782960056	0.03824397355095873	0.886781487408912	0.6344886801170321	37.40990109931014	-1043.1934031120952	-1097.6578595678059	-334.396744187067	-228.29487079009974	0.6335719886868129	1.3658846959295001	2.00593435619958	2.908784828236539	0.03256098527824795	0.9325525588820625	0.025915607258756947	8.791002491951112E-4	1.0061445338645556	-714.8185756970639	18	36.85952902112401	
1632000000	-3398.8881418080173	-2687.49212094379	-711.3960208642272	0.012196248517505198	0.9563762877510779	0.616199181115971	38.50802369642082	-1022.7227016692445	-1074.1298148274034	-353.644897751004	-236.99470669613802	0.642525479997432	1.371330610292243	2.0157405994813287	2.6724943383269637	0.03041765698013259	0.9922074664377595	0.024643810690869315	0.0011284512734599749	1.1222117632494697	-711.1622431423536	15	36.80134429065907	
1633000000	-3405.1930286004463	-2713.7098568402816	-691.4831717601644	0.00809191977582375	0.971257428312562	0.6455142184133741	37.809274251622654	-1030.6099824402083	-1093.8426571664136	-364.82062152629624	-224.43659570736344	0.6510600913739143	1.3687482438696825	2.2366994077499474	2.146900105506752	0.030592425818467005	0.9022439789285231	0.026624299238111097	9.925736173440223E-4	1.006425113427467	-691.2813275798256	14	36.172168460721934	
1634000000	-3419.5407305198905	-2713.599069030136	-705.9416614897544	0.010389658070879045	0.9660701733792286	0.6265442599430044	37.143367760542155	-1043.8803942458985	-1089.549560495782	-350.1662976384426	-230.0028166500128	0.6545332064543531	1.5181722351909868	1.465029770546943	2.086516862191986	0.03211280660078166	0.9958985137312145	0.02483172981468343	0.0012807606141103337	1.1594288886828186	-705.574867570707	18	36.54142915328289	
1635000000	-3424.212630457879	-2703.202961839982	-721.0096686178972	0.02636210398549894	0.9100304982742564	0.6172859258382369	37.294276948407344	-1029.178041968203	-1088.7440222862986	-349.7843963221736	-235.4965012633072	0.575180594997997	1.5490387291094991	2.0890395419511543	2.22440093463877	0.030944621103709633	0.9127127180958984	0.02376936935856523	9.840013046540682E-4	1.1004523589927337	-720.8480004408866	20	36.934619759776645	
1636000000	-3406.5162854052564	-2670.138720683073	-736.3775647221833	0.034707586040237465	0.8773637799663262	0.6883612633235446	37.92170304390512	-1017.431558752199	-1070.2127265913273	-355.1224857756409	-227.37194956390562	0.6230234305257294	1.3474657438877908	2.158283961602652	3.0083661922171046	0.02500151998414494	0.8739104626365605	0.022564987640380382	7.789457794894086E-4	1.0640353269274496	-735.7136759072267	15	36.71015402198795	
1637000000	-3420.99661916748	-2676.413205294775	-744.583413872705	0.06659424692231383	0.8096027718388792	0.5853246474779011	39.70004319785689	-1043.0816225282365	-1063.4153762671172	-347.9003803104879	-222.01582618893315	0.6132556674249875	1.4167287380408387	1.9687675193070482	2.902240517771084	0.024355517125968333	0.9205193499163997	0.020524885020355505	6.829041632140297E-4	1.0924810731658006	-744.495770919319	20	38.355482039188246	
1638000000	-3430.274788931878	-2704.9578194259257	-725.3169695059524	0.02795887624116457	0.9195912825626426	0.6038839588746591	37.33651107477204	-1038.1391340396242	-1092.1331232981665	-349.6059801893744	-225.07958189876078	0.6499398335492123	1.3804558230267845	2.1355304255892933	2.2398625105433774	0.03158705868821167	0.9819582959606941	0.025146095030977138	9.352781794524854E-4	1.0433503743657913	-725.0180581929844	16	37.26670940989873	
1639000000	-3411.4370021095197	-2680.9431095923082	-730.4938925172115	0.010247309009064455	0.9672849777589239	0.5922540692114256	37.349951097183755	-1045.3843165039277	-1074.491612304384	-340.6442215597707	-220.42295922422554	0.6383668649189079	1.4193234725395671	2.0814747463227192	2.204537507620638	0.024484621590682626	0.9358631658141566	0.019913847549845494	9.745973372687215E-4	1.1809946922566004	-731.4280006649188	17	37.32292302726996	
1640000000	-3398.9545619750656	-2704.826999454157	-694.1275625209086	0.03369504044448423	0.8829136601413003	0.6946515091899147	41.51590383256437	-1034.0705696726868	-1075.3872920209262	-361.33390666029777	-234.03523110024634	0.6503952946285196	1.3405996903296826	2.373670069674949	2.1731695671605142	0.033800996696578094	0.7775869655843523	0.026254447166303155	7.904407359840767E-4	0.8796187906186715	-692.4575054144133	17	39.21111855391421	
1641000000	-3421.602882365718	-2704.5131408503153	-717.0897415154029	0.022844860750940974	0.9348068653933091	0.6057861929426867	37.5284993155759	-1039.7721005088472	-1083.2112604776296	-349.36565419767385	-232.16412566616452	0.6285128739117583	1.300928189265527	2.408631359599957	2.8847968129876547	0.02625289376172508	0.9943103082957069	0.02178567346076242	0.0012906368775863159	1.2953495407158053	-717.3139410382342	21	37.026038539695364	
1642000000	-3382.6425452089375	-2680.9388514216184	-701.7036937873191	0.0353522749631849	0.8896758963646593	0.6506930334377417	37.81313952390552	-1026.087481150156	-1083.2791652678263	-348.7289992480266	-222.84320575560963	0.6638270755955985	1.3427788626175	1.8654910230516883	2.7876665097863884	0.03363956143450708	0.9526738454167808	0.024886893019358237	0.0012614894245357572	1.109549360988545	-700.5233412251389	17	37.60130045695403	
1643000000	-3416.43060830962	-2674.9242108139542	-741.5063974956656	0.03759109945996261	0.8704788130580571	0.637720451303728	42.563741093724495	-1020.4290214194622	-1077.3065935081777	-354.45270152023255	-222.73589436608205	0.5800937067231234	1.479524424860227	2.371744439084683	2.2619469801210896	0.027855179015078873	0.819180327287299	0.02202075914262488	5.743278216569033E-4	0.868363942220915	-740.9520007549072	16	37.7910446705663	
1644000000	-3423.207861176158	-2679.1027754395054	-744.1050857366529	0.029480107756289987	0.8975295007681439	0.6213081357772627	39.2772088225567	-1034.9516111717514	-1072.544165412316	-347.7395803466584	-223.86741850877988	0.5988710894732615	1.550454022072891	1.636340589379577	2.553767069938447	0.025121811371723805	0.899250201765166	0.022669487319262955	8.969322106467066E-4	1.1256420214164122	-744.2361273613759	21	38.773501208858455	
1645000000	-3374.7615671330564	-2674.4071961253653	-700.354371007691	0.0060228153589523365	0.9841948113149486	0.5869702917015973	37.3377905634366	-1027.9285993439307	-1070.3738026822837	-350.6645644104169	-225.4402296887337	0.5940465533187472	1.4631124801085522	2.0641541840668265	2.6828333438506293	0.025438488527631087	0.6717307529420607	0.021754443327996753	4.718544483223044E-4	0.8284184570695282	-702.1780749614601	22	37.072139857695774	
1646000000	-3379.7013992933653	-2688.78050204946	-690.9208972439048	0.041338711067319095	0.8705335562242777	0.6546042426607253	37.182483973481	-1029.0161537733125	-1073.7839399964098	-357.1721860000308	-228.80822227970685	0.6098957819774461	1.404139632114037	2.106681366485292	2.8380310620536986	0.03517454033540107	0.9651701378744666	0.025090247268867084	0.0014035357935145135	1.1241586679052602	-689.4562825680583	13	37.13427729662868	
1647000000	-3428.0613739183304	-2706.6431790023703	-721.4181949159602	0.050012645868044235	0.8476964896726649	0.6271960782931095	37.19373329598066	-1036.9027971137818	-1091.9483347422736	-355.8750931264586	-221.91695401985623	0.6313890714419262	1.4106662316681255	2.205717585334878	2.197605783254986	0.02586326002316526	0.7026948780043151	0.02277379600032858	5.62252328542877E-4	0.8626961440491981	-721.9279114146941	17	37.088683307014705	
1648000000	-3407.7365765152476	-2711.744293323078	-695.9922831921696	0.018708122385938337	0.9382683573795203	0.6734601330008723	37.48092965891119	-1037.6476634589112	-1090.904738216813	-354.8534233388324	-228.33846830852156	0.571765799851618	1.6043516755891405	1.6716369590468767	2.521920044185651	0.02656251154008563	0.7909330283156076	0.024965687275930216	8.507737927879891E-4	1.023685785476844	-695.9992242217724	17	36.64604378286261	
1649000000	-3409.894288702283	-2703.059907780124	-706.8343809221592	0.02642512135330274	0.9108559665556154	0.6621287107993484	38.3681484739507	-1035.90085942198	-1074.2141086598008	-363.5942517514001	-229.35068794694314	0.63214758157041	1.3613648094220774	2.4378945604474613	2.220597184581145	0.0296281363265158	0.8721547253542177	0.02158414992704576	6.85511829648838E-4	0.9608361041714806	-706.2317599948594	18	37.091267213352126	
1650000000	-3363.088343894606	-2664.778688574214	-698.3096553203922	0.029286615161762942	0.9054626453016553	0.6928629354388348	39.100048817439415	-1030.7804577631837	-1074.9830475496485	-339.5000897984804	-219.5150934629009	0.6009776454107051	1.556475154801166	1.696056480536416	2.3550495030480803	0.031224481086459976	1.0880094447609148	0.0251404898995215	0.0014787989206050144	1.2226658382348072	-696.2947218781895	22	37.86411206198413	
1651000000	-3397.63233956533	-2689.624463406771	-708.0078761585587	0.019704471624084813	0.9262978362620513	0.7005825586214529	38.76277586617856	-1037.669322046207	-1077.1593834088949	-352.5137698672567	-222.28198808441277	0.6209716921891592	1.4564457287530974	2.1380366311748613	2.1019621850727543	0.03175102407008544	0.8382118900508588	0.024382565132268455	7.349526067249248E-4	0.8822376943640468	-706.7697976015726	17	37.18092374504516	
1652000000	-3380.6838993906763	-2681.7151984423226	-698.9687009483537	0.014514598797145126	0.955849440101329	0.63423530756833	37.09404866767655	-1034.0508780948712	-1073.2918391994624	-349.23119722174476	-225.14128392624366	0.6142296008359314	1.4931743769407457	1.9828391087689667	2.1710997513055954	0.031277967571115985	1.0402488190776578	0.022820579036086752	0.001395817367561893	1.1082682633504233	-698.3933623117629	19	36.70542138742868	
1653000000	-3415.241201086346	-2693.8925705302418	-721.348630556104	0.026143150983425793	0.9279401175513653	0.5651985191168138	39.93863383268424	-1048.2627551431028	-1065.160077157675	-349.86779401430425	-230.60194421515948	0.6504967371714907	1.4011902261764706	2.1519563904916055	2.0139262747938584	0.026389472109386327	0.8079633365715156	0.021191138999296293	5.792107220757944E-4	0.9346546574395328	-722.2765384183591	20	37.08799128037211	
1654000000	-3434.5284690291114	-2696.813198836793	-737.7152701923181	0.03247187039111088	0.8760126741258324	0.6329342704215857	38.133094555676344	-1029.9356619775328	-1084.9051316553403	-346.88866907254106	-235.0837361313786	0.6502472351162658	1.4304202100240797	2.1299993595817104	1.7940217633069855	0.03002679814536309	0.8930297349730572	0.023911258102217916	8.336477416043403E-4	1.0183889536099802	-737.3083999728279	20	37.44059266828118	
1655000000	-3403.4108740253364	-2691.1652560580665	-712.2456179672698	0.04653656630680628	0.8643987283407745	0.6380930249648241	37.02769652614111	-1024.9096662166287	-1076.3479285406688	-356.0552501482223	-233.85241115254604	0.5991121064350982	1.5257221928668676	1.9025871995548813	2.3058426427110086	0.03659643394163587	0.8414604240878476	0.03333289277435002	0.0018284586832813879	1.095524947821362	-711.1849032268533	18	36.3544644075895	
1656000000	-3386.518920369994	-2698.879120374022	-687.639799995972	0.005342011448486399	0.9820705308902062	0.6846204234957494	37.36634471725289	-1039.6064182970304	-1074.6699558000805	-357.2119024747476	-227.39084380216374	0.6589150626978255	1.353116641540893	1.7367196109749081	3.013304715667924	0.03045268289015557	0.9560551958960243	0.023856150306836403	9.458212828792605E-4	1.0797396833071604	-686.8108982169102	15	36.490648407502974	
1657000000	-3381.8768577516685	-2689.242510852935	-692.6343468987332	0.02215630082319162	0.9323347553596831	0.6564767096145486	37.06598585875448	-1031.533366540045	-1081.9381698532927	-347.1554224654365	-228.615551994161	0.6535367548650991	1.4057309245210934	2.020385010202291	2.1455495690200004	0.036525466396298015	0.9763109562078427	0.02404017117294877	0.0016778883406286518	1.1978843406820328	-691.3010304705825	13	36.18824044592811	
1658000000	-3403.0472955511564	-2688.315435693244	-714.7318598579124	0.029168909027735272	0.9085252396598464	0.640379162005375	38.644352935027676	-1021.7242180666491	-1089.6767532825872	-346.5997027422536	-230.3147616017539	0.6414818146594129	1.5265075668072279	1.6449277424521611	1.9446538709155416	0.028194825984516596	0.958850481959988	0.022519556473717908	0.0011929818771703408	1.2249186523368687	-714.2296973985218	19	37.55316278910118	
1659000000	-3407.8417868445113	-2696.882157461107	-710.9596293834045	0.05139134210980569	0.8534712479294814	0.6455447154046355	38.69300647768251	-1042.4490311014476	-1074.7240346222543	-346.9773192012898	-232.7317725361151	0.679956607624996	1.3407351589500327	1.7546215777908338	2.6936202634415465	0.040107257764077135	1.167721275746254	0.03004148467860146	0.0021709285159155927	1.2670137649005195	-708.1851173541259	11	37.45016057998395	
1660000000	-3403.0267986654185	-2685.1500981734243	-717.8767004919943	0.05480711007540601	0.8321849846682652	0.6629900979408445	39.56229099316949	-1030.664862500062	-1069.30336060645	-357.7110077674518	-227.47086729946014	0.6286940822480317	1.467500311837867	2.0860974810825867	1.9466390388528008	0.026683794075711066	0.8450179151653949	0.02137999292540175	9.075874098700239E-4	1.0668252166451941	-717.0476261990249	23	36.27851633495128	
1661000000	-3422.7649571819447	-2704.2928263150425	-718.4721308669024	0.03774410824411072	0.8810467184303824	0.6309860919861067	37.172962650544676	-1017.1435970149557	-1090.1086347895998	-365.87258004870966	-231.1680144617773	0.6020448705995745	1.548775928896439	1.5533782002609535	2.6537522480841917	0.02960576845936703	0.8668838736407787	0.02441024821226852	8.617563669432107E-4	0.9859810894108334	-718.2500869527618	19	36.76983810436989	
1662000000	-3440.750753397174	-2703.701989698373	-737.0487636988009	0.0018296781698835488	0.9928300127462288	0.6637715326280722	40.280848992512475	-1023.8967606668559	-1096.3035220587153	-353.6135765595507	-229.88813041325088	0.6965785260160909	1.3976732603306792	1.63762252472662	2.070109244447278	0.0367824412056189	1.0699641163946567	0.02647025720870794	0.002011764271985833	1.275300419891342	-735.2935728619578	15	36.939431104449	
1663000000	-3414.877672693837	-2700.057874587672	-714.8197981061654	0.026943621061035688	0.9125423025119941	0.6303039336810556	37.981153042800436	-1033.1657664449447	-1075.1188040728932	-349.669342100666	-242.1039619691681	0.5718829576196144	1.5169398242657088	2.106355555204587	2.545643165228562	0.030061981807143368	0.9807810767000716	0.0257634626503441	0.001705072418935392	1.2738297738585243	-714.2985350188009	24	37.85789686974363	
1664000000	-3388.4350359124414	-2684.9540136542423	-703.4810222581992	0.01914611107200199	0.9419081957410596	0.5998040922974072	39.277804904567425	-1035.2020424885802	-1071.924623851802	-350.83987623738705	-226.987471076473	0.5644759948598905	1.5041919880159298	2.313961437472837	2.437795689941919	0.026330273692306377	0.8231707315361777	0.022147117941558624	9.87932696894026E-4	1.1194350734709282	-704.1760219258749	18	37.192225248667	
1665000000	-3438.4198562970087	-2684.504851263015	-753.9150050339938	0.018011184201087296	0.9251887089140033	0.6891243512153364	37.669683705423964	-1027.6703070572348	-1063.4778339634306	-361.80661190709355	-231.5500983352562	0.669416270339402	1.4040600728662074	1.8304215923946354	2.19131242106556	0.028329606370186725	0.844430420074281	0.024017687552664573	8.676249946310877E-4	1.055013539019155	-753.3170322452299	12	36.447899840724254	
1666000000	-3393.710257710816	-2678.0941230591106	-715.6161346517054	0.018517337917796802	0.9423201813520135	0.6188167011094108	38.21265548759209	-1024.344479216661	-1070.6185347602968	-352.7138672503037	-230.4172418318492	0.5772982350342296	1.5436040798655613	2.1881251196037073	2.0596778562537863	0.032066908831974245	0.9146456633522473	0.027153745692124122	0.0016327307810262213	1.188000572319452	-715.3592619463897	19	36.570839481708056	
1667000000	-3422.6203359485135	-2702.9114921083196	-719.7088438401938	0.014639637048140964	0.9411203543570964	0.6898273048536153	40.10387841498629	-1046.2987922902607	-1062.496296461502	-366.52377017623553	-227.59263318032183	0.6077995528851466	1.4810002921162637	2.079865491437682	2.2330412561205883	0.02887134681429953	0.9015049599130158	0.02201641415858617	9.290835284362378E-4	1.0887187002495056	-718.6766931826722	13	37.085601813299476	
1668000000	-3405.9400492897717	-2684.0986735175993	-721.8413757721723	0.031197150598566363	0.90377494300537	0.6505001700610817	38.368022710749216	-1031.2709851980335	-1066.2176123070708	-353.1675822116115	-233.4424938008833	0.6414776640053325	1.4362693568902551	1.6707565483681281	2.711676212242859	0.027000492365827612	0.7855849414281711	0.02443746266969273	6.962496168131317E-4	0.9394355080707604	-721.8602828476838	13	36.46093826846176	
1669000000	-3448.272114876673	-2707.6489091197845	-740.6232057568886	0.018853732164626363	0.9376347005846781	0.6133001023946638	38.06552818430592	-1046.7872697098796	-1078.287814752915	-355.65520582877735	-226.9186188282124	0.5805776926183628	1.4487905014834377	2.316186783991364	2.6265824549159777	0.024592505001609335	0.6994149534809547	0.022296754602119086	4.0683912017589055E-4	0.7909578938891607	-741.8443056343464	18	37.25191390549901	
1670000000	-3415.362134534047	-2685.8797356659484	-729.4823988680985	0.03350789957115401	0.8943845818908027	0.6034397855422455	37.189126234493926	-1029.8989356965208	-1083.3688640883252	-340.72219372079456	-231.88974216030772	0.6187900322451918	1.4896403385945678	1.801704726539137	2.4332430685474984	0.02674160522587791	0.7357827867406334	0.022478283522487767	5.562416279349913E-4	0.8750357362682678	-730.355228393066	22	37.0333606342872	
1671000000	-3414.2242123816577	-2699.2670005898626	-714.957211791795	0.05141279083289347	0.8197058128402566	0.7183065216567597	39.0851512288427	-1041.810386045032	-1070.2893629313967	-351.19154603146444	-235.97570558196966	0.6124849549788435	1.3501933143274272	2.0975692609953627	3.2902998197140083	0.03042255586604241	0.8418334529735519	0.022979542744609872	0.0011591924138286385	1.105438370110332	-712.9642694131261	18	38.2195946690211	
1672000000	-3405.1856353029357	-2686.907163867472	-718.2784714354638	0.05874190461696138	0.8128337990021638	0.6910811721817469	37.19842868263639	-1040.627963482262	-1069.5072506703402	-351.5234828305141	-225.24846688435537	0.6737114164045355	1.3907746635154845	1.9219018216116046	2.069182928854917	0.02885723932940557	0.900912449440355	0.02201110051656113	9.197391786268842E-4	1.092948234170538	-716.8083863886756	19	36.44482270171052	
1673000000	-3393.7735180357477	-2705.1454257811124	-688.6280922546354	0.07696596158536612	0.7494007693276454	0.7207184962767372	37.25877280784779	-1039.0061946579317	-1079.1962349092146	-352.90183000156367	-234.04116621240232	0.6368797876419645	1.406830783338946	1.9029892152920782	2.6575758579917794	0.028080132340893876	0.9134028861521459	0.022412391173361818	9.940940140381411E-4	1.0803539586466548	-686.3624334401708	16	37.18756789644005	
1674000000	-3428.9922062483847	-2719.8933189720706	-709.098887276314	0.032965000171971445	0.9157855660850577	0.5438411155116925	39.67942596667555	-1056.2318072459411	-1087.3188844391875	-351.10389634991037	-225.2387309370314	0.6621628091660651	1.3998906277294136	1.7968637953058941	2.425379334495427	0.029654477123666846	1.0104646342545653	0.026100579617351516	0.002151951779370178	1.3845151124115296	-709.2060160747625	26	37.00931643852437	
1675000000	-3374.5051263087266	-2662.1640949594403	-712.3410313492863	0.03311505036093547	0.9109161121469623	0.6033669931165369	37.542823392735535	-1013.8815653732697	-1074.557736138584	-344.7458318035632	-228.97896164402277	0.5809094154313634	1.5412634247046326	1.9034527880426237	2.5103079053885216	0.02882075370868855	1.0284916048980612	0.024850223647562973	0.0017523639603944444	1.2954521175917708	-712.0814639229859	17	36.82209888553349	
1676000000	-3414.2316323648165	-2673.539674398899	-740.6919579659173	0.05686413986723375	0.8186405520863341	0.6488433716368187	37.75475282221286	-1026.470570354242	-1068.415490981781	-350.8705817521531	-227.78303131072303	0.6163947247671061	1.5152644341349708	1.7282325821113018	2.376713303516181	0.026938997351958285	0.8787562345741103	0.021365335811036293	8.68055364790979E-4	1.0521713580092837	-740.0734961554131	14	36.8176982016609	
1677000000	-3377.0829378790295	-2672.712648883006	-704.3702889960239	0.054451270260846556	0.8404554439329907	0.6442941705754888	38.74233382647305	-1024.1669487689471	-1065.1281669229486	-352.11915832675237	-231.29837486435764	0.6496501977667226	1.3255651193488425	2.3039537881631373	2.4446410390078857	0.026822024975682215	0.9514300687390853	0.022142056924230002	0.0011344442723106693	1.1804151072741351	-703.5527750075039	17	36.35194910754841	
1678000000	-3383.6534036343264	-2683.607726846994	-700.0456767873324	0.027569806811862687	0.9122586470188678	0.6593535806003248	39.60205048983956	-1034.5411310141506	-1066.5277218664978	-356.93174074254415	-225.60713322380116	0.6731132396054229	1.3444250992385745	1.9150422637651172	2.5096985927615547	0.03680283004442838	1.0310834822872303	0.025293536813753858	0.001840055978652862	1.1424854611700368	-698.1201967654225	21	37.29035860984192	
1679000000	-3407.3335148996193	-2704.811205910638	-702.5223089889812	0.027166623821467343	0.9002633407559915	0.7008190506281732	38.59903161578478	-1039.3497931123873	-1073.3835332633255	-357.01033177918606	-235.06754775573916	0.6261988617325437	1.4731370735713298	1.9266134411189366	2.222414442982309	0.026307924135683846	0.6521290415715597	0.022487419923227794	4.022708019824973E-4	0.7347641972071581	-702.3054145988602	15	37.011423378949665	
1680000000	-3381.66163387794	-2684.649129093498	-697.0125047844422	0.04837089244593605	0.8344514967850335	0.7213128770063597	37.35408354236869	-1044.0204215863575	-1075.5952401751344	-348.5845612374078	-216.44890609459782	0.6346899966331678	1.3932959359551877	2.022241234817255	2.612304479443661	0.028793165385177014	0.8005042283839883	0.02427192186662088	8.304920668487778E-4	0.9483255715582517	-695.4936416047655	15	36.948708388624354	
1681000000	-3400.2187908180867	-2694.6474214594214	-705.5713693586652	0.0475998758521702	0.8494976228138074	0.6641963929057881	37.30711700604243	-1037.7267994141143	-1079.4936597809617	-347.3806565381058	-230.0463057262397	0.6264854439192201	1.2949705098600002	1.951760221647983	3.7764615889115998	0.03536816025928528	0.964600614406888	0.023105686051442864	0.0015720284458711506	1.2289462549700596	-703.8340362247043	17	36.597401414419025	
1682000000	-3415.3994992294374	-2684.3020167033915	-731.097482526046	0.0176750670227618	0.9436345563202474	0.6261318841974899	37.27613791842457	-1040.8507600786045	-1069.178383071967	-349.82994232385767	-224.4429312289626	0.5755087933418761	1.519899002442846	2.054850238425963	2.5402539872740264	0.03444429041039976	0.9618681020328517	0.024944342374798822	8.964713327841876E-4	0.9584908385589372	-730.4713878537921	21	36.84402759522752	
1683000000	-3388.530394663293	-2700.0338902923845	-688.4965043709086	0.0498200144599028	0.8334688927775338	0.7098762045404406	37.12034881319099	-1036.7001499644193	-1083.038803872851	-350.5984441429618	-229.69649231215206	0.7170550314195552	1.2197212454834654	2.0409759487293333	2.5767552834017216	0.030550924824163394	0.8263086890833075	0.024539552972742785	0.0010010406101913462	1.0653449487656934	-686.9297813043609	17	36.534213877520465	
1684000000	-3397.400664368518	-2687.267524754359	-710.1331396141591	0.0145923268220546	0.9526917737524649	0.6705763989432099	37.68611104973298	-1019.9532456205898	-1079.1907472129037	-357.56191047178453	-230.56162144908097	0.6465691478947492	1.4043762108187205	2.259367985253956	1.8719063184376012	0.03213855348314741	0.9529558163694949	0.021590951703590152	0.0011092733963317019	1.0943497394871728	-709.1740591897891	20	36.444955088369795	
1685000000	-3458.6834271534904	-2715.1727163030005	-743.51071085049	0.0724437499262141	0.7900559680823136	0.6488095595339715	38.05938386200739	-1062.0751930834672	-1080.510039948191	-342.4954454027161	-230.092037868626	0.6040202266295885	1.493379739059752	1.590759780548098	3.0493684265415633	0.03092855782705469	0.7731354941823257	0.023475915141173944	9.170310495531774E-4	1.0028983380872873	-742.5686763606204	18	37.50765327793202	
1686000000	-3422.4692282638803	-2706.63582568404	-715.8334025798405	0.05177064074218277	0.8337135970007928	0.6471072590234996	37.26037973392338	-1048.7454359365381	-1081.095740315604	-354.15235597531887	-222.64229345657935	0.5931023588435385	1.559028409100516	1.4718375831797275	2.8740837295042376	0.028598934277035755	0.9347008021815668	0.0239598516334223	0.0010821537713102364	1.113966584675058	-715.0400588701052	14	36.69259920507023	
1687000000	-3420.317619192564	-2681.442535130001	-738.8750840625628	0.04022263615137511	0.8651757480825413	0.6301980939647649	38.28180353421262	-1037.8538323991206	-1071.7141866798804	-348.9862574437298	-222.88825860727064	0.6747505556028367	1.4192535008129552	1.6449315932747175	2.2778276479993607	0.02816943980257878	0.8993288164044444	0.022191446696696718	0.001133932689626037	1.1680479410808133	-738.5362794963307	17	37.63853608354174	
1688000000	-3425.49580410114	-2712.3786113106426	-713.1171927904974	0.03265060680798887	0.8914715596660329	0.6502537012916867	38.72852839135051	-1049.0970096297763	-1074.4624354356301	-353.16630350318997	-235.65286274204644	0.6479229622104623	1.3360890787610604	1.9029398941162077	3.084517194448942	0.028453713741541646	0.8942814318293536	0.022282926641450863	8.700606861495748E-4	1.0391890922612408	-712.5859389127147	14	37.42481677899163	
1689000000	-3407.078029148902	-2686.2035414679103	-720.8744876809915	0.018727519206151125	0.9357650929355118	0.6450361683786502	44.77184479341859	-1032.1634479374763	-1065.475365410129	-353.24037194109195	-235.3243561792134	0.605734938513877	1.4586371591671647	2.02267067260677	2.573628058670653	0.03157920581997278	0.9196779782598306	0.02538542105301657	0.0010530315016511749	1.043554015084469	-719.62976186701	19	36.62828340183657	
1690000000	-3433.097374346534	-2700.054315601148	-733.0430587453857	0.03806401381931386	0.8633604750516928	0.7073434816716637	37.75717535712773	-1027.4131465126434	-1093.4561729163775	-353.3558211140124	-225.82917505811452	0.5454918116061277	1.6067948578694482	2.055701591635794	2.327024073296576	0.030974506707003333	0.9065964194429549	0.02825038927271343	0.0017183803770333876	1.2469601786255844	-731.3475109682845	13	36.80171841198489	
1691000000	-3426.124809907522	-2667.415099118961	-758.7097107885612	0.07458617437963133	0.7884163130134475	0.5730835574293575	38.93479329429554	-1028.620171655354	-1068.0691798722792	-348.5351239148039	-222.19062367652347	0.598199642437911	1.506523961043223	1.8160214135633976	2.647453670555386	0.0267499509145415	0.8591416598954719	0.02272110377575215	8.364175332228339E-4	1.1260524593369234	-758.6719718646061	18	38.89112447452514	
1692000000	-3396.6634314483595	-2697.0286454201373	-699.634786028222	0.014285504951600466	0.9481482700169712	0.6902596997449169	37.23302231944079	-1038.7219655942931	-1081.0626818364242	-348.01515259793956	-229.2288453914809	0.5709013099762045	1.4898421052671902	2.3553908986373178	2.372362090432779	0.025071007502093737	0.8470356727029362	0.023725110614476772	6.594185667045249E-4	0.9788236730964575	-699.4342023900019	19	36.33380068939106	
1693000000	-3400.790268172001	-2667.8021585688375	-732.9881096031637	0.031976100329107325	0.8816355048912974	0.665628824453244	38.45470250961099	-1020.803660737613	-1070.4413625733891	-347.99781814262485	-228.55931711521032	0.6377756394337262	1.4479518628201733	1.877651009684095	2.314806818431122	0.029566615947544707	0.9602086258111594	0.022755097298370396	0.001226888084668641	1.1826121056393806	-731.9524101047091	18	37.8527284212801	
1694000000	-3408.080027329454	-2701.9170825766737	-706.1629447527804	0.045579525029551884	0.8536011923322779	0.6447412418752982	37.13921805350366	-1042.338400868169	-1079.617925388196	-350.05711591037164	-229.9036404099369	0.609334072519913	1.4653729323697782	1.759420594544245	2.9053101903418623	0.028883865822869555	1.0539651255944524	0.025846930903796084	0.0019617290252787038	1.43423531661558	-705.1227948306293	16	36.30995412530946	
1695000000	-3400.5733623016276	-2677.1730470430466	-723.4003152585808	0.04059240769213261	0.8766946530155761	0.6428921460193254	39.35067179440806	-1027.8894054968305	-1086.1257422560755	-338.7972800771017	-224.36061921303894	0.6514961027176622	1.4029674920511028	1.6894997182964575	2.7882421128863433	0.03813211672913327	1.0523079548258218	0.025289332600710427	0.00210008999834591	1.354499496771582	-721.3146257488246	17	39.269186695594655	
1696000000	-3409.3330070202637	-2691.3284543882933	-718.0045526319707	0.01328526360853878	0.9507122969569853	0.6679740414615999	37.07117763595658	-1033.5785076986697	-1080.3903330264952	-354.20229822603903	-223.15731543708893	0.644429401045189	1.3293962967398758	2.464646154772551	2.2281439386312423	0.03179905139796168	0.9670448073389515	0.024850747550593598	0.0013798517146141615	1.2169544593793526	-717.152917017331	15	37.04451911638449	
1697000000	-3410.7715183489186	-2674.937863773975	-735.8336545749435	0.02469982373208852	0.9170144487421541	0.6515926681867205	37.00071750769815	-1017.2165644719677	-1073.6757869934531	-350.6953667596679	-233.35014554888636	0.6525524865772041	1.3522621506380594	1.7983339213101452	3.0340590369984533	0.029138473452343862	0.8688903840018067	0.02548725080764932	0.0010766991609233447	1.0867813480676212	-735.6076091493294	20	36.632574463538546	
1698000000	-3411.258517376623	-2677.9849806217117	-733.2735367549113	0.014625091532212026	0.9460053710962291	0.6481276426381526	38.423810952269065	-1021.2400420600385	-1079.188926101268	-349.60297348061806	-227.9530389797875	0.5932364636713341	1.4712957070903057	2.1172417705996103	2.5316727278832047	0.027576263717634178	0.9238601718454289	0.022133622326366228	0.001217710439851582	1.2376302395085728	-733.0891843155749	20	37.796965059579875	
1699000000	-3396.5529833922255	-2673.623063435465	-722.9299199567603	0.04610207492132338	0.8621979273122057	0.6318049070794323	38.319904505966655	-1022.2643303302937	-1074.944218654505	-341.15950147801476	-235.25501297265185	0.6464514256234911	1.3815423380179102	1.8907225794755635	2.724777356910816	0.02835643324260144	0.876229732878579	0.023700844963114216	0.0011934558523009268	1.1781701420643391	-722.5410962434082	18	37.56837205816333	
1700000000	-3398.217163783217	-2682.65301027213	-715.5641535110873	0.022596779117822	0.9299218234972068	0.583183229915213	37.10871749296881	-1033.273385841104	-1082.7307644662405	-345.15434453673464	-221.49451542805087	0.5715422799312758	1.548403171025773	2.104107262870371	2.2728804320512106	0.027928326823744624	0.7853829179025886	0.021339101415761678	7.823839779023008E-4	1.002191149617463	-716.5759101048144	23	37.086876492308654	
1701000000	-3390.350994085841	-2671.153151458994	-719.1978426268468	0.061009136250182054	0.806426352019035	0.678186810212866	40.69781891491998	-1031.970828579083	-1070.270974230143	-341.7625480717967	-227.1488005779714	0.5947021145551927	1.516639619276492	1.8854232498146757	2.5014125627877397	0.02457245584058474	0.8313118194815164	0.021932666201615398	6.437141240976111E-4	0.9726995674321821	-718.1507299967277	17	36.18162411818859	
1702000000	-3378.766605791282	-2667.4474961141177	-711.3191096771641	0.02366590357513163	0.9296482416005324	0.6024214991321805	37.47388529940039	-1029.4456860637845	-1063.7285577040063	-348.3857398817371	-225.8875124645898	0.6152400592114518	1.435664416603367	2.2931358652771263	2.1264713613175754	0.03019762767168238	0.8660673466380276	0.025044747160512075	0.0010180004896000938	1.0318437129010511	-711.5897706457986	21	37.243735728268874	
1703000000	-3416.5128450215943	-2695.7224561189596	-720.7903889026346	0.02854295445577633	0.9068088913670215	0.625617511947207	38.32502573004359	-1032.663580936458	-1081.5124061812035	-353.29750306180364	-228.24896593949484	0.6683638934378964	1.4132979813410045	2.003366465359855	1.8255128782316663	0.03108985058051494	0.9360192575223948	0.02273019663016672	8.368428375853591E-4	1.0038367078459467	-720.3012574928024	19	36.8160281752691	
1704000000	-3417.9304932196646	-2689.3272763803147	-728.6032168393501	0.08756413350423033	0.7306764618039819	0.6397201427620333	45.52537011529133	-1013.7890344667222	-1090.9786118281424	-354.52189414538987	-230.03773594005986	0.6375593521589034	1.4397649831795516	2.1129190935305595	1.9808790466868513	0.02898294633762754	0.824679465873394	0.027222249436992113	7.174784645708769E-4	0.969038839366992	-726.7629777352909	23	37.325656653291574	
1705000000	-3427.862849243766	-2703.163684923798	-724.6991643199681	0.056340936069620505	0.8229397734140901	0.6322135064595842	37.54888345731843	-1055.5677067687088	-1078.3841311391764	-343.3387385255152	-225.87310849039739	0.623257413126422	1.5207265515779775	1.831662086053924	2.016161535802249	0.028850355748800172	0.887297224417	0.022761656249694482	0.0014047202917517913	1.2113510047978973	-724.1219706896546	18	36.850927914690544	
1706000000	-3424.5867493957853	-2699.0779245359026	-725.5088248598828	0.08194130124636587	0.7367879995620695	0.7118739129637888	38.08046876833516	-1045.6155225261707	-1081.6808898033453	-346.2834948906884	-225.49801731569835	0.6391099118007978	1.4892726603402435	1.6826853299161875	2.258758405369736	0.030538913443072368	0.9691650079354435	0.025150431967233596	0.0010682695103563652	1.0475110375294785	-722.819573116267	21	36.848804748692935	
1707000000	-3398.8625542884574	-2680.7179361799963	-718.1446181084611	0.01647131687559693	0.940795745044774	0.6631257774294477	41.386686949408514	-1029.030987868031	-1078.7547294419296	-347.78628208697774	-225.14593678305823	0.6007644167505077	1.5008518861032045	2.0213254735069484	2.29048952817474	0.031075106755162042	0.8412764247557757	0.02362555620886525	7.111789752449562E-4	0.9266471567828498	-717.3311673270107	18	37.58193625197921	
1708000000	-3421.1763730446605	-2672.0050466801663	-749.1713263644942	0.008811057881376845	0.9664493642817872	0.6283521496555373	39.297842369937584	-1035.9196809274401	-1073.0759818773347	-340.84059496441307	-222.1687889109787	0.5978220099406673	1.48360272928033	2.000204171342486	2.5385999477553627	0.02751034021169931	0.9080403455113976	0.02062428652720517	0.0010500444712086947	1.1552398724580097	-749.3069759161331	14	38.637205602230544	
1709000000	-3397.906294969103	-2686.8154079812516	-711.0908869878513	0.050899940715615356	0.8498225587451047	0.6527596788933557	39.895530523648304	-1022.8668527438068	-1078.1599974151648	-356.77714737622176	-229.01141044605808	0.6035836080583761	1.4261952786051015	2.1985414037019	2.5987064829669704	0.03538459072190076	0.8350748497183136	0.024835742739962894	0.0010135728192288002	0.9880987974182718	-709.6082165681471	15	37.06079483040179	
1710000000	-3396.2334254107955	-2672.977029633498	-723.2563957772973	0.0483335558812577	0.8503088899209884	0.6865694840133479	37.50049226677592	-1037.0680070193307	-1061.2741743153954	-349.96366776271753	-224.67118053605483	0.689682085739999	1.376368526837243	1.6710563315115223	2.334375049259983	0.03014021657587073	0.8902804986515552	0.025175977167351093	0.001364849939373154	1.201283946005962	-721.9145598304395	18	36.568643572764394	
1711000000	-3422.8560266457293	-2699.1402190374224	-723.7158076083069	0.03542654668201734	0.8749295049030024	0.6964009590667336	38.80612941468173	-1037.1680072623979	-1087.5990016924243	-349.16319747218165	-225.21001261041886	0.572384856200903	1.528854051044918	1.8976245544011314	2.794158302576937	0.02084389691410291	0.7412290343657436	0.019517892037843508	3.010599420165985E-4	0.7802873148269444	-723.583824761877	17	38.4471913410665	
1712000000	-3400.7788408616702	-2679.973459719251	-720.8053811424192	0.011567771956282837	0.9624880913747434	0.6161211814899389	39.19438592032584	-1035.553039233551	-1071.6396233210787	-345.6614574918457	-227.11933967277554	0.641309746044978	1.3985432058256122	1.9598648402776815	2.5484625022293206	0.02814545088903317	0.8066496639728832	0.025600354783112535	7.730613808818304E-4	0.9525326016457005	-721.3204397758769	19	36.56608336946555	
1713000000	-3421.3637147720005	-2696.5243635269444	-724.839351245056	0.014898289180769336	0.9495565099801954	0.6494250151078167	38.19913763198065	-1038.5342635149307	-1080.9321042137972	-346.3979306598576	-230.66006513835873	0.6492474159873295	1.3899333698965124	1.8888879886260732	2.5993447870768827	0.031136040650519163	0.9723644109041306	0.023824348475405464	0.0014238066739209448	1.2198534115942208	-724.1606403801806	16	36.61464909480298	
1714000000	-3431.927433703526	-2698.2505455546625	-733.6768881488633	0.013051243467003211	0.9539743635358375	0.6425067785241149	38.11989893389768	-1055.8122174087082	-1066.4085901395433	-351.57302669828323	-224.4567113081281	0.6735648349492394	1.4502796281035277	1.754544600834388	1.829298431572972	0.02949398675657593	1.022802172481182	0.021127963330141247	9.235390258895132E-4	1.1136749924973168	-733.1358487424257	16	38.0208579792676	
1715000000	-3400.3714792074784	-2672.446774842484	-727.9247043649943	0.031165199884975316	0.904040096033491	0.6179683796187057	39.869354996084965	-1023.1954483685683	-1079.545762893366	-351.64323033694757	-218.06233324360275	0.5905380271012372	1.5536621848069794	1.9527996201576436	2.1294184865383285	0.02587466581484569	0.7527887695506209	0.022207415308848955	6.163058881234063E-4	0.893591313613164	-728.4170177764904	21	36.68191494781952	
1716000000	-3434.1236578039425	-2682.1932360625715	-751.9304217413708	0.032223418812679934	0.8847401061423509	0.6189036351640186	40.5731412354518	-1030.6165157801086	-1080.6010792953111	-346.03199566842954	-224.94364531872185	0.6331643482957985	1.4393914135916481	1.6376228279220686	2.8995147111918986	0.026564432907231077	1.00924495503891	0.020783956528439847	0.0012381775185863009	1.2705034485984672	-751.4327354311519	12	38.823570541059496	
1717000000	-3414.900012285849	-2681.8250848156176	-733.0749274702313	0.05371685030323579	0.8386055199963215	0.6053455611537022	37.6832809592636	-1039.0886477799017	-1074.905585143939	-339.75092465422057	-228.07992723755635	0.6245666961112474	1.3918154827310936	1.9820737690475698	2.8882643334737477	0.026082280928047163	0.782337972487654	0.02461260773102	0.001103394329651094	1.1112807387716743	-733.4583387156619	17	37.1328825662169	
1718000000	-3443.38237672403	-2721.938033859161	-721.4443428648691	0.0429066307998044	0.8562122534739958	0.6503183170516124	37.42672178358394	-1040.7850689169493	-1094.848053803946	-352.92786960537273	-233.37704153289292	0.5803029324617635	1.5346353289958172	1.9154228284517758	2.5605363724740773	0.03089961316169008	0.9531808960026024	0.02472841802563435	0.0017751089618970417	1.2740910833944987	-720.4477888140295	15	36.420791844128075	
1719000000	-3423.4952493317182	-2686.740191306297	-736.755058025421	0.03138233417817801	0.8908556926810273	0.6571483428686168	38.124052468232044	-1033.0076902812496	-1082.3728249737414	-346.0805501655519	-225.27912588575418	0.6341549755519378	1.3798734517303752	2.2807192694420992	2.290935677416669	0.031230740893011314	0.902428948188424	0.02579368471701833	0.0015879169474931488	1.3026172075273446	-735.9067663780294	16	36.15039694862647	
1720000000	-3416.0919665019405	-2681.2357511374735	-734.8562153644671	0.05654918246145045	0.8072055121977522	0.6723081326350219	37.72379201388735	-1049.0417308213282	-1060.4161370214422	-343.4255800246928	-228.3523032700098	0.6351468704642979	1.4183971075974726	1.9862217816073606	2.4407473749887703	0.028758068561638594	0.886256843840091	0.022872012108595755	0.001502686344709165	1.2935154598682217	-733.69928299696	21	37.476513796963246	
1721000000	-3427.8432348679694	-2684.384638929654	-743.4585959383154	0.025620549052975828	0.9249095201032111	0.5592009761279644	39.07002868202005	-1037.5540132254935	-1069.7503962187398	-344.2618222506829	-232.818407234738	0.6580767978653351	1.5010082085721446	1.7605104088499404	1.656573747922525	0.028296302815017462	0.8783531508622265	0.02118911159212252	7.562109432499692E-4	1.012633532409336	-744.1341043072414	14	37.96388272768527	
1722000000	-3384.7954398878874	-2682.2363009046253	-702.559138983262	0.04229182824203717	0.874277619477611	0.6256269874733639	37.259652374005995	-1021.3035683753686	-1080.4442228666721	-350.2157390616982	-230.27277060088653	0.6142508559746799	1.4688659847039711	2.083027297505738	2.2141421035108797	0.028052899123988624	0.8135965667265286	0.02319261389673623	8.536320254139213E-4	1.0095009155148964	-702.6485836389683	20	36.90857789867863	
1723000000	-3401.292470895636	-2688.235602184839	-713.0568687107971	0.04874551090497573	0.8411146345344315	0.668366175472075	39.95309972628163	-1018.3647548870476	-1088.9026977729686	-346.57095452583184	-234.39719499899076	0.6507157291374239	1.538266760249654	1.5255144731002337	1.8723499762172535	0.02864207952619167	0.7827190238443084	0.022093827010694133	5.647701083505652E-4	0.8677450539322394	-712.2101027616277	18	37.55946015843352	
1724000000	-3405.0163146476	-2687.909482805917	-717.1068318416832	0.03690112310802048	0.8798531162846458	0.6564857208415698	37.453428087281246	-1027.239239618446	-1072.8527906860838	-357.7193647661859	-230.09808773520103	0.6097001295729161	1.379492238522875	2.3676574199321845	2.60686690652801	0.029451284719776837	0.777297052583448	0.022825247143588127	7.359529960814783E-4	0.9637514197715312	-716.8261715768427	18	36.611219165870295	
1725000000	-3424.819759709413	-2694.328470524116	-730.4912891852974	0.06131402606407733	0.8015749933880278	0.6757834593496409	39.353005623720684	-1043.403591115817	-1071.906867884721	-347.8159629306265	-231.20204859295174	0.5990942693973225	1.5362553438204685	1.778036539711542	2.4293468425720652	0.027774999798947566	0.799025857101707	0.022292519148207873	7.538598035115392E-4	0.9633046536153189	-729.415922474684	25	38.51592596216275	
1726000000	-3454.3839650171785	-2694.643687426438	-759.7402775907402	0.017802656366081502	0.9406079985212178	0.5740816325450908	39.42228621042858	-1036.4589760567692	-1081.4359847796047	-344.71063761512335	-232.03808897494108	0.6539181363334567	1.3254057147545104	2.003328907003629	2.8910783896180345	0.026294286576403807	0.9188260936591353	0.020266308452398445	6.061910992450963E-4	1.0089887433474856	-760.4142201046957	17	38.01605341680265	
1727000000	-3412.413229155433	-2673.9156160399307	-738.4976131155022	0.03512101220176378	0.9006264293708683	0.6005314258550063	41.081489378931174	-1049.7996821167221	-1059.1578718544113	-335.7842932978105	-229.17376877098715	0.6694322280683376	1.3651139824456504	1.91577501311492	2.392155551740268	0.026353913459648468	0.8066552071201559	0.021842825772764918	6.707966364878229E-4	0.9955505261269507	-738.7951811591194	18	37.20309931496348	
1728000000	-3409.0918599655283	-2665.401943770343	-743.6899161951851	0.022712884452302035	0.919242548103348	0.6202727539592612	39.71524682232082	-1029.3977899749475	-1055.7533233241325	-350.96255593678325	-229.28827453447994	0.6021957027386546	1.4301916693582037	2.385198595398801	2.26245908179446	0.02758395109106383	1.0415385744529055	0.021661019412056042	0.001183030287359932	1.2650805867464125	-743.2310346293698	18	35.885397870541595	
1729000000	-3401.649673831687	-2675.186118782512	-726.4635550491749	0.024413354229084215	0.9259775854741824	0.6191260832972123	42.002664950828326	-1049.1214023972323	-1067.3584720032557	-334.1484495311022	-224.5577948509221	0.66867278745847	1.406987201194731	1.68265596202378	2.4376842939955172	0.027745000860273688	0.9123477296720266	0.02505356319623163	8.739833576346009E-4	1.0356632992054802	-726.150991083805	22	37.14340953532238	
1730000000	-3444.531370495974	-2691.012312328384	-753.5190581675903	0.04352784296298806	0.851667374948712	0.6185075885869661	43.33790113115233	-1036.5352182075292	-1077.545292473748	-346.31700449010816	-230.61479715699832	0.6602036561570097	1.2654984829240388	2.229748067791664	2.914585068065709	0.02664654861398155	0.7201006557573099	0.021577215145494242	4.5622436072927954E-4	0.8126548710274882	-753.4596023596401	19	38.13939970487944	
1731000000	-3438.9628355130158	-2696.4184065599366	-742.5444289530792	0.028293881762561788	0.9057768602236631	0.6459685994111216	38.80764403277297	-1036.802234937796	-1076.6526540503173	-349.89836152166885	-233.0651560501544	0.6535335149199354	1.477535459048797	1.6006854768690597	2.233844500561788	0.021627876500624144	0.7437470420519818	0.020035774633253057	5.648503483989521E-4	0.9768739701071343	-743.2218652849679	17	38.03509029257687	
1732000000	-3385.415039347058	-2683.286960044603	-702.1280793024555	0.015417495015458327	0.9549930763985424	0.6023009883676861	39.08421441196166	-1033.243218919435	-1067.333988610998	-351.05651772188344	-231.65323479228667	0.6390300073922176	1.4131424208183652	2.090854744291784	2.2311522696725667	0.02994595059351485	0.9758370139080821	0.025010920962566147	0.0017843683174073198	1.3412784698456257	-702.0506155619465	21	38.51635199837853	
1733000000	-3396.5062702468904	-2686.2789264621724	-710.2273437847177	0.04159806758348359	0.8637501454700468	0.6757747445857448	37.650636731979496	-1033.0920226798119	-1074.727959339876	-355.9350215527508	-222.5239228897342	0.6159426489207238	1.436084168101828	2.0638341513361085	2.5106223927521785	0.030140542470158075	0.832693224774552	0.027510140587831113	9.183847482126658E-4	0.9688058840942494	-709.3215263203932	14	36.33205481129087	
1734000000	-3395.3375369659566	-2682.7392193151663	-712.5983176507902	0.030739681863465224	0.8982730458657973	0.6415547598531002	37.48359118162213	-1038.4463255371084	-1071.1278884503297	-350.3346379813153	-222.83036734641303	0.6514240838663257	1.4554519046260848	1.7169737230032687	2.2691712496499203	0.027574987149260478	0.9227193211468493	0.025129804397517518	0.001308313052026179	1.145858846423055	-712.3407891184197	17	36.563907036428134	
1735000000	-3375.316827581987	-2683.4185172979237	-691.8983102840633	0.06361476975782057	0.8089905972087854	0.6808523096839979	37.572488398634874	-1043.958521162951	-1070.7644285714666	-344.3533336490437	-224.34223391446233	0.6466401558635327	1.4362659736739176	2.0337845936002363	1.9783202367277843	0.037041967046984973	0.8148199637358782	0.02556888773486477	0.0010822842840485871	0.9726867319077515	-689.9254024876162	16	36.93260039090037	
1736000000	-3401.668998696506	-2685.878850945503	-715.790147751003	0.027776792384273562	0.9121852496795417	0.6793207843177188	37.682858834224014	-1028.4614718749388	-1082.0134938002448	-345.6838733137693	-229.72001195655008	0.5668549259809185	1.6294460966650877	1.7779489816200669	2.203330818542222	0.03127180458213399	0.8870171355547923	0.02715687829214312	9.603132385198079E-4	1.0215295605124626	-714.7775460958889	20	36.990419950554546	
1737000000	-3392.2494584348055	-2697.3783254624473	-694.8711329723583	0.008157820813655438	0.9711896389571911	0.675777159932996	37.21262900822849	-1041.3687410574628	-1071.3526080620577	-355.53068810802233	-229.12628823490425	0.6512577062012478	1.5135493229388803	1.777956707096295	1.6427354383084296	0.02948884668463333	0.7963110359516637	0.029553232157136587	0.0011219579185776504	1.0519116627423215	-694.7440920666597	16	36.51214124819322	
1738000000	-3395.632943183116	-2670.0797305140645	-725.5532126690513	0.02928171068132046	0.901675565284188	0.6621777972201007	38.606841782439815	-1021.853963553379	-1067.000173014505	-343.8080171659336	-237.41757678024732	0.6605669269127137	1.4027691920055305	1.5780152995731054	2.8127788863562975	0.028906522107951	0.9149718661158672	0.023822369625335942	9.700275041460561E-4	1.1028860589015492	-724.8145298619423	15	36.9046083867511	
1739000000	-3411.2997103437397	-2675.4256259322406	-735.8740844114991	0.01257055648654724	0.9637127264714868	0.5026356196259109	37.10074060992559	-1030.188226231294	-1067.2560274545863	-348.4922187320625	-229.48915351429756	0.6629170554529797	1.3367371653838283	2.213580738144188	2.2501751661871108	0.026183335286735637	0.8808627447668328	0.02025201930626909	7.099176332933886E-4	1.0173350127042808	-737.6455688245184	19	36.91246194426981	
1740000000	-3439.6925620172556	-2704.7741408914576	-734.918421125798	0.04550913035272944	0.8494060277935231	0.656809229302309	40.81167851903444	-1043.0684809641057	-1076.1743938375091	-348.8858014015006	-236.64546468834257	0.6494646795622554	1.4020252706804313	2.096437425431261	2.1231781576890683	0.02409797963876086	0.8254331862935133	0.022788084102444765	7.575712556118538E-4	1.0147691598706883	-734.4860614977364	14	36.24950730751184	
1741000000	-3415.256804529725	-2682.082342519733	-733.1744620099917	0.05504408567503337	0.8027551750977314	0.7323611808284199	38.08478744944947	-1023.022032625286	-1083.982194683332	-343.44217659510787	-231.6359386160076	0.6517764789151648	1.3918470766419113	1.5543153613635958	3.119571328448836	0.026842224739892884	0.8329709904235691	0.02199586553605944	0.0010070488057713428	1.1314883277514882	-731.3315235498492	15	36.743164272332606	
1742000000	-3406.1552853992057	-2677.8189081282544	-728.3363772709512	0.006667731398978237	0.9778421142836139	0.6204759876611732	38.65539383587902	-1039.1002179229854	-1068.606382597947	-340.30867900416774	-229.80362860315364	0.681319242143569	1.2926159748207136	1.9587282436634648	2.7436161994751456	0.030098847049131926	1.107726150770428	0.01997175698447698	0.001420951144845025	1.3656580660499023	-727.8085509687008	20	38.08834600722356	
1743000000	-3385.5883015555064	-2686.4333974043793	-699.154904151127	0.01965062234699764	0.9340986770469054	0.672701330940988	37.2472454193484	-1022.5070710636253	-1073.488361166152	-359.93386782118245	-230.5040973534194	0.6606123025565205	1.3232829419926415	1.994353657195792	2.798700873400124	0.030149422438274058	1.0929164842669177	0.02306177623632178	0.0017017717719754227	1.3571484730372874	-697.8938653746533	16	36.49119713208375	
1744000000	-3417.429819552158	-2684.748668381834	-732.6811511703238	0.002811625098822368	0.9909527537321866	0.5667408236490838	38.121225488163724	-1032.4320360182833	-1065.0158839941887	-357.0095505292845	-230.29119784007747	0.5866504062098507	1.4694812225089298	2.256247035480235	2.4298789673425243	0.02907799879835916	0.9303899361036473	0.023049808312749786	9.839456536449253E-4	1.1169287554851945	-733.5085550373276	20	36.779932896749585	
1745000000	-3436.4563320158395	-2705.8552922945273	-730.6010397213122	0.016917046167347287	0.933935456310748	0.6759861827809813	38.125868305538084	-1029.5652693018958	-1080.844600674617	-365.0736078118985	-230.37181450611615	0.6032817864815297	1.4745092942540812	2.0979918007925797	2.3455767571776667	0.028077519452062317	0.8890810887361027	0.0256979577975617	9.980661275571494E-4	1.0883667088393474	-730.0670952998253	14	36.86769149013854	
1746000000	-3409.6497184186182	-2679.6255825635662	-730.0241358550522	0.07339870276633646	0.786683713146926	0.6616574484047162	38.27950213147203	-1030.4684770689823	-1078.5775173047048	-348.620393936128	-221.95919425375115	0.6323942241831584	1.327276915980752	2.3520422485422987	2.6729435617446904	0.025232247943526045	0.7827493721423584	0.020894915265881168	6.511492843353248E-4	0.9843119372866548	-729.3803138480614	15	37.11169900524437	
1747000000	-3436.2838733636677	-2714.4999061351255	-721.7839672285423	0.012258530462869467	0.9586386640738785	0.6148144527927436	40.159788773323875	-1055.3332530223925	-1083.5877205626905	-350.4539222240666	-225.12501032597612	0.6578456542063026	1.3251319534439459	2.1572024723330445	2.5496406625024086	0.033011997508145825	1.098593655155122	0.027710212781173714	0.002972122627664182	1.6139898629951075	-720.8106656473822	15	36.927568221458465	
1748000000	-3414.6706961115588	-2700.1115774108243	-714.5591187007346	0.052929315016300056	0.8369522277336174	0.6325180745208004	40.63406660869499	-1046.5792397910197	-1071.8436735089424	-355.85909411229846	-225.82956999856367	0.6610218754390151	1.4280567000651707	1.6539369729315037	2.4436843634425185	0.02525973246725194	0.6704400580624094	0.0237104635246779	4.2193460914033285E-4	0.7627435645787969	-714.7563698760242	21	37.04626052515548	
1749000000	-3396.5418751696193	-2682.354116025127	-714.1877591444921	0.03203675080486312	0.884883583921309	0.6763103318595939	37.47517508857816	-1025.4957908688582	-1073.7439169107154	-351.07387574263896	-232.04053250291463	0.6660871771651883	1.3658583605832892	2.035536410252589	2.239429670670266	0.028363702206759562	0.8798546320636133	0.02456742625570965	9.531555849157358E-4	1.0755541418683565	-713.4664128155649	22	37.21173775848846	
1750000000	-3400.6378579042052	-2693.358919760562	-707.2789381436432	0.05523684877046666	0.8374640117369209	0.6490297956369016	38.61084957314441	-1030.2549289874664	-1081.1409309718517	-354.9317122134105	-227.03134758783335	0.6152955972979508	1.4030872350929797	1.984605922845332	2.958538170523281	0.027368388125461728	0.8498477529533722	0.023828069785238503	9.782349417064421E-4	1.0818776344220806	-706.6637431173829	17	36.949935912257104	
1751000000	-3396.298839870563	-2692.3363722632043	-703.9624676073587	0.02421088342601241	0.9217560270581968	0.696849706744064	37.9052432790104	-1031.7364242266779	-1082.809902024675	-345.7946325260923	-231.9954134857589	0.5798440385807515	1.5002794258063687	1.9491451042526875	2.819444502266661	0.03135136016362117	0.8495498849449383	0.02543377247798666	8.517951712134181E-4	0.9580687518748167	-702.81563036791	13	37.06944015041703	
1752000000	-3401.2974092133113	-2713.426798588323	-687.8706106249883	0.03293562343924381	0.9127476173473007	0.611050698972492	37.03889553396132	-1049.7541477083578	-1088.675248318086	-356.11828666328927	-218.8791158985894	0.6264309015033594	1.431070790820409	1.8018600835914487	2.814920607767929	0.04292399525481877	1.0013024113120788	0.0319049284823573	0.0019336226756635163	1.0781209710491426	-686.224185587758	14	35.593375957330494	
1753000000	-3392.3751366819592	-2692.3018055086436	-700.0733311733155	0.05375457895225981	0.8280357381074329	0.6747117777905572	38.58942045492736	-1041.3016991181632	-1071.186558492944	-356.6342929930877	-223.17925490444907	0.6290589721794885	1.430915034548576	1.8113117761748116	2.7498486093471084	0.029647676103179543	0.8981774853933431	0.022772618350097855	8.277579316717815E-4	0.9748341040303937	-698.7281870849426	17	36.82948043017456	
1754000000	-3372.1109703629177	-2685.374738299193	-686.736232063725	0.015176866493733943	0.9506042940530194	0.7037876385797813	38.42884033042266	-1033.7673239127776	-1074.8202738497625	-348.5950948567796	-228.1920456798731	0.645318385805137	1.4785187600615115	1.9435564696043142	1.7810580073417128	0.03470774005063174	0.9452659063883387	0.02395421538770328	0.0012909120242905509	1.0763296270507046	-684.9272136911533	21	36.93785274611973	
1755000000	-3402.5706549049437	-2712.2589032978876	-690.3117516070562	0.006614216245530778	0.9818681493040136	0.6407052296271787	37.634808806812494	-1049.5987200511481	-1080.138244791417	-357.8052029135867	-224.7167355417358	0.6107177087026266	1.3754295117769297	2.5899872654675278	2.2350202140900284	0.03194221285106081	0.8492525028049449	0.027059395493163704	0.001190014072383898	1.0500239889819571	-690.2530033703002	11	35.926378881082826	
1756000000	-3417.3577465361286	-2695.329308291569	-722.0284382445598	0.06392913268493472	0.8014271363367651	0.6350910443371582	38.54595320830984	-1047.210034894687	-1069.8232001232943	-345.92237633247055	-232.37369694111672	0.593999199239707	1.5520592254699428	2.1660355562015967	1.7049199618637825	0.026432440229867037	0.8087773761144098	0.02337868652843166	5.930685898433569E-4	0.9169558116410937	-721.6654591657427	22	37.66737173185033	
1757000000	-3420.7886657312292	-2675.3954119353375	-745.3932537958916	0.013078480519104206	0.9527727596479317	0.6346932878681867	39.96012425952176	-1026.7191125904228	-1079.174729150724	-343.8283662748222	-225.6732039193686	0.5834354492192715	1.5662601124019822	2.076216914580934	1.9350058526998348	0.029824606525668602	1.085155970461368	0.022124458080492085	0.002006481337276922	1.4996917402148182	-744.5390075185926	14	38.37291575386457	
1758000000	-3407.2938309673136	-2695.576153925801	-711.7176770415128	0.011286746114835622	0.963196929391883	0.6329254905169559	39.059548968056454	-1033.063157305836	-1076.2496237889466	-352.918985772018	-233.34438705900055	0.6281496183832951	1.377198502597256	2.000606041973313	2.9193101538892696	0.03362467339218299	0.9292759326108987	0.02772691385781166	0.001226227722064433	1.0597938529443236	-711.1104090944968	13	36.828320712778584	
1759000000	-3398.235567083657	-2681.639672244658	-716.5958948389987	0.022622703450977777	0.9230710141510474	0.6417335276920045	37.820120153940024	-1029.7390237245677	-1077.0131967372643	-352.3388477828563	-222.5486039999701	0.656914844982106	1.493117363752959	1.599728535865594	2.0310367337990276	0.031452246973639776	0.9678221794947486	0.02315789994750281	0.0013492397062305032	1.183747823103415	-715.9127001079668	20	36.90662903921861	
1760000000	-3409.5625591278126	-2675.5190040811517	-734.0435550466609	0.0286825128312654	0.8969295416475116	0.6637160273214695	37.6165158216988	-1034.1466324749506	-1069.8668032722878	-343.0824513384491	-228.42311699546406	0.6074331210946119	1.554485586390281	1.9427277660874243	1.8186268310373013	0.03200906144821137	1.0598340138356697	0.032352847043373316	0.0018043390624917358	1.329569158793	-732.631951646297	15	37.003284632440064	
1761000000	-3395.747294777502	-2677.344190608428	-718.4031041690737	0.004148239476444745	0.9837765605728208	0.6964559291515876	37.9243906726197	-1027.3849405750461	-1074.2268546160549	-344.9850066319675	-230.74738878535956	0.5838319479187186	1.4581810759786449	2.2947102220859903	2.5178204170865457	0.0347032370698273	0.9351246625000142	0.02433885000801325	0.0014227261058656915	1.1649393627918305	-716.9785890757727	17	36.452538721821675	
1762000000	-3413.360633857764	-2701.776893031555	-711.5837408262086	0.07542490716311498	0.7840478892144398	0.6422901818771254	37.33771333599196	-1040.1316595387007	-1086.2240938748184	-348.36712815687224	-227.05401146116384	0.5681605905642261	1.5408199960256557	2.034387823650569	2.5273901236608554	0.02713348746167472	0.7002758952989001	0.024453136214157137	5.748673820020813E-4	0.8485074218647607	-711.3644867368624	19	36.66537643143683	
1763000000	-3385.7958032649376	-2678.7612275604984	-707.0345757044394	0.008495715738439264	0.9731064197451299	0.6043419717131209	37.932067287333105	-1036.0062292071607	-1069.9806705294577	-349.53503386805266	-223.2392939558273	0.6417313293041924	1.4309387618786686	1.8979754094880414	2.3571989197087886	0.0289853920647306	0.8173993736760419	0.025530887713933186	7.390036000301903E-4	0.9419802140903178	-707.7530652780472	21	36.84721365167401	
1764000000	-3417.297248248431	-2697.4550347635677	-719.8422134848636	0.021177452601597258	0.9353786608616248	0.6236546410855384	38.18708669229505	-1022.1632494825107	-1104.398618818417	-342.92296587715816	-227.97020058548208	0.6150669349475127	1.483245096688612	1.8353413999441357	2.502674915898054	0.02656031455332206	0.6963235942385163	0.024403574174220243	6.412720579679394E-4	0.8887382805295079	-720.7236316647248	19	37.58723112851021	
1765000000	-3390.4733438193807	-2689.8091611638374	-700.6641826555435	0.011041613011310058	0.9623390865083454	0.6533332435381186	37.03668501067132	-1028.9370244750407	-1078.3994161131714	-348.9877264376084	-233.48499413801716	0.6146040593052263	1.4450225375923704	2.1463986282619456	2.3111224354114723	0.030619160890262308	0.6832712759771707	0.02579886755830888	5.55267533712665E-4	0.7710977264029135	-701.0869382198058	16	36.344193250478774	
1766000000	-3425.033836230361	-2703.0930714131846	-721.9407648171763	0.0463199657486181	0.8514864177268442	0.65485364517211	38.54457836340146	-1027.646784502443	-1089.3867893955899	-354.4258286773876	-231.63366883776428	0.6140215081769328	1.5118788188820136	1.9222338277318172	2.112772776169945	0.03592281884499485	1.0513051299887395	0.02433775898667097	0.0017564958815884713	1.3460702653070815	-719.9029802907714	20	37.75371100536264	
1767000000	-3387.170646684094	-2693.0604271876887	-694.1102194964055	0.024951439557048642	0.9239833014261651	0.6700755561939217	39.39838344857545	-1029.7179758662671	-1084.862307363651	-349.56702653586547	-228.91311742190507	0.6820361789220971	1.32308516862262	1.912475130442375	2.536714604602917	0.029642931390061255	0.7798286645194584	0.02473484523268419	9.4044319664441E-4	0.9940081206318546	-693.6110178841661	18	35.943187695987525	
1768000000	-3390.4381304991493	-2676.9981762207995	-713.43995427835	0.011339379316664386	0.9605161222238855	0.6541615719273556	37.364036973908014	-1035.053554847582	-1067.0651919902325	-350.1496318593901	-224.7297975235949	0.6804056916239464	1.3824038947958333	1.9398206527212014	1.9859706637209793	0.027646458217599815	0.8854774056122406	0.025878198823224913	8.54007141218149E-4	1.020564297269009	-713.4539908555765	18	36.45799627139187	
1769000000	-3379.694067371844	-2681.5100226385775	-698.1840447332665	0.04052638150009396	0.8737882078904375	0.7287666676923498	37.010165524557834	-1027.9711062186702	-1067.9401914468583	-350.4378926816112	-235.1608322914376	0.6093904079143364	1.4211887168133466	2.0711063682054003	2.7564476539486056	0.03283334177134171	0.8937089632350723	0.02760903257589204	0.0013604992596801988	1.0907474552254568	-696.0125689053529	17	36.99555232251734	
1770000000	-3363.4954436240205	-2682.960905345317	-680.5345382787037	0.06075221002232095	0.817374968756679	0.7210774441073736	37.85208580079116	-1031.6445475921394	-1071.5272977746167	-353.402665474809	-226.3863945037516	0.6221380757250846	1.456415849573285	2.1854468621806546	1.9971019062482234	0.035351595258907485	0.8862214206369391	0.02736935009207076	0.0015478283489516046	1.1595757179436252	-677.8543368493803	17	35.97863310948464	
1771000000	-3373.3937491978513	-2689.966588454001	-683.4271607438507	0.015614716124428057	0.9520725866959052	0.6353675579547254	37.36706074273804	-1034.9284937350553	-1071.8704237242803	-353.72959726564085	-229.43807372902458	0.5721831799468303	1.5135702557797808	2.064033192483522	2.6443291921465986	0.03051764241120046	0.9205762241965829	0.023272621809899918	0.0011181115745553915	1.1426790970746636	-683.2364460580361	22	36.219156964870464	
1772000000	-3432.1139114548496	-2713.814108534714	-718.2998029201356	0.042256436029717646	0.8684858155584324	0.6700952447604569	38.24479387123247	-1043.6916133333953	-1084.349815244939	-359.6744519985956	-226.09822795778388	0.6728655194979783	1.41503014036791	1.664175015230209	2.3179775895749373	0.029506801980274295	0.7860870557644525	0.027432018989656352	8.320229789821795E-4	0.9485386712619819	-717.6254020802334	15	37.98974069960498	
1773000000	-3405.739518880565	-2690.162307664817	-715.5772112157481	0.012077200938788937	0.9502588109026172	0.7036368722837929	39.18054414247437	-1026.0751628860608	-1090.4169020239335	-351.76061508630426	-221.9096276685188	0.6266097722773708	1.4434624255990967	1.993067787120595	2.365383868877644	0.03079671493963212	0.8339678259517495	0.02525231203059964	0.0012787550338533133	1.1135978667973774	-714.478815374652	19	36.57293736967919	
1774000000	-3391.803398908845	-2689.505868759629	-702.297530149216	0.01821240291243106	0.943473876580033	0.6040524923490005	37.033858252138806	-1022.6896001451041	-1090.860418249874	-349.1926353951988	-226.7632149694519	0.5695583576659684	1.5718262878345477	2.041253457858708	2.209761062583513	0.027079503090720432	0.8512124095780679	0.024304110795930586	8.231653850731253E-4	0.9894306395001865	-703.0310531010873	13	37.023627560666945	
1775000000	-3385.3620201297704	-2680.015078396489	-705.3469417332811	0.0786567557897434	0.7685288769650586	0.6653565761171283	38.29644037934247	-1036.2072019390112	-1073.7223089181707	-349.933548299458	-220.15201923984915	0.7087840669780643	1.3417772059850739	1.6768659625058908	2.272592439166377	0.03327037159334179	0.8975720843567757	0.02424674065516926	0.0013271530095794258	1.152510979458643	-703.4087506886938	18	37.12781287782902	
1776000000	-3403.9851177573296	-2688.0296790866964	-715.955438670633	0.027377961582947336	0.9005068997463073	0.6604181298312142	37.571884960076275	-1022.1414112771234	-1076.2764451437733	-355.14754023679865	-234.46428242900078	0.6311374284527208	1.4334977240834252	2.1133083107305985	2.158619798869557	0.03292800452792379	0.9439356863791296	0.027679735718590937	0.0017634361444433331	1.291488324220327	-714.8802425840107	18	36.05369401316422	
1777000000	-3394.050583714312	-2665.995763038132	-728.0548206761799	0.029319681589103874	0.8859823896226083	0.689840732769077	38.40256065229658	-1039.6484965820293	-1059.215860473537	-342.56637860792296	-224.56502737464228	0.6211471974731988	1.4134743778286034	2.345177439949425	2.1228733276409386	0.029243434793837706	0.8717467051857494	0.022051150314081263	9.51355876342009E-4	1.1002828143978187	-727.003555103873	13	36.80772642282115	
1778000000	-3408.7438586037215	-2671.2550198122553	-737.488838791466	0.027048732459139368	0.9192999042583524	0.5689900425328593	38.55885723955985	-1017.5277959989817	-1069.7723332979149	-356.1610005434798	-227.79388997187885	0.6096236114777628	1.548920655753564	1.657112492941514	2.326918617493434	0.03267543826310905	0.9167043174840953	0.02405222338149558	0.0015317636164666204	1.193871132684176	-737.5406874142199	17	36.203496365794116	
1779000000	-3403.086987280505	-2678.5695297021853	-724.5174575783197	0.044641661152338294	0.8547500044118068	0.6622298818632476	39.80386247210263	-1039.1749121202267	-1072.4902341481259	-342.99682627375046	-223.90755716008195	0.6383464466107336	1.4758096384907848	1.5890939819746068	2.5582162995240916	0.02965825533361448	0.9574075744438582	0.021604648985328972	9.316129289171213E-4	1.0465171982654637	-723.1946958008822	17	36.77659392078761	
1780000000	-3421.420927411968	-2686.2187925945127	-735.2021348174552	0.026631687065705262	0.9031808649606939	0.6562594430825348	37.81086622722253	-1023.292997929781	-1082.6469954599906	-356.0065180810342	-224.2722811237066	0.6229481793406368	1.4327520902050659	2.046092218235447	2.438554398770964	0.027434355216940064	0.9187102646162278	0.02398039414324198	0.0014019524465718619	1.2300385258101347	-734.7961471216588	17	36.74480201469474	
1781000000	-3398.918143048556	-2686.0674031684384	-712.8507398801177	0.06192105085897571	0.8229282667625141	0.6635025047763204	37.925489876281965	-1039.2909060044337	-1086.559732805773	-345.5818871965569	-214.6348771616744	0.6149536513174646	1.3651368746593366	2.2969541515228706	2.7599789878698484	0.027767287553150798	0.9247627927345067	0.020196922249666655	7.546614141962842E-4	1.0425630117061646	-711.7264298806298	18	37.64495828683084	
1782000000	-3390.13257081542	-2671.6916633833966	-718.4409074320236	0.03298868332635359	0.8879305354584236	0.6613586287368864	39.03593415462468	-1033.0291895492207	-1071.767952774701	-353.6721916443598	-213.2223294151155	0.6120569352948815	1.56874069408817	1.610492295942932	2.183890464704284	0.02917905340101726	0.916947757255795	0.023935778956019553	0.0013019785665762966	1.226603586162668	-717.5729939812343	16	36.45727082556785	
1783000000	-3411.872846346811	-2692.666236468094	-719.2066098787169	0.031186132460079084	0.8989829758253695	0.6897815243761894	40.833172223496135	-1040.9984670207687	-1075.6426896072712	-347.85372992874943	-228.1713499113046	0.6343154214184381	1.3853473102938496	1.8247721906554166	3.0365298667587375	0.03265872353334398	0.9979570946608403	0.023509544719659027	9.783427485851334E-4	1.0305482413240248	-717.1608459818534	11	36.57109057714576	
1784000000	-3399.6975607510713	-2682.3522130718925	-717.3453476791786	0.058866088808463404	0.8201069416571175	0.6239187680852264	37.1011965424863	-1037.6727866121078	-1074.323789235596	-341.4589224040579	-228.89671482013102	0.6427451130131588	1.4027492531607006	1.9048729514384501	2.579571909287044	0.03472546097514623	0.8529203387957891	0.027075295657814757	0.0013305957043403555	1.0434021562853721	-716.3992079430017	16	35.94789455800016	
1785000000	-3393.041229027774	-2663.2474672523913	-729.7937617753827	0.036647559886795696	0.8658551577035144	0.6620119289657712	39.57994150452395	-1024.6259205040228	-1075.090467970467	-344.1378497075809	-219.39322907032044	0.6189189850229989	1.5022029067884946	1.653573816101871	2.576958945288912	0.03279094290241529	0.9688149871586628	0.03135016927618535	0.0014734345773024758	1.1891474058224045	-728.2649166856914	14	38.23649950964179	
1786000000	-3440.038139495956	-2691.8383455638004	-748.1997939321554	0.018874327267745544	0.9268857801458577	0.6800986990132353	40.16834657501002	-1037.441246450608	-1080.4955626256356	-342.80644067291723	-231.0950958146396	0.5798716959085763	1.633050321015215	1.809480864511755	1.8683933757051203	0.02406788211384853	0.7604933369693887	0.021582843562538964	4.207336991317819E-4	0.8056786140413643	-748.1374601201815	15	38.81236154475842	
1787000000	-3398.7250233546356	-2669.5752049095554	-729.1498184450802	0.029766463831172443	0.9113632295104902	0.592035597911642	38.156320591880714	-1025.1741347364898	-1079.840618634074	-333.38050072888603	-231.17995081010554	0.5549123657783567	1.5691711441040606	1.9134671698816577	2.735557205982351	0.026503161498188522	0.9459140524413343	0.02029722666005832	0.001511742334862507	1.271191825407109	-729.473892740664	15	37.95010892680696	
1788000000	-3424.006879120011	-2698.0539473339704	-725.9529317860405	0.03358858813426917	0.8796966838886182	0.6913900593127523	40.53762025021654	-1036.4852437320799	-1090.4649145622875	-345.05824153750837	-226.04554750209434	0.6185880773067405	1.5046710018075389	1.957145137629601	2.02978352405287	0.03911387026977803	0.9144822330022818	0.03351781730266188	0.001984521438129057	1.1223035115464897	-723.4550462182757	16	36.503442691183885	
1789000000	-3400.849195797514	-2662.7145594580725	-738.1346363394416	0.03573289908927653	0.8751382997939264	0.595542411125308	37.66722547449918	-1007.8475968330617	-1074.1138221101398	-353.6495119968805	-227.1036285179906	0.6268356763919756	1.35901756585586	2.223600756269856	2.7176627323780447	0.03692392177684701	1.056662951059938	0.025525507263961206	0.003397933023078955	1.5609140198301201	-736.9698212615069	19	37.4022604666126	
1790000000	-3400.4543834114083	-2682.0075144828443	-718.4468689285643	0.03922750512386074	0.8908425627333102	0.6189027243596086	39.14427163884406	-1038.6433074035003	-1065.6860080521824	-352.2601287361585	-225.4180702910032	0.5801964182720891	1.5306954640352524	1.8853474035900368	2.6506509202310546	0.03342095730588983	0.9629012846528917	0.031022163669696436	0.001938061538551486	1.2446545214588354	-717.4789610273888	15	36.54608139400191	
1791000000	-3398.6588680859195	-2680.145029546523	-718.5138385393966	0.03661542717734487	0.859867266500514	0.7060556568645999	41.75334648933971	-1036.599044409992	-1067.2580643222564	-348.88029754897934	-227.40762326529497	0.6576872425880472	1.3546277883014695	1.9745706897609467	2.606793589032831	0.028765647775887457	0.8527810771390788	0.025484720257523623	0.0010188942681959446	1.0558938856139626	-716.8295563701611	16	36.8348944469051	
1792000000	-3399.780569997307	-2696.301507430442	-703.4790625668647	0.05227222080348868	0.834918258036666	0.6770611097151704	37.10979988779383	-1031.6879432442886	-1079.3658417340819	-352.9485092671818	-232.29921318489014	0.5952342554669189	1.5014153138928041	1.87194722180226	2.651903682939996	0.029642093168767848	0.7325638253042576	0.026057208178261286	6.3666195072098E-4	0.8427619330317245	-702.8071129932772	16	36.66366029393953	
1793000000	-3390.645269698982	-2681.2483752916623	-709.3968944073197	0.025031080809983938	0.9137035776038122	0.6494913321977798	37.48612280373208	-1015.925339159232	-1079.6190351758955	-348.2458905208846	-237.45811043565007	0.5761057691606497	1.4365113097275095	2.1099794727451413	3.1829245210966874	0.03269332601110361	1.1282693384625286	0.0252193108279284	0.001978095413839471	1.382261217930802	-707.9865629380715	21	36.692679130895115	
1794000000	-3397.3104534023123	-2677.902300033032	-719.40815336928	0.01035432535345775	0.9598939842960711	0.634639868767769	37.35919655062396	-1042.4631598167223	-1054.6588574400898	-352.80659208733465	-227.9736906888857	0.6377259007008718	1.4671976879189506	1.855601832564976	2.18112548842475	0.030720389837983517	0.8423369034207597	0.026097586123745766	8.941082363734799E-4	1.0237221150307376	-719.5299029086534	17	36.71322648709476	
1795000000	-3365.1426248932817	-2677.9136009881395	-687.2290239051422	0.013633097677897606	0.9532891546013811	0.6796348693625142	37.11033790119731	-1040.891944453718	-1060.774222128558	-348.4090251030576	-227.838409302806	0.6603000784625876	1.2981847230550794	2.1321912823897193	2.7893012575336673	0.038085886981748106	0.9827460799740103	0.025530835694597714	0.0015211882333555685	1.1065432529611723	-685.5047793267429	22	36.581804274381724	
1796000000	-3381.031564748186	-2679.932728483514	-701.0988362646722	0.034139813648663954	0.8940927917289405	0.6213869727766904	37.10963776363276	-1031.1841222249934	-1069.681060058551	-351.07532039733815	-227.99222580263148	0.6114931819800304	1.3693441945280242	2.2502655804383007	2.8695670258607477	0.031984737402244764	0.9965023691776627	0.023591339746588114	0.0011501802098322826	1.1151288973564286	-700.4230946704042	21	36.37430543259807	
1797000000	-3415.1486221562013	-2692.477003249747	-722.6716189064542	0.031767508325560787	0.8951111528815995	0.6422163769586435	41.18111773626346	-1053.1040592438062	-1063.5809259405355	-353.9337688547727	-221.85824921063315	0.6927917403379752	1.277018211192931	1.9886830488903207	2.613597697284562	0.02491226285585577	0.9206472564842461	0.020958595157297387	8.407250539139334E-4	1.1369192666811185	-722.2596387940478	15	40.724399417411306	
1798000000	-3389.730943332166	-2694.1143994684144	-695.616543863752	0.017630318837546458	0.9421021814651003	0.6605917526214232	38.04078944457776	-1031.4640616717984	-1081.7972057798336	-353.18359861780516	-227.66953339897674	0.5955118252469767	1.5470975744348772	1.822196356994171	2.322553525654338	0.032919832031402786	0.9890706267634524	0.028782125212746708	0.001783783707994027	1.1840013349582288	-694.5237766698654	25	37.117872012987334	
1799000000	-3408.7339912955267	-2689.812978427769	-718.9210128677577	0.045918192128934845	0.8631006039881643	0.643158536981778	38.35144263824993	-1022.9051446064536	-1089.6241928825755	-343.2221407752123	-234.06150016352763	0.6497325541652099	1.3425794896500771	1.9897885133185869	2.839736165703451	0.03016684560337006	0.854762742216395	0.02492594496590582	0.001054045330517874	1.0709251045088033	-718.2748512640037	18	37.1467986199506	
1800000000	-3423.8773088623943	-2687.7291627730733	-736.1481460893209	0.03313252590547859	0.8875901652617019	0.6207467364721069	37.21333602118101	-1037.3263104534572	-1090.3724641235094	-338.52414326042623	-221.50624493568057	0.5384994323537967	1.6113069905726598	1.821851482414563	2.828507775899079	0.027520108317935676	0.8824482299740564	0.022793974098512856	9.10122278654045E-4	1.0458772497774371	-736.2703303872423	8	36.0749962447103	
1801000000	-3417.1340432233833	-2690.892307407656	-726.2417358157273	0.030812276234386433	0.8993789264375925	0.6607185834537311	37.39251017700505	-1019.9720758828464	-1082.6212096877173	-358.49152557486536	-229.80749626222726	0.5117625204267574	1.5258588378445783	2.5634977676605177	2.8076614778851168	0.03538365518670104	0.9827382155292611	0.02679218640821489	0.0013743502740032082	1.1430065574910708	-724.7636091768286	16	36.77998215625776	
1802000000	-3395.577250230698	-2667.208035395577	-728.3692148351213	0.022512268115294318	0.9261317613319643	0.5976135965660063	38.3071864196649	-1036.6315423220867	-1057.6843537593559	-351.39689734564666	-221.49524196848802	0.6614899580964255	1.3165036570110062	2.245530833250301	2.403478924881449	0.02863905735450184	0.8590067458059255	0.02359478294876978	0.0012321993507970975	1.1911388459388115	-728.7946644579416	20	37.75662555170259	
1803000000	-3388.1676187080784	-2672.018697620893	-716.1489210871857	0.041440915232095324	0.8781955152235178	0.6285273597664753	37.569242809518	-1027.5287218307367	-1071.4771688104881	-347.94332708194645	-225.0694798977214	0.6321448810239062	1.4708601847720053	1.6941998486543242	2.536655862453342	0.026849563318144004	0.9346649046486072	0.02222435048320814	0.0010679344677139578	1.1930933157339545	-715.9196221334473	19	37.050339602541726	
1804000000	-3417.8606823075625	-2698.8580505247214	-719.0026317828413	0.02577869489395832	0.9101327317122416	0.6532549627975689	42.023994353367094	-1038.645020602445	-1074.5803243452854	-356.46737241771	-229.1653331592813	0.6020871119284885	1.4289897876887327	2.1353069197416756	2.71264967461286	0.02272423995651495	0.8321103759704694	0.019421292341762486	7.751218822592378E-4	1.181074798482679	-718.9156227339844	16	39.535067036080314	
1805000000	-3385.7734630275845	-2688.04009401235	-697.7333690152343	0.05467453305119994	0.8395855601554658	0.634731379888317	37.48251313156425	-1028.2969745863277	-1077.5941411504969	-350.19743333091776	-231.95154494460775	0.6191324033584383	1.4380304632412295	1.8755134103210285	2.7620616989574667	0.029623478259100538	0.8841269142193039	0.026521335746105084	0.0015484080164484084	1.1786699327459937	-697.1066500535889	19	36.9540333845649	
1806000000	-3397.884420808203	-2679.5558362346537	-718.3285845735493	0.04671134102516122	0.8637808372969215	0.6573854707092579	38.66728484451844	-1026.422446397995	-1066.6543478069314	-360.43742091433745	-226.04162111538994	0.5994298899036312	1.4577994541861354	2.2699375645631226	2.2682462661709617	0.026430250013146053	0.9254772459010422	0.024441507495365423	0.0012933081082056339	1.2171127854129302	-717.5855450257767	21	36.93388784159358	
1807000000	-3397.0326250719927	-2702.4708304226124	-694.5617946493804	0.0459242437605748	0.8618354158109623	0.6598767994729344	37.20339696608404	-1043.2415678878108	-1084.1146672453403	-355.5105014955436	-219.60409379391808	0.5949445979739364	1.4176383359098084	2.309230688180565	2.6461539109915817	0.03290471456034892	0.8765010634604778	0.024689586960193362	0.0011532056928177925	1.0424743979085	-693.4597523948125	17	36.678624986026286	
1808000000	-3401.4167547378916	-2690.9200185636887	-710.4967361742029	0.006941738801206264	0.9785322348762837	0.5899265507156145	37.15857175546901	-1037.6141672039173	-1081.3729180128896	-343.3012848616181	-228.63164848526372	0.59541163891917	1.49216810001158	2.019314149158464	2.473866199404862	0.02998084328855053	0.8806053312193499	0.02255676115583925	0.0012515005346564999	1.1591223237732353	-711.1836317364566	19	37.15805601682494	
1809000000	-3401.8215803089524	-2684.928207106705	-716.8933732022475	0.047901616566787514	0.8308749490839892	0.6893527877987226	37.11356062145157	-1030.0697901394076	-1084.4888452630646	-341.690297147546	-228.67927455668698	0.5895932321660634	1.5735988973219752	1.7344059872477176	2.350128035264128	0.028487676442211986	0.8311140880050291	0.02197805278432354	7.406808290923797E-4	0.9540753978403801	-715.8788987927662	18	36.503162292642	
1810000000	-3415.6138694417114	-2677.55132948289	-738.0625399588214	0.0285428077567843	0.9035437277939979	0.622351086182934	37.29305701938332	-1038.5438003591257	-1052.7620809020464	-353.2299310481329	-233.01551717358507	0.6347083016667314	1.302372920419894	1.9944227283324678	3.4789462099718444	0.028738971935036058	0.8303270378186122	0.02611096688469082	7.617173716254328E-4	0.9375986641179626	-738.2813770010256	14	36.626197366380005	
1811000000	-3387.3811593033106	-2661.256914827047	-726.1242444762637	0.030327912159637406	0.8943048836666148	0.6537536064437968	37.27390970920776	-1020.6761607588692	-1066.7496086869617	-350.48767732604966	-223.343468055166	0.5982258235190312	1.400317622766584	2.075857233095474	3.1481005903226795	0.03237326155075647	1.142825329838839	0.02182377433099394	0.0022360079044849387	1.4662700481851072	-724.5753205548406	20	37.04268296226442	
1812000000	-3392.323459290213	-2659.53825429051	-732.7852049997032	0.020053978186289043	0.9352712825563204	0.5837791051199916	40.53231075409234	-1034.6641855592136	-1059.29673689118	-345.2404012297666	-220.33693061034964	0.6959170706591563	1.361615901290672	1.7563954736123217	2.1993404670390166	0.03156683917420771	1.1201476761533582	0.02413623792036322	0.0021917494191879207	1.432115533441406	-732.0763443215556	18	38.63858450791421	
1813000000	-3411.2969581070233	-2686.614309127894	-724.6826489791293	0.02055675972506585	0.930233378167175	0.6398608969097885	38.63300866945163	-1035.703430230025	-1078.4712979508215	-341.88061610632775	-230.55896484072008	0.6521901107777528	1.4287660827480375	1.7453042589852472	2.445210697266811	0.02863798141591517	0.8671576334903208	0.02529820000927291	8.908107210646239E-4	1.007856945377044	-724.5677336121834	14	37.08497973236068	
1814000000	-3397.3154692150774	-2707.5234376615927	-689.792031553485	0.05432076978564265	0.8575551436738573	0.6386202572045049	40.875103560209546	-1036.993601151063	-1091.1749951061104	-348.4329518894923	-230.92188951492636	0.6391999411283089	1.4192580226243758	1.7754322365493374	2.724872500982042	0.031995202001964346	0.7762971315601472	0.028920629958583244	8.957868973795994E-4	0.9617964136957666	-688.8951648254861	20	37.497230145139056	
1815000000	-3404.2400922706006	-2676.3747191192692	-727.8653731513313	0.03169410649958536	0.8751926412466958	0.6853090821348369	38.50441011827326	-1024.807161424325	-1069.9005892401353	-351.96775542943413	-229.6992130253752	0.6650075661903977	1.4093511402689325	1.8622909224213307	2.171686865725337	0.025537119567513644	0.8320073128475688	0.02236010277752068	6.944842393018764E-4	0.9587238104359816	-727.3100743991339	16	36.94497588914972	
1816000000	-3391.0797269294994	-2699.588456171833	-691.4912707576665	0.029373615242291658	0.8943011329525327	0.7013973538364664	37.69870073423521	-1037.8122183947446	-1070.491190293394	-359.31658100239844	-231.9684664812957	0.667232392275139	1.3053731484312006	2.2098089103804925	2.4570606177263343	0.030308433032954746	0.9910251727866148	0.022029921143246443	0.0014373478499004212	1.2467164293797603	-689.8556385977092	15	36.27379197368845	
1817000000	-3401.212623302021	-2691.2390249951422	-709.9735983068787	0.021487389699764492	0.9217472038993805	0.6882143908699864	37.04193674272899	-1035.3704840121816	-1067.310756392025	-354.6149694606528	-233.9428151302828	0.5653974499845748	1.4576319815843104	2.0224929797002424	3.34939790155952	0.03109513567472716	1.0526055983030236	0.025980260947414943	0.001166657244837735	1.160072536440865	-708.4864097252785	19	36.099158849455094	
1818000000	-3438.7284634975827	-2687.458034033257	-751.2704294643258	0.02108709624072003	0.9173357471856827	0.633460445639039	40.98991400832024	-1023.2658237434575	-1088.4022069184557	-353.8293333617071	-221.9606700096366	0.6537999036481162	1.447155743812089	1.7485585815003373	2.2434226187520423	0.02557660017397961	0.8041523652817848	0.020497710597173067	5.420846945756054E-4	0.9640070377040231	-751.4630614817274	16	38.14335979859993	
1819000000	-3395.049150871568	-2685.478792845631	-709.5703580259375	0.047697535226872985	0.8501032269972423	0.7069089994791798	38.261185235538534	-1022.2548494201493	-1084.0353623956214	-349.5390754539264	-229.64950557593363	0.6168069099471557	1.5142591320447387	1.7207399376069041	2.3910416317899528	0.03888995798214322	1.0089241605456254	0.02372502152817709	0.0012436326991887032	1.133926419300092	-706.5624750322685	15	36.28367843241156	
1820000000	-3421.587412838757	-2713.600729347762	-707.986683490995	0.021309711311730074	0.9295625828060559	0.6917746973398028	37.455382260713236	-1059.3560319433625	-1073.605040500163	-353.5042541395745	-227.13540276466168	0.639887155572426	1.4957933877808935	1.7260480525387045	2.1094194621537814	0.030638645925898135	0.9830206112905754	0.022643629573074343	0.0013612664724056973	1.2415766164588986	-706.6699339203401	22	36.707633208446	
1821000000	-3423.201873452088	-2684.2884414740793	-738.9134319780085	0.04604932501815366	0.8485742798183156	0.6468504410008029	37.7648383021876	-1025.7270500390864	-1076.8236270335722	-352.62820790338907	-229.1095564980316	0.6066484441995462	1.4660873349546764	2.150639619521887	2.265274211453896	0.024205745782751198	0.7575670825203821	0.021221037565430895	5.191376408276077E-4	0.9132815313372399	-739.1326252626959	19	37.09595439342783	
1822000000	-3385.152798855069	-2678.72355595809	-706.4292428969787	0.00447693062467958	0.9839226698997958	0.6634594961382841	37.110049019663435	-1034.1577713865436	-1062.6669933420033	-353.7067694987424	-228.19202173080058	0.6225422542770632	1.3798576220835583	2.341948671974943	2.4045683940282627	0.04021746645750699	1.1041935166613566	0.02874795145980962	0.0032138733213647468	1.4731068395693674	-704.5045519553391	14	37.092068229876176	
1823000000	-3396.822731444395	-2691.4001707456223	-705.4225606987727	0.0512307238025553	0.8247418097337369	0.7111120195474608	38.06233323254182	-1023.1274559408128	-1095.5637289795436	-345.42481240459284	-227.28417342067323	0.5864394676025461	1.4902672436941609	1.9587048903315254	2.7675113642246454	0.03203171022361176	1.053890843183246	0.0258567690732986	0.0021978970225361915	1.4133616587445865	-702.8513699303821	10	36.49307651736372	
1824000000	-3405.4629412180657	-2701.4163942158357	-704.0465470022298	0.0322160112981547	0.9120152300426234	0.6217500244331513	38.1855114825719	-1047.4904766211534	-1073.6292534267714	-349.8122841512824	-230.48438001662873	0.658292263290749	1.3812004620494895	1.9142364849679998	2.461728990337021	0.030805250265108306	0.9132479188754236	0.023530883108916146	8.749625095075726E-4	1.0322295955033642	-703.6767500107514	16	37.07985162372622	
1825000000	-3412.0871908894737	-2689.85988507883	-722.2273058106439	0.03630592036318901	0.8827747801797506	0.6698252643519045	38.091575702984954	-1031.2041531872328	-1087.9967084905677	-349.33595430179423	-221.32306909923548	0.6387898698973503	1.5262363253225526	1.5610310227475566	2.145061254239748	0.03379340217576686	0.8792003347449641	0.023959901735583985	0.0015101064792746415	1.1467428128213133	-720.9400937990688	16	37.458137687038665	
1826000000	-3381.7942403193115	-2658.375460829948	-723.4187794893634	0.028697482984546524	0.9037887371645833	0.6886619707761245	37.23724014460218	-1024.5277600575214	-1066.3310712460116	-344.8125014005559	-222.70412812585943	0.578905237211752	1.5154969085738512	1.99929885521337	2.6125553191892603	0.028664712956909602	0.9631667746961774	0.020238913446718083	0.0013736143301347555	1.3132308815850322	-722.3061248025338	20	36.22966131182379	
1827000000	-3427.3327020248516	-2690.2737584504616	-737.0589435743902	0.026068197265330603	0.9055821171706231	0.6085665570288699	41.012622094343605	-1029.4742369737664	-1075.4537490724301	-351.4161178011758	-233.92965460308932	0.6080398753160525	1.5365121707643437	1.9003311881794103	2.0430532528025522	0.03302564889246349	0.9640303073748862	0.024239287205532225	0.0014029762533361875	1.2483073643959823	-736.2450689971259	17	37.22120005563954	
1828000000	-3394.46651079205	-2678.1663985991217	-716.3001121929282	0.06216376264508545	0.8089198792657312	0.6493008149773067	38.404882144170024	-1025.3658044806798	-1101.2055661643228	-337.76178980956047	-213.83323814455912	0.628632177113138	1.3744038243125232	2.198831103788012	2.588399784409249	0.030290751739843566	1.0269936133204765	0.021727820978712984	0.0010622988880629066	1.1469632176746933	-714.7414937595859	21	36.356073453486125	
1829000000	-3401.6835101961256	-2689.5546663056284	-712.128843890497	0.04549457251876802	0.8669847997607775	0.6652071855973446	37.94695783281854	-1047.5644564589036	-1069.568147094292	-345.3359439605328	-227.0861187918999	0.5871278938579296	1.494188750641999	2.3421144824521947	2.0481709166305864	0.030629449581229585	0.8252568863336494	0.02327498308566899	0.0012349427735521795	1.0901530872918979	-711.2763865133752	19	37.26057519736078	
1830000000	-3424.1763556858436	-2702.4466385471724	-721.7297171386712	0.0029238435387926726	0.9899545290293956	0.6094719313440362	37.100313457411154	-1040.721050218814	-1085.0415666619276	-342.4071969699304	-234.27682469650037	0.6037911899131432	1.4993440149466493	2.156521082922412	2.0099593620168177	0.02762063793648039	0.7647486542917181	0.022567039630203227	5.060161725926525E-4	0.8406773637506727	-722.8654348813734	20	37.04275589492574	
1831000000	-3399.5561484345376	-2685.109368591048	-714.4467798434893	0.04194281247981078	0.8673964447306838	0.6426655264425106	39.622531355472	-1033.0697590857058	-1076.584811844487	-350.7875575075958	-224.66724015325957	0.6302472492174468	1.465808187816124	1.9036426692836415	2.2516539032776164	0.02736317164093199	0.9190884936134075	0.023964716256000756	8.90643624942677E-4	1.0766826843875064	-713.8038715671792	19	35.85543726091429	
1832000000	-3421.9361891433646	-2713.3079630311413	-708.6282261122234	0.0792206869072372	0.7736484048306651	0.6741253533164904	37.07671337365688	-1043.3374660401405	-1095.8935473394033	-343.9988826329972	-230.07806701860056	0.6278113249886391	1.4779495870738497	1.7881570722453786	2.390763665122454	0.026817666502323388	0.6850728949909097	0.024535529030374068	4.243158256873215E-4	0.774171387726343	-708.0045290845629	12	37.005429102464525	
1833000000	-3411.3303987199242	-2688.4140509932363	-722.9163477266881	0.027246767023276837	0.9085498585123799	0.6635539150897349	39.41397560034169	-1033.8670894456873	-1077.6374830984305	-346.81711059136376	-230.09236785775462	0.6307889931623408	1.4456769969063101	1.9328674479643229	2.371398123821879	0.02578034236648771	0.8771455654287951	0.02024591100925064	0.0010093420386495468	1.2261251667578301	-722.5242499044954	18	37.06414672909657	
1834000000	-3403.3872856980197	-2686.9748434140743	-716.4124422839457	0.02620968997056944	0.9070657355442517	0.6964248293918571	38.43930614023178	-1045.2495004532154	-1068.0903102150494	-343.5019474840052	-230.13308526180424	0.6346714690463088	1.4530731367177006	1.9969887227764853	2.1188535928027012	0.026955224788173356	0.881976944207383	0.02188170206409053	7.707841168920563E-4	1.0135524099243318	-715.5033313362856	16	37.61421770709824	
1835000000	-3396.9370484337296	-2683.623315418347	-713.3137330153827	0.026062155038758257	0.915149858529368	0.6606050255571245	37.652336810192345	-1024.8433767966753	-1080.6749897172504	-350.07202141105734	-228.0329274933638	0.5932187647959688	1.5472911288366478	1.8180792871909073	2.371584556763423	0.03286907411194855	1.0110224275918904	0.02494518345388508	0.0012655170895607833	1.146576485319697	-712.0595597504158	19	36.63350014023768	
1836000000	-3411.6670382101383	-2683.7680780724913	-727.8989601376472	0.02767489912685592	0.9007617962770293	0.6699227174781566	37.40971568821194	-1024.6035970752584	-1072.5248076768696	-353.15935445135483	-233.48031886900822	0.6001526485055042	1.4392756202044696	1.9007280623625389	3.0673449874214835	0.028596596634355056	0.8532144814341843	0.020871184795366968	9.814713663361268E-4	1.0749699152700252	-727.4156989943456	16	36.76062977101899	
1837000000	-3373.7160562637205	-2669.777477980202	-703.9385782835183	0.016534754932672886	0.9468122751310623	0.629531505049871	37.43361664335564	-1026.5181671728867	-1068.4180913594646	-344.78970420135727	-230.05151524649327	0.616030019299178	1.4558515169785629	2.054958336057696	2.346588892408357	0.030953148362916058	0.8538772731818056	0.02775679889865265	8.899198101452571E-4	0.9914111987464823	-703.9635196710341	19	36.5831353020136	
1838000000	-3386.2375154984456	-2680.0738480799564	-706.1636674184891	0.05711064268187504	0.8254758642391029	0.6717553422445302	38.25207719197211	-1041.737305310934	-1061.6831130296623	-349.25604348219366	-227.3973862571665	0.6709713591061872	1.2349207971430456	2.372159148503071	2.7359784928154762	0.02882010164479714	1.0759822004976685	0.020732535718033625	0.0010846263922019697	1.1845252076624846	-704.3832268985493	19	37.08774918632712	
1839000000	-3392.163609099184	-2680.846626249224	-711.3169828499604	0.01427834103288196	0.9519439289639476	0.6263359466047076	38.00486726838078	-1035.884827412302	-1061.6418993010138	-343.4971234792629	-239.8227760566451	0.6392879368470931	1.4207488031477224	2.1427169894566878	2.067035240027421	0.03122137495348216	0.8327897675021404	0.026739491607570283	0.0011318634038331842	1.0463568081928243	-711.397503775975	17	35.81696446211382	
1840000000	-3427.692671432379	-2680.6124565727337	-747.0802148596451	0.03247066093986851	0.8767265967838697	0.6608722793037857	37.58788427399865	-1047.4806664640425	-1060.2337243603988	-347.2895679100065	-225.60849783828544	0.6087212283739164	1.4831354435403161	2.1448819510622212	2.0825342546747376	0.0299992900696743	0.806370433024391	0.023805948792419287	5.541933746074975E-4	0.8613999273380812	-746.6308351578372	19	37.45975652550848	
1841000000	-3432.555869501075	-2690.3003759282205	-742.2554935728543	0.013948827020478649	0.9586521780382244	0.5341564098255123	37.066005824137214	-1043.2067258305578	-1071.7718577386997	-349.1593005439802	-226.16249181498318	0.6361280084684792	1.3280732523148782	2.199951986567827	2.8609925917721757	0.02748652798975154	0.8992078333923126	0.02240217283270824	0.0010569854732494258	1.1030985445461314	-743.5685222907694	16	36.33153517847294	
1842000000	-3378.7225387015396	-2663.322293118131	-715.4002455834086	0.017469716926877647	0.9410586666412604	0.6123595662767244	37.789633825390844	-1021.2542049385581	-1057.7299290604933	-352.259108709562	-232.0790504095172	0.6423267473368953	1.3680764048843723	2.0949957708583264	2.566861557638439	0.02854530599106596	0.9836568263039744	0.021670956510522792	0.0010421898830063855	1.1380645959618776	-715.4122045730492	21	37.64066013725491	
1843000000	-3413.2086843286934	-2687.3203026961705	-725.8883816325227	0.009649286949667192	0.9644941852995126	0.6719355991655783	37.30909183554918	-1029.5265189702966	-1071.5579066526668	-351.9495775291317	-234.28629954407572	0.6095730504983673	1.5746517808479097	1.5680270020534965	2.2521987593071	0.029780019844822918	0.8682267865242387	0.02576012579479696	9.025593522137476E-4	1.0670935888397652	-725.5256706860775	26	36.909506435356974	
1844000000	-3406.2540192541555	-2695.037947959637	-711.2160712945184	0.045810328749607575	0.8728649480504224	0.612575578459855	37.28656543033693	-1046.2180369379978	-1072.2784764309201	-349.5519314886961	-226.98950310202318	0.6165567619448945	1.3798956970484344	2.1784570011765543	2.8040604975529937	0.02884388909781682	0.9228462278250031	0.02263842542214337	0.0010533671942404132	1.1169103607679585	-710.992301952954	17	36.75963478052454	
1845000000	-3427.220487510849	-2706.393806630601	-720.8266808802482	0.04382150675586622	0.8589669891685862	0.6480217222761363	37.374219821045855	-1049.9758429829394	-1083.9769258645836	-342.0836530340596	-230.35738474901873	0.6186056048088922	1.4214623269958555	2.1901069252637755	2.3706454464575546	0.02511902967303932	0.7078686630202277	0.02154152823528094	4.5176727859726424E-4	0.809080915899617	-721.1919741222132	19	36.629696638186054	
1846000000	-3441.1132865343297	-2695.8517875485595	-745.26149898577	0.03622630164634463	0.8859120671903652	0.6085962222313839	37.15306502837534	-1037.890155359397	-1079.6005673996106	-345.32930772976044	-233.03175705979163	0.6663893476042754	1.4128708952590292	1.8650949361710922	2.1088481998888673	0.027708358663548985	0.9128154300437707	0.02334019897765621	0.0010668195784012955	1.1524729731979306	-745.3791278816564	14	36.91255763284698	
1847000000	-3421.30831873462	-2704.245046801708	-717.0632719329118	0.018334095582009054	0.9368189279140399	0.6586688868633844	38.279200830702266	-1034.811811315516	-1080.6302810456657	-363.0377278500918	-225.76522659043505	0.5747968096660454	1.4442086074165499	2.4013747104673406	2.628577406279083	0.027742398921726485	0.8222614572382206	0.027677833018471515	9.417085902697853E-4	1.0050658692725123	-716.9939495517892	21	37.70916686589919	
1848000000	-3390.299227642299	-2655.877688662455	-734.4215389798436	0.045968740401777515	0.8337101559397493	0.6945419251105175	37.59971918511366	-1033.9412648309153	-1058.640653245744	-338.62295024961594	-224.67282033617977	0.6370198596304084	1.389498399655983	1.9988165347763536	2.643208134260549	0.028191743109728672	1.0408816055496712	0.019264038265849444	0.0013154899525489668	1.2876556263455383	-732.6775430523271	19	36.523246191049765	
1849000000	-3411.682741431045	-2681.255121892744	-730.4276195383014	0.06735934491151829	0.7946207526167806	0.623272400430115	38.68367124954153	-1051.4514519035265	-1061.2259134546227	-345.50188474673797	-223.07587178785604	0.6340414718826132	1.3571962813502327	2.157182428435388	2.7133762523170755	0.03358993693463147	0.9272271691886986	0.026024773382369092	7.919455717405929E-4	0.9420813371796191	-729.0665636625704	17	36.916570759072314	
1850000000	-3417.594379317613	-2710.7677213306633	-706.8266579869497	0.005764641093551335	0.9795507995030528	0.6747424878284171	37.29200169633864	-1030.4475780601713	-1100.3938502244791	-345.057463796101	-234.86882924991193	0.576390529152995	1.643918613608883	1.7557083745165944	1.930822768209892	0.030789130528018523	0.8161165108131792	0.021694208904693764	0.0011178848415067928	1.018012514361994	-706.5545179808123	20	37.04996310290526	
1851000000	-3400.8746254486314	-2669.872024893715	-731.0026005549163	0.050526242697599075	0.8306514363432609	0.6721725927661389	38.66519457882472	-1039.57898012541	-1067.2892630406673	-342.4463349119695	-220.55744681566821	0.6323040126652674	1.521970398806315	1.553190313902425	2.3204071207746115	0.02876683252612112	0.8258760846766341	0.02253686090043622	7.706967903368857E-4	0.9782150768067828	-730.0472278341961	17	36.973061085727586	
1852000000	-3405.006906288282	-2677.6571871372475	-727.3497191510344	0.03363295027122568	0.8963695445724135	0.5845934029702201	37.85671895847758	-1044.313339626322	-1067.7034480549569	-338.03430860365125	-227.60609085231744	0.5810604443666272	1.6192977158195099	1.6348065037240422	2.27526073314219	0.027350613210820184	0.9373141225968884	0.01993379418879063	0.0011548060754939212	1.282840227712297	-727.6646172298756	19	37.68062580784337	
1853000000	-3412.31320417424	-2674.951723256127	-737.361480918113	0.019302841420579576	0.9319651597145312	0.6338579883374111	37.97354569339684	-1041.6885484692684	-1075.0357579679912	-337.51283632518624	-220.7145804936811	0.5961587132596264	1.503170712474172	1.9788262165527075	2.4315021568330617	0.028066166530271355	0.895199236706427	0.023303088638333587	0.0012556459812336884	1.2192963002986068	-737.3780456492573	20	37.56259559720857	
1854000000	-3392.986786574817	-2671.5149770883154	-721.4718094865017	0.01967349813579385	0.9359959163187564	0.6719277436365408	37.18504106482519	-1021.4829053903239	-1066.6111483231898	-357.54879308212804	-225.8721302926735	0.6078977623754346	1.4672687913525135	2.136525795506702	2.255603250558111	0.03027968654488101	1.0051841161407964	0.022484064190330368	0.0011427333626499497	1.1817954672485915	-720.4857545514996	24	36.94599787238183	
1855000000	-3429.53215496455	-2690.246088472236	-739.286066492314	0.05681987812415045	0.8100446702555065	0.650258736717649	37.171185294963266	-1055.9517515208486	-1073.3859567860309	-334.9722328083003	-225.9361473570561	0.550640613903657	1.540885984147181	2.130937042790717	2.6907146536229125	0.027103272813638096	0.9346901848921226	0.020036545539388495	9.966555291305186E-4	1.1814914522330675	-738.5083133552278	21	36.98739610316309	
1856000000	-3409.7783630603794	-2664.738632356008	-745.0397307043713	0.02574789579811171	0.8971676627991738	0.6634603393042986	39.262943607945125	-1018.9675559350085	-1066.2289891792611	-347.73384323115494	-231.80824401058376	0.6500921594786153	1.4345074520654983	1.7883853004023038	2.3580076256136175	0.02603632257400959	1.0228166089206299	0.020252213582245784	7.942462070972714E-4	1.1211392175870143	-744.1957702211773	18	36.94865986338491	
1857000000	-3441.4096640239463	-2694.406117555608	-747.0035464683382	0.030862078306268945	0.8999596648524809	0.6631615805198741	38.22035303896799	-1029.9023741223825	-1087.9727833676504	-339.6322691688799	-236.89869089669543	0.6610185578857279	1.4069094116255079	1.7322162972241255	2.4970841754001825	0.026971383165273418	0.810412877223747	0.023929549364025086	6.527049165146612E-4	0.910367700956187	-746.7840499964144	17	37.79216001812422	
1858000000	-3442.0573601364235	-2700.20300852564	-741.8543516107833	0.01682455633642268	0.9324223647107364	0.6814451215536805	37.91986114547924	-1045.801385990978	-1068.9877621462176	-348.5958474249142	-236.81801296353092	0.6417001708360985	1.442142706746583	1.9603702821458904	2.147764399640367	0.02655267012224176	0.8714970285273762	0.021366840585494744	6.675411139937475E-4	0.9870666418969948	-741.4582007845339	14	36.935445936058805	
1859000000	-3398.7636500292	-2670.9818419939497	-727.7818080352504	0.02747349337723849	0.8989559110732486	0.6488437335484263	39.69213873693881	-1024.7095257139715	-1074.7341808479953	-347.079878944224	-224.4582564877588	0.6148191404204054	1.4019554449719909	2.140578696128327	2.7048246090405756	0.02653000684316221	0.8723149830720524	0.02158612484992253	6.812908324451341E-4	0.9715714884011173	-727.4984635143624	20	37.94794522606515	
1860000000	-3419.5449967507666	-2699.308773281162	-720.2362234696045	0.04138667376377455	0.8503568938672158	0.6695021203729873	37.34432627938548	-1042.0519677626235	-1082.2462655770898	-346.22456510868847	-228.7859748327602	0.6049319002178435	1.5275333763083576	1.9003131806473645	2.1829454429536423	0.026356891249356293	0.8831762210952311	0.02406652160841582	7.33646563563449E-4	0.9977104236285044	-719.6488193862785	14	36.71770446426692	
1861000000	-3395.8684073316076	-2687.338499813768	-708.5299075178395	0.08405598719131431	0.7609929114179542	0.7239080498516456	37.51824627544994	-1043.9027978191805	-1062.473458802974	-349.0235848009469	-231.9386583906665	0.6149875993768077	1.4927787288865362	1.795323977432622	2.4884100913554694	0.041763779663839755	1.0453085908613056	0.03064731952125555	0.0024700553059474133	1.2686756301399245	-704.3036943740109	10	37.13210506848445	
1862000000	-3389.3759195243747	-2679.7495794476354	-709.6263400767392	0.04443468794242217	0.8628779687108034	0.6273787763167519	37.97623232042868	-1029.9549751906916	-1074.2887013975405	-343.6880325071786	-231.81787035222425	0.6329214558083326	1.4452397837225008	2.05435320120662	2.122216184028319	0.029941479029933174	1.0170748365432563	0.023044245252269325	0.0013985550377026154	1.2560511506647354	-708.7584910046211	16	36.79467220294419	
1863000000	-3376.9078616703314	-2659.1896441298036	-717.7182175405279	0.01273678637087785	0.9588525495013388	0.6748557501395526	38.33031836021008	-1019.3072906037161	-1073.3776491440449	-341.34151710325193	-225.16318727879053	0.6012342802621232	1.49575745058716	1.845738053125356	2.634690026766588	0.0319697321832395	0.8027599332717342	0.027119610448575745	0.0013254894833215868	1.102808785306757	-717.1486768771778	19	36.78576171836764	
1864000000	-3402.7836959962037	-2682.9075387106227	-719.8761572855809	0.043648136096512795	0.8640521651145748	0.6025123715895566	38.859857879900204	-1037.4617864956197	-1072.2748785474644	-345.4383687973131	-227.73250487022537	0.6664137950779703	1.4155950521444067	1.7004451631096873	2.372003388777658	0.033466939290068116	0.9408525097889456	0.026873629145372745	0.0013905623673078665	1.1373593143706475	-719.105284690184	16	36.153838493645154	
1865000000	-3403.5161752821696	-2676.4202678715533	-727.0959074106163	0.021852065505420987	0.9198045462397288	0.6284163400658296	37.696354149449895	-1023.1167458535231	-1077.9990211915178	-339.30160669756924	-236.00289412894278	0.6308194284127223	1.4264639566137884	1.8066421219935502	2.7646315371461556	0.03116275176314762	0.9380252006352512	0.023829361177275982	0.0014184718660571406	1.2198411553277295	-726.7248048777791	16	36.88251191219553	
1866000000	-3402.286131060088	-2678.899124695215	-723.3870063648727	0.02947516640672591	0.8905536164134402	0.6611602206578325	37.32350663908253	-1038.7900916386513	-1069.171954238804	-348.0898064872208	-222.84727233053883	0.6346641168663106	1.39001836027809	1.8531056051052328	2.938281728103848	0.027073168338122417	0.8964656754826684	0.022280347506466694	7.942527410259059E-4	1.0277160602452773	-723.0150191319487	22	37.089660911017184	
1867000000	-3421.0185473947213	-2686.917013756829	-734.1015336378923	0.054393775592779754	0.8057086638801217	0.67668288934711	37.06701423996131	-1037.4653458959333	-1076.2803897870376	-346.5309779020989	-226.64030017175915	0.5718292445508046	1.5813309316124962	1.9976710977118348	2.1573415480272473	0.024090842783382693	0.6298795764095655	0.02074426941443419	3.0579814984424094E-4	0.7176595429564369	-734.2355738246357	18	37.04758132824669	
1868000000	-3399.8509481273095	-2678.0620415462445	-721.7889065810649	0.029260532545668978	0.913391032620645	0.6118178843893484	37.26786108420362	-1032.8174484241529	-1066.679113984475	-357.36572088391245	-221.19975825370403	0.5931112143339432	1.4874933732095528	2.0928146238866088	2.4310209769682634	0.029793170236928956	1.0518804911384283	0.025674636480929384	0.0015684061024239379	1.2701033141671787	-721.3457276640285	20	37.012337988143415	
1869000000	-3384.9524165014054	-2675.366135935874	-709.5862805655315	0.045087653582882165	0.8679121768580372	0.6201745426985587	37.03676793121216	-1030.3528849831314	-1063.894970193611	-348.7620850766362	-232.3561956824953	0.6183692178232575	1.3746001392653489	1.9515229726810752	3.214418405778826	0.0316693713722787	1.0429465325278617	0.023735406000161576	0.0018415735881244385	1.3493765132997615	-708.6496045754367	15	36.70989528761443	
1870000000	-3455.393714958913	-2701.5855660887114	-753.8081488702012	0.03957934519707889	0.8590543239309267	0.6444070302563721	38.66742200384903	-1034.9487442463803	-1081.9871185695517	-350.21697200741767	-234.43273126536167	0.6258442880034238	1.4396626857273611	2.0548842133327723	2.3059469830570642	0.029319316141474018	0.9185566404538843	0.024210957213657184	0.001309226440976891	1.2919734211817804	-753.0742188734897	17	38.05778667779209	
1871000000	-3406.7177091042145	-2672.650347058388	-734.0673620458266	0.009129850652249458	0.9701824421935091	0.6334196650557606	37.31716555582967	-1031.4224937788274	-1069.1065262835234	-348.809802052277	-223.31152494376016	0.6218876142826817	1.4611853357058926	1.9381922399759763	2.3916308873187804	0.030578621680923877	0.9949429022761795	0.022734205693522566	0.00164714292110538	1.2610569695061637	-733.7736094929816	17	36.60478233518935	
1872000000	-3401.9922046976035	-2702.8489857435366	-699.1432189540669	0.014994667961719417	0.9547589225178565	0.6366150399115327	37.08374042181387	-1029.4541040665547	-1081.0826845455074	-355.29099642945044	-237.02120070202392	0.6752242513442707	1.3408094459383573	1.8554553446456956	2.6064073578843816	0.032492153415046764	0.8002965503028089	0.027083349378549292	0.0011039527141291669	0.9742468868265706	-699.1574313625998	19	36.66255346312253	
1873000000	-3425.476689350466	-2707.09205243993	-718.3846369105363	0.06353864228986579	0.7839857800004162	0.6727593588962066	40.142183844358215	-1054.1461426394685	-1078.0148006409538	-356.11422408771796	-218.81688507178947	0.6304479080432148	1.3873049114781004	2.069570497023769	2.6639971740851416	0.02741946602665435	0.8596043949485528	0.024827342285277842	8.090383779069925E-4	0.987443691099091	-717.0635642933654	20	36.73773964877523	
1874000000	-3420.7829449261544	-2704.7378974564085	-716.0450474697459	0.014461137090203045	0.9402381405705272	0.6945673408285125	37.50508955596703	-1026.8319127364805	-1092.4771430972676	-356.3727122895373	-229.05612933312338	0.5847145452953408	1.5555603913172866	1.9692091539668788	2.1942640980915815	0.024475357494079156	0.8628422472985945	0.021627686322498483	7.698782194333839E-4	1.0686539228968943	-715.7392808788617	15	36.40612219930383	
1875000000	-3412.6952044568225	-2708.5589576427083	-704.136246814114	0.05153683132593126	0.8100951942494273	0.6878762207051079	39.702339893541016	-1035.786824146756	-1096.813307625395	-353.567095828502	-222.3917300420552	0.6313474415744836	1.4049735702245083	2.096081568458723	2.4414937332621434	0.032544180499533816	0.9461871395397768	0.025084812617925466	0.0016132232209591097	1.229414919306602	-702.0400028560234	19	36.63441796959384	
1876000000	-3383.299492091199	-2686.7126122622467	-696.5868798289526	0.013824122724746509	0.9577528816552952	0.6424338560902967	37.487170533790795	-1029.6608568490249	-1073.6982020517657	-359.24665809180954	-224.10689526964651	0.6449778317486569	1.4401047175784392	1.7675823341542383	2.4412096538003185	0.02957768608314611	0.954609262051817	0.022893843989880938	0.0015591924621938722	1.2032172098607679	-696.3081929824265	23	37.15846862231701	
1877000000	-3383.915387335846	-2684.8024224607234	-699.1129648751225	0.061261165997986346	0.8167969925658328	0.682073214734203	37.06262655909797	-1025.9750518830272	-1085.143617015713	-343.1293378368407	-230.55441572514258	0.668311110446166	1.4572082072133123	1.7590593979716838	1.8588610901532527	0.028327237958383614	0.8779928644472602	0.02437081788873222	9.809194540450947E-4	1.081608573447583	-697.8944073629162	16	36.76778274309477	
1878000000	-3427.806442157599	-2728.9806930645696	-698.8257490930295	0.0021673242669297105	0.9930001771716607	0.6369721266943524	40.66576198973168	-1055.1097718782653	-1083.3765690028358	-355.2616099663996	-235.23274221706887	0.6173986189591641	1.4715230005330646	1.9684544878011565	2.330923881326941	0.02721898758896235	0.7549531624935798	0.025255875251477638	5.381992084074319E-4	0.8530772502560582	-699.3374243062665	13	36.51588464632127	
1879000000	-3412.0676939147957	-2702.590966990098	-709.4767269246976	0.0509093568080947	0.8310880794597247	0.6920027957891155	37.625231457031795	-1050.1475272484433	-1078.1027557730354	-345.87082253137527	-228.4698614372437	0.6549340811595769	1.4990093805606415	1.5401401782849085	2.1199227209243863	0.030444891018861553	0.77956020684132	0.027511259755661627	7.827053177784746E-4	0.9345548137716925	-708.299689037839	21	36.39175251535814	
1880000000	-3409.0446520274227	-2698.4481893258094	-710.5964627016134	0.10570418426710335	0.7212893621825275	0.6692456881449914	37.209379291395585	-1033.3851754439668	-1071.683132391758	-359.8849731858147	-233.49490830426976	0.6287635479653497	1.4704722924687306	1.9069423386826647	2.232092863745762	0.03440999782423649	0.9981315982652835	0.02352379632621226	0.001462943142341342	1.135328679995141	-707.8693115706337	14	36.5899718523169	
1881000000	-3385.4280072083498	-2686.8619327674814	-698.5660744408682	0.02543200615676262	0.9237441326309164	0.6689465923325696	37.435708518121636	-1029.4205625413174	-1072.7339677187801	-351.3599428248139	-233.34745968257005	0.6227358311440098	1.4055062867578167	2.1699850882403684	2.4709887230235195	0.03568326218359387	1.0005252549031265	0.02560080502179316	0.001626522623078646	1.1785227597523504	-696.9758855828028	26	36.37688611952002	
1882000000	-3408.6832128898454	-2708.5969419772046	-700.086270912641	0.027585520140252843	0.9173219759383421	0.6589291439835067	37.54316991838318	-1042.345767945365	-1080.68258766086	-350.9891569676962	-234.57942940328329	0.6032845188026851	1.4233384456868665	2.1364729289174256	2.738720505962424	0.030297787715795037	0.9675425256846142	0.025381517976388244	9.098614496913697E-4	1.0254163801404033	-699.2424382229896	17	37.08445175960391	
1883000000	-3371.2130969778377	-2689.0891330907357	-682.1239638871019	0.030096740079471395	0.9121370026173133	0.6473680841443847	38.6989185035901	-1038.562547336235	-1077.0143779671125	-344.04482461804776	-229.46738316934048	0.571785435358688	1.5307966234602268	2.2280380143456804	2.2098405919386828	0.03752583093525213	1.010916539073551	0.02962709214735659	0.002815659001751502	1.3719250178637734	-680.4116818678207	14	35.8933330273064	
1884000000	-3431.4617448052313	-2701.5563180582394	-729.9054267469917	0.06767597970274515	0.8070519713297669	0.6065181016909003	37.24942514507045	-1038.00672484327	-1079.2207251199256	-351.38479486693194	-232.94407322811193	0.6539790882940897	1.4225991118986787	1.8592809829310504	2.267263595195564	0.029235224763973763	0.9126615656546342	0.023004268582273908	9.531108324174995E-4	1.16705911845976	-729.386148070195	15	37.030996736587916	
1885000000	-3386.4669597133584	-2666.0098054587015	-720.4571542546568	0.0321295042001417	0.9028412892181437	0.6265203123890182	38.64368021970327	-1017.9873845654608	-1068.614114247843	-348.2809611494695	-231.12734549592813	0.5543320607703606	1.5104963738783717	2.1243013520392457	2.90569611438982	0.03415030340741091	0.8665910528682447	0.026608149202663727	9.274538476777871E-4	0.9403972620045135	-719.7797476755859	22	38.44284176389568	
1886000000	-3415.542211108984	-2692.4156073462354	-723.1266037627483	0.04481777702988317	0.8548678720349839	0.6734940807851052	38.05980687202509	-1041.3022113200234	-1068.3558290323037	-351.53637602358714	-231.22119097032083	0.6314745559629998	1.4300899167465653	2.4429680252365698	1.6059801418206603	0.026201401064289476	0.9695344536108141	0.020506133079298976	0.0010990929846737415	1.2096673931672348	-722.111935211126	22	37.09516777286977	
1887000000	-3398.4115334501944	-2676.8085135483407	-721.6030199018536	0.017796457927836837	0.9436020994525963	0.6677231879204636	37.61150473581323	-1045.874346011215	-1060.2025453059166	-340.3397596020381	-230.39186262917127	0.6040556870834938	1.442164957689449	1.7859751499482042	3.1680008137999516	0.031679466052175274	1.0148272425803788	0.023370218793505603	0.0019660465678413863	1.3960970727752258	-720.4975832690676	12	36.89592462614397	
1888000000	-3383.7510368116978	-2675.5051657935905	-708.2458710181071	0.011179400448145152	0.9565698759985245	0.6818348566208251	37.33911589562997	-1031.9362718341042	-1073.6571033849334	-343.0300474317704	-226.88174314278228	0.6461096259496908	1.3507446076201277	2.2144975685643065	2.4418448933878865	0.03453564473280484	0.8900902183485251	0.02463272672946541	0.0011522439673004752	1.044537673087753	-707.1529825086595	18	36.43863250977662	
1889000000	-3406.606599729509	-2685.816008141318	-720.7905915881909	0.05870892054245121	0.8150823789339634	0.6696394293514462	38.72439124482594	-1020.568772538643	-1086.4125680995792	-347.5991342443571	-231.23553325873846	0.5934841979014268	1.544989927240107	1.778778822638885	2.456027955094579	0.035376600435563704	0.9531739437385737	0.026807204593860098	0.001613504011275055	1.1667687009695642	-718.6757637414596	19	36.6078057180081	
1890000000	-3413.1207428179346	-2702.539931101683	-710.5808117162513	0.02439565462380722	0.9173094755641996	0.6262619016745303	38.19566707927787	-1018.9167242705636	-1084.7523888004353	-358.0525518819307	-240.8182661487536	0.6368415440909068	1.3862390139859615	2.294406522522115	2.1586481219861233	0.0360958492668447	1.1448419072118612	0.025922666548395965	0.0030229443127133488	1.574123534788398	-709.0132612580999	12	37.9473849845232	
1891000000	-3443.8887674579037	-2689.7899101332564	-754.098857324647	0.012190895591997455	0.9608700566762535	0.6061980803724574	43.70636512114173	-1029.498496487775	-1081.0386936241853	-347.79670114207886	-231.45601887921765	0.5977036258483682	1.47065971409577	1.8582200498844952	2.905808594721907	0.02531438277704786	0.7807697164309744	0.02194671603683493	5.523149262721122E-4	0.9434299019526229	-754.6024916082177	15	37.13305927458212	
1892000000	-3424.0322422923905	-2680.7942985358063	-743.2379437565843	0.042306552091517145	0.8467578462681801	0.7055472266510382	39.0875987431108	-1033.6772178305498	-1082.2048112164175	-337.5359652217322	-227.3763042671065	0.6400070660944969	1.407854518005347	2.1084559366660627	2.229377192991536	0.024138170408343134	0.9282368376746313	0.023156066027383317	0.0014635737158448007	1.3191690794340438	-741.9424037620147	17	38.71893733239921	
1893000000	-3404.268054191265	-2688.642515382031	-715.6255388092343	0.012384466249618788	0.9572631825884973	0.6617528723100214	38.685649976822575	-1039.106733115418	-1064.1266068919808	-357.90684022229465	-227.5023351523376	0.5942223316049565	1.5880632954716487	1.7908092132186402	2.0332899171290695	0.02881496632272625	0.919486451599787	0.023490853069341587	0.001370792983574398	1.2345134210858166	-715.1597564663587	17	37.58429288924743	
1894000000	-3409.648117429603	-2679.727051194182	-729.921066235421	0.034273969693374436	0.8882332631872221	0.644831633029316	38.17460428284214	-1034.3541730149914	-1071.3304809255258	-346.11481062315033	-227.92758663051464	0.6704880481899904	1.393295117115804	1.7493893305161323	2.4096397019454194	0.027496221850685475	0.9139827742006745	0.021386330033024228	0.0011639682709728824	1.184227917681481	-729.5260548756787	15	37.62950662511322	
1895000000	-3391.668280439274	-2695.6517584959165	-696.0165219433577	0.018116740293171098	0.9387581328435148	0.6618269696223134	37.062797237802	-1043.5906975624716	-1073.4881023626483	-349.3646509539608	-229.20830761683612	0.6405900622556093	1.4382914897965142	1.9107824292887072	2.2902961577202814	0.03246539509616152	0.8838077512175291	0.023844201165938068	8.962062364889249E-4	1.0197993679173771	-695.3709567470447	19	36.75564108124487	
1896000000	-3387.412841012173	-2683.83369723298	-703.579143779193	0.04806893151198318	0.8468136342479046	0.6641045833784138	37.042874969764625	-1035.5334880584517	-1065.2636848732332	-350.9635408452535	-232.07298345604104	0.5842090917236409	1.459326359457175	1.8391035142182854	3.2976588722550133	0.0270400904540173	0.7783854782028857	0.02492748446403141	6.810155887728494E-4	0.9275348308595349	-703.2785796488763	22	36.53353640339515	
1897000000	-3392.267209689343	-2694.3019047489306	-697.9653049404125	0.015277410011111818	0.951128060343383	0.6602989870401713	38.89646208209734	-1043.2868547737946	-1064.4142016670112	-354.88834095608587	-231.71250735203915	0.6633852733993821	1.284758937467616	2.1464461648438515	2.8265685797272058	0.030672081934409737	0.9178813556698348	0.026336436374384726	0.0012784622845480676	1.1377632464320024	-697.2758001408686	14	37.77591522547189	
1898000000	-3426.343557150766	-2700.6180585035513	-725.7254986472146	0.026491021455892726	0.9133712841405277	0.643525605827435	37.922726777342746	-1036.7466032552218	-1084.9020082410882	-349.58301516750345	-229.38643183973758	0.6523257290860917	1.352929178160171	1.8830888657354843	2.8840430288863246	0.028106300144165163	0.9182436014307226	0.024722906280612047	9.735224590624992E-4	1.0549116291157312	-725.4314421539748	16	37.14697764944827	
1899000000	-3373.6066084168524	-2667.511316759481	-706.0952916573717	0.04210812263460289	0.8721730066625588	0.6227249461228076	37.037959937351566	-1040.6731198951384	-1058.433747893796	-345.8898834080269	-222.51456556251972	0.6711901586656882	1.4373331391019841	1.5630699234758074	2.326016367352122	0.030462557951701528	0.996454366078304	0.026184981727826868	0.0015604008879929058	1.2533410782985983	-705.4347712899528	14	36.21963859524664	
1900000000	-3413.591987865396	-2683.6398366594362	-729.9521512059597	0.03153118866873256	0.8954664767247278	0.6499881272006307	37.13108276377324	-1042.9497509125038	-1079.6228321859012	-339.56507825397455	-221.50217530705706	0.6699709543859435	1.4326513407938792	1.6442625547895695	2.2492303286411603	0.02266864934369437	0.828724003859249	0.022299073859197587	6.657602908538688E-4	1.026712267042843	-730.339978455239	14	37.1238872819776	
1901000000	-3376.168203625382	-2667.1068830441864	-709.0613205811954	0.07955164385619273	0.7748924437386128	0.6229027818735355	37.40200479191204	-1028.574704588528	-1073.4883986134046	-340.2589809457503	-224.78479889650305	0.5993881965028345	1.4869977567212316	1.7442338883740196	2.9262351513012397	0.028515216316513024	0.9919778074138791	0.02292502811327357	0.0014347569562939754	1.2738714187020566	-707.9600847328675	17	37.00314844100265	
1902000000	-3424.8464829917457	-2699.0184044607477	-725.8280785309981	0.02976396626441422	0.8971461772981532	0.664976888135045	37.77883076050292	-1033.5494541016226	-1086.965796068152	-354.10389592880534	-224.39925836216776	0.5849425516474944	1.5011417755988434	2.021448955579123	2.5882798660452804	0.028334980992251527	0.8817773291031262	0.024776914554798062	7.849422613234123E-4	0.9932742461437286	-725.283023863504	11	36.860644163852	
1903000000	-3380.874627605487	-2681.232434818878	-699.6421927866089	0.05602212752232743	0.8492545349748465	0.6643463428726357	38.291863872223246	-1030.5937417335015	-1069.3533922154818	-350.17791621620063	-231.10738465369417	0.6243953769757647	1.4194264722863819	2.168679287422913	2.3164608338936605	0.030322888341540424	0.899735955897906	0.02534134345887087	0.0012741517140004242	1.1672587780424772	-698.4043232808094	18	36.451870393891845	
1904000000	-3407.217079823089	-2700.8551295173947	-706.3619503056946	0.024414153226013976	0.9254092290882426	0.6669479679455164	37.531519915968815	-1021.9753681145578	-1093.6115957035215	-360.98168733422307	-224.28647836509262	0.532796237563471	1.6797457896589654	1.8467472998009666	2.277351604712431	0.02890024343444826	0.8604105161423334	0.025767940158413653	0.001140072238114241	1.092228675642759	-705.9268715707741	19	37.12687622811736	
1905000000	-3379.5916546418725	-2668.3485925404916	-711.2430621013808	0.029353128646648404	0.9085069187909591	0.7060713274728585	37.3659291779263	-1024.9293178346961	-1067.1618165721559	-350.6392111993997	-225.61824693424026	0.5765780823694192	1.4552315292107196	2.280571469760326	2.7069326000047607	0.04201453816327444	1.0425617515488286	0.02588658017329019	0.0014552365138446488	1.0948694874755274	-708.2225607960354	17	37.12964524256986	
1906000000	-3365.7017937289675	-2670.5950538737993	-695.1067398551679	0.033547326559998016	0.894264570603178	0.6531874027855147	37.79913829557829	-1022.4904601151578	-1079.7525278679086	-341.14438699615596	-227.20767889457713	0.6221462001981971	1.529820708337217	1.6748633245157771	2.2298250032975293	0.03388624277819518	0.9506398414671241	0.021941551964454135	8.936704425304676E-4	1.0052622998592675	-693.903393982989	22	36.514435773729986	
1907000000	-3402.4899025456016	-2699.269219671106	-703.2206828744954	0.03165576742929318	0.8972619138274179	0.6589500160793094	37.765816936479155	-1040.6690196680631	-1092.7373746415765	-345.5355296881882	-220.32729567327812	0.6862201200962349	1.3516011324591286	1.9950182558129261	2.056125578367624	0.029822305403887247	0.7492032947172539	0.02463593436201434	8.601186007821237E-4	0.9577180312661125	-703.0149823160032	12	37.546899381436695	
1908000000	-3397.616833753539	-2712.9924635054795	-684.6243702480599	0.04714894857097633	0.8540148140577696	0.6994251139678302	37.25188145015712	-1040.4583974926331	-1081.9734364585815	-358.9185328746463	-231.64209667961842	0.6749469661136349	1.3454262999115543	1.9112110470831898	2.4725516122422295	0.031826376580907166	0.8467879854245631	0.024117940669849385	7.487134307803496E-4	0.9076985205297997	-683.0880239829429	17	36.53617380495958	
1909000000	-3382.010430396448	-2693.906513664857	-688.1039167315914	0.04092761747188478	0.8740853275418301	0.6600621853616757	37.63620850718435	-1053.8155441887218	-1071.0786220547068	-342.0471223803702	-226.96522504105798	0.6285071902668437	1.3560028311819445	2.2934415883260013	2.590815124722864	0.030990051395387474	0.9967617397629044	0.02238278922209311	0.001272249040605663	1.159863887627743	-686.852902382032	14	36.42849336302195	
1910000000	-3373.1459134778975	-2687.5194560494524	-685.6264574284452	0.011233317176968535	0.9633943449833777	0.6450744114130377	37.682978509664004	-1029.1644324037427	-1068.7192376478301	-358.6262600218064	-231.00952597607298	0.6652951429271355	1.3620063988232625	1.8169565983962874	2.671660647782429	0.033989936353104114	0.8409719219889017	0.03208950637574219	0.0011505029790434128	0.9625360482374915	-685.2436984866091	20	36.72244994787925	
1911000000	-3418.722526665742	-2697.625350112033	-721.0971765537089	0.024995758929200695	0.9198958793151597	0.6227757074462917	37.96927620272823	-1040.9546152143616	-1068.7739726234458	-360.20538237066046	-227.6913799035653	0.6705227368031423	1.3365863822400625	1.8927965253957064	2.668396641138118	0.025968977373964232	0.8422256820059841	0.021881524834747274	5.86236167220423E-4	0.9023967288493102	-721.5307953654003	20	36.90272044470676	
1912000000	-3370.5892537500563	-2673.5590526453148	-697.0302011047414	0.04011107331534535	0.8693091316099285	0.6562582213234772	37.46328444727388	-1037.189682958946	-1062.0115392540972	-350.4473861943937	-223.91044423787736	0.5731931861042872	1.4515165903887115	2.4042640236880723	2.588218109066886	0.032691009867973506	0.9215768970305981	0.027557805935039564	0.0014979347204006567	1.1458078180513402	-695.9171815301435	18	36.74686559137427	
1913000000	-3388.8623964392855	-2683.546559377897	-705.3158370613883	0.0039057182967690536	0.9852557706580005	0.6472943875516431	38.255975075414916	-1044.4355263603163	-1066.0132834824249	-353.38460595959583	-219.7131435755607	0.6224703315831569	1.5308832509714556	1.7217449288340099	2.132060815718228	0.029619225012715078	0.895076512756202	0.024503396177862943	8.868923675384104E-4	0.9886085895612952	-705.2317836614912	22	37.502743992753075	
1914000000	-3417.1408702521035	-2712.0856176580246	-705.0552525940789	0.0326278692700314	0.9110011245382632	0.631386764584488	40.119839913962544	-1047.7553875678145	-1082.39560896665	-354.78040412554486	-227.15421699801536	0.5438332797337161	1.5395816789247079	2.143012647770201	2.810660441140038	0.03415191860126729	1.0822544708268806	0.029443251830029788	0.003160824048510318	1.4985985803695883	-703.4993647359533	18	37.069818985214596	
1915000000	-3403.7851968402915	-2694.672808937527	-709.1123879027646	0.016367483148766244	0.954453585929417	0.6155288069795025	37.42265932569004	-1044.1194946254827	-1077.231990034089	-344.4889516795268	-228.83237259842824	0.6109448361840603	1.4534822981210984	1.9574176622192054	2.635226520530246	0.03129906420843313	0.8726887690530447	0.024155791284716087	0.0010045853520410104	1.0670217949196907	-709.2263596297736	27	37.08202763212923	
1916000000	-3418.875777340364	-2706.474641107842	-712.4011362325217	0.02211462422973929	0.9315476015452882	0.6147849498482225	37.32870436856998	-1042.236597484497	-1082.4145577951153	-345.07776112220887	-236.74572470602095	0.6216649027540021	1.408067772620315	2.1167074717023833	2.5615188186128712	0.026047347165962513	0.8505830188759763	0.024151801849604027	7.133077051081732E-4	0.9842905699562637	-713.014034840968	19	37.22836749095812	
1917000000	-3429.0596006992023	-2707.1238673978205	-721.9357333013819	0.06439863177517008	0.7907303767972571	0.6958181065458279	37.45531170031447	-1040.2933638857537	-1090.9986089637412	-346.9149283569497	-228.91696619137633	0.6165483317669572	1.56883721332799	1.6954364283543888	1.9490330268567064	0.03406631796072703	1.138240048178389	0.027223508861471384	0.002175236841323393	1.431256312053411	-719.009051957638	17	37.06265273632874	
1918000000	-3386.254469653647	-2673.158353318636	-713.0961163350112	0.005342744065675648	0.982801284466037	0.6242377626899053	39.092376690225535	-1026.859958510015	-1078.39375128695	-341.6099298603492	-226.29471366132094	0.6481748650872611	1.4909027545757736	1.5083003873081668	2.377027094371726	0.02889792712381392	0.8135163182397362	0.024215660377069965	6.49381055506595E-4	0.8564669869572172	-713.530168217747	17	36.72481877801239	
1919000000	-3442.7892519572297	-2705.1071989772504	-737.6820529799791	0.0469510466991026	0.8372272915928607	0.6471104867553433	42.430149548209485	-1034.529454866667	-1088.3982994982837	-350.8061328543044	-231.37331175799534	0.6161452217010682	1.4316852974209682	2.1694220779157494	2.361584474539342	0.026973890058259963	1.0194768338549756	0.023784107331159834	0.0016388888853384293	1.3244597905464277	-736.3150623295791	18	37.60043643402653	
1920000000	-3397.9575775579156	-2685.8241661618003	-712.1334113961151	0.029420469155606532	0.9087721481183786	0.6401977255403836	38.097558245063865	-1034.2002635009453	-1076.5024664473174	-344.18608053228866	-230.93535568124943	0.6613251747993497	1.450971293736619	1.7081451173940483	2.1368260797441416	0.030091036279715093	0.9385687704841724	0.025821447350890123	0.001241509124191572	1.0983780644768057	-711.5642425945491	20	37.60462116737165	
1921000000	-3429.6511966183425	-2694.1329633399405	-735.5182332784021	0.05726536524398736	0.8004224004848474	0.6643239020985443	38.6090597541615	-1053.2082649608635	-1074.345726342677	-341.17543142876656	-225.40354060763383	0.6314868566015183	1.406477098016043	1.957294367544001	2.668190699225677	0.026064574599856335	0.9074300168071298	0.024227026745673518	8.500289240876015E-4	1.0155805669913218	-734.5590783494246	17	36.38953341492616	
1922000000	-3420.6079668048706	-2706.933739078472	-713.6742277263986	0.05562890533937959	0.8159377756400904	0.6981488635972821	37.83210712590378	-1028.7606419294252	-1093.0956430905933	-353.06720638801886	-232.01024767043455	0.6669332027950782	1.3724360224699734	1.9441927144753968	2.324007694332734	0.028535650651372427	0.9646374909072947	0.020842458272956225	0.001219967157333928	1.1501784742448662	-711.9008302025838	14	37.48843519194116	
1923000000	-3408.484460479324	-2696.010900720005	-712.4735597593191	0.014947365967233292	0.9520642214264364	0.6453146561880384	37.01524506806437	-1039.6070024114165	-1078.0394913708162	-348.65446422256167	-229.70994271521027	0.6792664370089425	1.357929304361333	1.5937617809716447	2.8334908408787	0.0332914215457498	0.8181657821442956	0.025524122414267415	0.0010489482150352774	0.9775907141977872	-712.2400204394711	13	36.92877900369979	
1924000000	-3415.831362834957	-2709.5279838320175	-706.3033790029396	0.009658180587016417	0.9682229944029109	0.6713773821095091	40.93994874689898	-1040.5448784738842	-1083.2069529668217	-355.97193249972594	-229.80421989158555	0.6239036066973991	1.3989976901172287	2.248984928526008	2.3691286367747963	0.02882417896750701	0.9171741586816956	0.023303675503384386	9.222828908390206E-4	1.051383791098711	-705.5177258436725	21	38.22648003565696	
1925000000	-3400.474047574354	-2670.248570392791	-730.2254771815631	0.05948887786182309	0.7874319062673019	0.6827081354719743	38.941526936118095	-1026.444327081576	-1074.2734096668037	-339.3259983269332	-230.20483531747817	0.6246509396369855	1.4707315985097682	1.8509751535837442	2.4058412415387735	0.031273605262592256	0.8244501835475795	0.025828834703713336	9.01290518512131E-4	0.946647866892051	-728.6673099818937	13	36.516612575459256	
1926000000	-3442.355984986407	-2704.0139510002195	-738.3420339861873	0.019463854310517635	0.9362044109068408	0.6028980767255782	37.700497401998085	-1047.3582344369945	-1071.6340209605985	-348.9133149366819	-236.10838066594505	0.5802786899670783	1.5201448367263086	2.161763270075192	2.260315637458088	0.02385233530940284	0.6935398393168934	0.02128985620923249	4.0508258262856786E-4	0.8481933735262353	-739.7960696444492	14	36.22868461278695	
1927000000	-3411.8233019737845	-2676.8861443758587	-734.9371575979255	0.03322606047135536	0.8825187590989413	0.6791490888402566	37.97568553852111	-1025.9990639877947	-1066.5876339967308	-353.7609632678815	-230.53848312345212	0.6261420037447786	1.4785534303400711	1.7383408076267366	2.5042246424426695	0.031056897113285017	0.9346033044132517	0.0240397013782701	8.282309800104984E-4	1.0191949593457303	-733.6656855545488	13	37.50699214195965	
1928000000	-3421.1023332823033	-2700.146331896208	-720.9560013860954	0.009974209808116351	0.9658587356908851	0.6485089141467145	37.50415223967394	-1035.092265331783	-1089.7763797948242	-347.4045850369533	-227.8731017326474	0.6271512672761584	1.4194231101250865	2.1871075001183966	2.231879805420839	0.026242869497350628	0.8324448058659224	0.022738086610534253	6.574118932694401E-4	0.9970157505861469	-721.3561092991487	20	37.11945135217962	
1929000000	-3406.9864965374877	-2689.329811909231	-717.6566846282567	0.013004813171079987	0.9602515558763137	0.6241149200589114	39.78096321899106	-1034.8612067477877	-1073.3084043583729	-349.4454412502	-231.7147595528703	0.6139876852914801	1.466611936554843	1.699936956537727	2.909836876528092	0.02865635606154249	0.8257698149496073	0.023071609484008986	6.867018456472644E-4	0.9706426267698601	-717.882532170836	11	38.39356701899894	
1930000000	-3410.8469098603923	-2703.7053602545334	-707.1415496058588	0.027401179989257445	0.9167337796537125	0.6393537714478424	38.37396669033506	-1052.2857990279808	-1070.1879270628976	-353.2005358793126	-228.031098284342	0.5827371233909461	1.431754501329629	2.3727104943930803	2.639960778418254	0.0336511494971451	0.9852953483902318	0.024473187982412044	0.0014305577812179944	1.2011387221154313	-706.0862885290006	14	36.417626011172736	
1931000000	-3397.7528422251744	-2686.651325244978	-711.1015169801962	0.10057199798692458	0.7127303362990445	0.6527793584916184	37.04349308192932	-1038.6535154741787	-1067.878805368032	-345.9582826519967	-234.16072175077068	0.6760907572196141	1.3627453878330986	1.642782305192994	2.76469808824248	0.032610909135093825	0.9102253389254871	0.025415546932668127	0.0010765841797151887	1.014167811222745	-709.1368412615982	21	36.54509229640127	
1932000000	-3407.1453074443916	-2666.8459353513144	-740.2993720930771	0.04498403488491335	0.854739581252015	0.6105314252936774	38.06807134370472	-1024.670198344618	-1069.0355953615758	-341.2850389604124	-231.8551026847084	0.6368717570124839	1.3845393727999564	1.9869190367334078	2.711473947280517	0.027929619541887045	1.083372856542711	0.01969443428242286	0.001327794175399301	1.2850574654377063	-739.6030788254614	17	36.80926509004344	
1933000000	-3391.610000139405	-2672.006830330868	-719.6031698085371	0.043035818598272615	0.8667167102924893	0.6505755229019761	40.01593112481622	-1036.4790941746317	-1067.2751372659452	-344.6839975120445	-223.5686013782464	0.6363660194168896	1.4671221613039123	1.579841531403662	2.690223499388261	0.026002338599943282	0.9613955526551776	0.02400057185699656	0.0010415149850938389	1.164251905447232	-718.7943835633839	22	38.59094324285207	
1934000000	-3412.5399490251275	-2691.7178176939024	-720.8221313312251	0.04247989038158163	0.8458112839227674	0.690602496048211	37.24984773712435	-1040.7999807264873	-1082.3834809113175	-339.78129238283043	-228.75306367326738	0.5837155415819886	1.5402014524065126	2.2861875752570398	1.7967633815845476	0.032790587939447	1.112527997564873	0.023417244846322918	0.0024375403402618614	1.5773931227618962	-718.56215539889	21	36.80555619586584	
1935000000	-3422.2904274593348	-2674.49600365401	-747.7944238053244	0.010061158401938775	0.966631380201341	0.5733438966336035	40.58229879339555	-1034.306802699351	-1068.672518656846	-341.6140670013869	-229.90261529642626	0.665607294430144	1.4430693154967076	1.80139463574547	1.9633969538031213	0.030827977794790254	0.9665619745149914	0.023230035706342744	0.0012913537392010659	1.188049559005196	-747.8960690769975	26	39.48488131549156	
1936000000	-3369.698487616955	-2683.359774949875	-686.3387126670799	0.01635235455159808	0.9496511549802004	0.6358434912022753	38.130578027598	-1027.206353519237	-1073.3526589825738	-351.18102852338217	-231.61973392468195	0.6250804021463803	1.451944227617607	1.8513992253022973	2.566025666382057	0.031157948934436974	0.6860387634224703	0.02321709011008709	5.990108177755923E-4	0.8422538005914842	-686.7362325458212	24	37.522501005964706	
1937000000	-3399.8992829979115	-2667.7810393798877	-732.1182436180238	0.021717741487051415	0.9226325908216205	0.629589469181566	37.89457266424229	-1029.8116027377303	-1066.9427962065818	-346.5842761899357	-224.44236424563996	0.6360434049466407	1.4668155626257253	1.7424622665462948	2.4145262759270767	0.0275065985406157	0.8766833565674234	0.02313328365781301	9.984564107981969E-4	1.0748360822712402	-732.2674368718507	15	36.830507573619	
1938000000	-3420.1976257782153	-2676.116007137093	-744.0816186411221	0.021298736575470302	0.9062700227000329	0.678302277559465	37.92097995020935	-1036.6680127863758	-1072.8750006507246	-339.27182728004436	-227.3011664199485	0.6290707807406849	1.4845273569182842	1.9198890650052605	2.077103089904023	0.02593931375606591	0.8742778513290427	0.021658718880423748	9.536121118064079E-4	1.096930217782437	-743.6950330941185	13	37.736981383080526	
1939000000	-3417.3276494695165	-2689.174439401546	-728.1532100679706	0.012052356291489553	0.9594054410054996	0.633892652777321	37.805705016295974	-1029.5611644707558	-1082.7376299732528	-353.0538135711298	-223.82183138640767	0.5953011948593057	1.4899334684374388	2.1470965114691367	2.272457186666028	0.02700052973097374	0.7458399778870265	0.02491179970502559	4.4673450980678555E-4	0.7925122660215296	-728.887167067466	19	36.72431694777648	
1940000000	-3422.4603766216887	-2676.199293413898	-746.261083207791	0.07043517747267874	0.7663667363317055	0.6570390880939322	39.777548442382276	-1041.9097043992151	-1065.4171306629323	-339.83583304522284	-229.03662530652775	0.6119847433379438	1.57987741567505	1.7917440725972225	1.767841008459243	0.03101213271358371	1.0105002212473255	0.02587733644420896	0.0013122314622878402	1.1548302609040506	-744.2705052221147	13	37.49683090156697	
1941000000	-3432.241024976301	-2701.512006250511	-730.72901872579	0.036779129613946984	0.8809883507940767	0.6213110330005299	38.54121363710794	-1042.1340643961917	-1078.5335993368647	-352.5906351845319	-228.25370733292254	0.6688049440273449	1.2832531143010233	1.8863659109701603	3.1922876905743034	0.032438084912918996	0.977251005487188	0.023632396907054584	0.001119962452031539	1.0894463070518916	-729.8705190279157	14	37.691320455600895	
1942000000	-3385.669253413581	-2666.5580796654694	-719.1111737481116	0.028746240481820413	0.8973996550474274	0.6495119762640945	37.45932489564728	-1029.3992408716601	-1064.9129416566575	-343.9764069158889	-228.2694902212626	0.6028546945894269	1.384835577632678	2.465400106534427	2.5177904176724013	0.028550729913232813	0.9874288828002874	0.022003319797378164	0.0011560959490364965	1.1692304800857147	-718.4798576738904	18	36.85823138523551	
1943000000	-3394.1459464586333	-2704.495069732904	-689.650876725729	0.04339895838430501	0.845752355202342	0.7057400724893278	37.33867900589806	-1029.304514775862	-1083.747130386965	-350.0366373664837	-241.40678720359344	0.6392140833132622	1.2946332817097121	2.0696027445262044	3.331428078740614	0.03309435935683179	0.912699449152952	0.026446819386236182	0.0012305798649602064	1.075087645053354	-687.7027587614124	22	36.167277192636874	
1944000000	-3376.5196147777883	-2691.53550268572	-684.9841120920681	0.0546344999499279	0.8566456311795215	0.6504897377718799	37.43038671174038	-1029.5205133644702	-1074.1624872040786	-357.4560846710237	-230.3964174461474	0.6486925315947066	1.4516848726535327	1.6905336560244915	2.4012441477768336	0.027918751628051363	0.8614621883273973	0.02209461231045239	9.464924190961347E-4	1.0293182839106534	-684.412265635291	21	37.279106050310844	
1945000000	-3392.417219166464	-2687.6168516350062	-704.8003675314578	0.0456268205541014	0.8777938694677377	0.638830854670392	38.088045084101644	-1042.3536790580636	-1062.0657400684818	-351.396554444972	-231.80087806348908	0.6158642240359197	1.4458495890308416	2.132478824082155	2.304095499897076	0.030672885931428445	0.8673873653924767	0.023851213890678537	9.910513272443056E-4	1.0491965815611795	-704.1688684410358	20	36.57312264036355	
1946000000	-3404.357238050762	-2677.023071977537	-727.3341660732253	0.05455397971885432	0.8291324078632668	0.6413662185495603	37.91579514088495	-1034.3466743735394	-1071.8979637875223	-347.50568165920555	-223.2727521572695	0.6056365930029365	1.588804808300576	1.8524094991631037	1.7019448347044368	0.026046456637092045	0.8493099094910591	0.02131863759715742	8.84078029081651E-4	1.0904787091700356	-727.0180911467037	23	37.739932230428785	
1947000000	-3420.807747805057	-2690.0972337695594	-730.7105140354973	0.041409069771238115	0.8529246692461738	0.6594930252415583	37.0796827968473	-1037.5420011997146	-1074.200175042664	-352.8382659039753	-225.51679162320576	0.6138312617544965	1.4712272964168707	1.955978269231218	2.42319838775896	0.028942314590822863	0.9531894957115322	0.022024109505374416	0.001244742628787397	1.1482832304057848	-729.831821748733	19	36.984979106581754	
1948000000	-3404.086451051545	-2687.847073891923	-716.2393771596214	0.07596657361274334	0.7896475643927467	0.6479357077255063	37.15820771436799	-1044.5919890787252	-1069.8885033584854	-348.2421071776745	-225.1244742770382	0.6453245081458073	1.3927785024552555	1.9011509254248327	2.6268137036397547	0.0308352012039913	0.9337895762304783	0.022681282905125884	0.0012178059342316384	1.2230247267693777	-714.8576683638211	21	36.59011931921631	
1949000000	-3417.3150963825005	-2701.4047651301767	-715.9103312523238	0.07191173254760008	0.791086502402073	0.656559565920484	37.07916174657045	-1052.0835055488637	-1075.3631496259666	-347.5201580164366	-226.4379519389098	0.6376908254537522	1.3700953821737367	2.185218028032596	2.478884327758889	0.024453814097769044	0.7412985984449039	0.022969937963887323	4.923892323935449E-4	0.8622345590232985	-715.6907163556624	22	36.951926920000545	
1950000000	-3438.912075641112	-2687.2790046064147	-751.6330710346974	0.007092650939665369	0.9746665341523159	0.5915705207510581	38.49477448162656	-1038.3076548161405	-1058.7039073799117	-353.5886540269379	-236.67878838342426	0.6366889546267669	1.415925569831262	2.1915122690085975	2.0744332628458846	0.030029217621513	1.0668084406565812	0.024535059831524108	0.0018348368099774493	1.369618600357353	-751.57732569508	15	37.62772716753206	
1951000000	-3408.8888111762826	-2679.9842202752934	-728.9045909009893	0.03030553850949338	0.8949731134825737	0.6734363833197717	38.74351521740254	-1037.2391981663664	-1061.5407805115235	-347.46134355460487	-233.7428980427989	0.6126229054860074	1.4044159200930793	1.8784779940746508	3.1830850252983782	0.02983136498086077	0.9209316945734213	0.023623582065878168	9.529523405418772E-4	1.0347627798052548	-727.8568349827275	15	37.02636001511313	
1952000000	-3417.549707619772	-2700.3145603017592	-717.2351473180129	0.02761675386557397	0.9131472552447926	0.6212067755179499	37.23989751907598	-1031.1109666159073	-1082.7584391595321	-355.8625790372486	-230.5825754890717	0.5629754060671555	1.5508444900072789	2.3801747092543444	1.9305611334642656	0.026769873422914706	0.852218415043156	0.02317451579080553	6.465234906925431E-4	0.9148473657468922	-717.6156121316088	20	36.31510043801695	
1953000000	-3449.7555515429945	-2689.04327489062	-760.7122766523745	0.010915867858651111	0.9584249111885021	0.5936398623293938	37.98268063333719	-1016.8607846769091	-1083.8700156662578	-361.8711453554922	-226.44132919196045	0.6424685694672746	1.2811673018544296	2.180975364087381	3.195884576279782	0.027586561358665485	0.8066098485123189	0.02194988482643709	5.487788882191339E-4	0.9078554454146839	-761.6684848697024	18	37.07479666047392	
1954000000	-3433.3384995969996	-2690.2456411852854	-743.0928584117141	0.025050432488929936	0.9072874500423668	0.6481128518818038	37.96524781220923	-1035.806928085188	-1072.028435879834	-350.9337531484688	-231.4765240717945	0.626552323017411	1.4958512320470831	1.845992604755585	2.152357715923945	0.02716485497690652	0.8819338949290657	0.024652348805541423	0.0010081634682376865	1.0329101171150996	-742.9487635534056	17	37.618613856154596	
1955000000	-3398.7127778335507	-2670.229017487639	-728.4837603459121	0.057582012043646685	0.8128010896228622	0.6737458412796207	37.44661103693804	-1038.6510621833966	-1057.362155862015	-346.10710475604947	-228.10869468617798	0.6383058986354522	1.4163415614064998	2.0366038683114915	2.3110571037234715	0.03181533388398467	0.9253563425467088	0.02412397992324325	0.001346784127022105	1.1790316374251093	-726.9014516780087	23	36.56323763569781	
1956000000	-3392.6991762761954	-2689.275673051865	-703.4235032243305	0.006047417345185728	0.9778887597996552	0.6641194986203973	37.429135725932596	-1032.4813396827553	-1079.797947560311	-347.4988266965239	-229.49755911227473	0.6687211116224947	1.345388521050315	1.9355617254831659	2.548569170124867	0.029654712359097876	0.7879585500274839	0.02330199886456438	8.038453094017317E-4	0.9875808233179686	-703.490701693219	13	37.07204213118743	
1957000000	-3412.9460232903366	-2694.768095984788	-718.1779273055483	0.012492555673758284	0.9622944273634586	0.6001591934490649	37.724147343149625	-1048.1144749797347	-1079.928989567011	-340.90313827443055	-225.82149316361148	0.6529525163782722	1.3674398126813885	1.7676519778412119	2.9435529134588547	0.026451265694515412	0.9043000361468742	0.023100421587568257	9.625386755893932E-4	1.127513312107069	-718.8707652005276	13	37.124409171299426	
1958000000	-3415.440230258141	-2697.667215774914	-717.7730144832271	0.054685379782233076	0.8175348001509316	0.646219936982786	38.27648882794329	-1032.249798660421	-1084.8990951643907	-351.15610280195375	-229.3622191481486	0.6133092598704607	1.4683221826899064	2.148345842864799	2.1226191932393377	0.03488314930102659	0.911769751749423	0.02614661776901617	0.0019056759612724853	1.2237222236995648	-716.2688064965117	18	37.48981609702444	
1959000000	-3429.937600378579	-2710.537821681058	-719.3997786975208	0.016578183708725654	0.9535368515368141	0.5734337644022379	37.06960518418851	-1036.9589125116356	-1079.0005189732556	-349.6863307123982	-244.89205948376926	0.6407962437609943	1.4085081132856594	1.5673632813872194	3.1554126065431958	0.030669362247991324	0.9747139496830763	0.02856087582434638	0.002171181945172552	1.361603183571051	-719.7557962461434	19	37.05224358869426	
1960000000	-3433.947046327516	-2681.860051583381	-752.0869947441353	0.01355859513927819	0.950591028943972	0.5934412430438976	38.46459477874343	-1045.9247395324753	-1055.9700887944516	-353.7150607765758	-226.25016247987853	0.6371455046271198	1.3446018949821863	2.2190638147506743	2.6594566814320855	0.0314845724339884	1.0141509444701364	0.02105500526065534	9.79543265258522E-4	1.1675803872463566	-751.9203870114206	18	37.076478625817536	
1961000000	-3414.5633941670812	-2703.3837451322793	-711.1796490348022	0.07849885790825513	0.7915998082484811	0.659759189335037	38.092337514679386	-1042.3675643153156	-1085.624195052829	-343.1740857390592	-232.21790002507515	0.6183398438359692	1.4497074379975772	1.9347861979136547	2.568300178790218	0.03741497539632734	0.9618766512440815	0.02697710092507177	0.0012714881901279354	1.0842777305072815	-708.7488027491661	16	37.74677897015199	
1962000000	-3411.18108632036	-2695.7921670226006	-715.3889192977592	0.012857211484529979	0.9609156713248062	0.6315710173001853	38.01266726926717	-1027.4168264730172	-1086.4811014113234	-352.249610675247	-229.64462846301265	0.6734904663348665	1.3741757837925295	2.045243625045166	2.0069227416764805	0.0344276525975377	1.0621623274700795	0.022291372111646945	0.001790787531120883	1.341810591189206	-714.392738149011	23	36.9749987839285	
1963000000	-3397.1602348860433	-2706.445213686151	-690.7150211998926	0.016917850895732944	0.945015015351274	0.6781985340065385	37.4106787097754	-1035.6754813687464	-1088.033835353677	-351.34530895297496	-231.39058801075282	0.6123528366016981	1.4879401699935544	2.052366372837304	2.132193422161175	0.03430378309129987	0.8626529267513933	0.02785376013167787	0.0011646196958731388	1.0006717631111792	-689.6935764527257	16	36.834980462387946	
1964000000	-3397.2413532166634	-2710.423650734986	-686.8177024816774	0.05007705358107384	0.8456057513138947	0.7210862056123806	37.16717160579669	-1045.6288162299527	-1089.025287134733	-348.37040213495186	-227.39914523534867	0.6135876831962882	1.3610140334077643	2.41684412444647	2.6132305008200865	0.034284979744642056	0.9824679631436765	0.024333032633655063	0.00177955474646908	1.2458040310680505	-684.1911609758886	17	37.04363060781971	
1965000000	-3379.9793224790174	-2684.43148473349	-695.5478377455277	0.014270506186898015	0.9517910542399758	0.6719842181566821	37.1951099525635	-1044.7051285549037	-1055.5239947293062	-351.0377672585913	-233.1645941906885	0.5534082074892968	1.57683222337569	1.8284439942035011	2.8439770574667955	0.02919714566702623	0.7461934759128253	0.02632152816004468	6.915342023263771E-4	0.8681103593373628	-695.5693794290025	15	36.95629727637455	
1966000000	-3402.875842301468	-2696.760400657996	-706.1154416434721	0.03619245264522633	0.8809138099591539	0.6452520412399697	37.94928989136952	-1045.8253969543525	-1073.9009331563798	-339.050105135382	-237.98396541188134	0.6366763963430863	1.3908897309601451	1.7410483278925772	3.0883063170288136	0.03233698577564448	0.8530125731603562	0.02380597093450645	8.523689040085147E-4	0.9636702941377067	-705.4179587122452	16	37.665289958071725	
1967000000	-3431.951145588093	-2686.6506481897836	-745.3004973983092	0.016122704137498355	0.9365150802317705	0.6400487058462979	43.12855114809728	-1037.358200279448	-1078.9767698051562	-347.7807458837466	-222.53493222143268	0.6280672404645153	1.4750409740521713	1.9676033536379716	2.098047795838964	0.03116391255089197	0.8892318369855401	0.021328130209969785	8.877869505215386E-4	1.0595897017308087	-744.4634478375859	10	36.79334978561879	
1968000000	-3410.691949028893	-2688.4296758304395	-722.2622731984532	0.06592827705236426	0.7879598118943089	0.6638799189592091	37.45553076742332	-1023.2671857182189	-1083.8840120935376	-355.46497563119806	-225.81350238748536	0.5879140167249725	1.507307562184919	1.8367365537786675	2.7995766534493134	0.026588621474239564	0.9200571479835328	0.02485722637536258	0.0012395208093275182	1.2008698104670985	-721.2119457421718	16	36.986937940857	
1969000000	-3393.054331966815	-2674.2246916613026	-718.8296403055123	0.06787591303879925	0.788772023993175	0.6778328685932626	38.107490035390576	-1009.4780426666941	-1079.2294013227663	-348.04650234329944	-237.47074532854265	0.6076055266883321	1.439439990447267	2.110986434760822	2.5563088180655504	0.032561066669464275	1.0636990054517188	0.026708322984081424	0.002796757095570926	1.5452195293478843	-716.4512800825404	16	37.6051915526406	
1970000000	-3409.128362086111	-2679.194090563389	-729.9342715227216	0.02051943558234756	0.9300641903982305	0.6708891807363808	37.052651150448895	-1032.5479848222406	-1081.1320730935822	-345.5454465562621	-219.96858609130436	0.6710111955174807	1.3251774280066313	2.1546281800204494	2.303591118073081	0.03808741079023308	1.0759972133350482	0.02217926855110644	0.0015325894972573176	1.216617461727597	-727.9471816572642	16	36.9047646677329	
1971000000	-3394.643170476389	-2670.615952263533	-724.0272182128562	0.038524964084053606	0.8590750918653292	0.6984150249957458	38.20932736710739	-1031.091117537754	-1069.7455246451848	-348.05524527389343	-221.72406480670097	0.6289847389591251	1.4077388045930646	1.738875493365311	3.086608605050439	0.02572340455015876	0.7336103367249232	0.024221786474474077	5.7641022644642E-4	0.8835710759185018	-723.4821498543893	17	37.14375760508959	
1972000000	-3367.3470512642566	-2669.178964067301	-698.1680871969556	0.040567546767174625	0.8752077727506486	0.68765442538687	37.59552404315164	-1024.2472837400705	-1072.3092944361667	-343.7018006436652	-228.92058524739883	0.5927783384602323	1.4520573241465586	2.107001378919191	2.731443238828699	0.030289498664192813	0.9002750573646322	0.025584701800991514	0.0013613707768980832	1.1667231399496956	-696.8832508413007	20	37.052337688755294	
1973000000	-3410.3208296709736	-2705.465126798898	-704.8557028720759	0.04078135541481649	0.8415165332410075	0.7207327577854835	38.022056977254586	-1035.505718314564	-1086.5874501362835	-351.4579770893166	-231.91398125873346	0.5795250402731403	1.5596731589887693	2.086880303723002	2.049925272396857	0.03324479947526693	0.9059397343870157	0.026125914744088288	0.0015390412131238514	1.1511496245796968	-702.6074436667021	19	36.89266778137206	
1974000000	-3373.0001892730743	-2673.180826737264	-699.8193625358101	0.022018403192340167	0.940080227796393	0.5694652848896664	37.75550562874383	-1024.5492504247895	-1070.5252016584236	-350.3018280475167	-227.80454660653425	0.5916120859358891	1.4870860479157673	1.810181812875927	2.957777763443994	0.031734977062416625	0.8995193438970907	0.02482681518015221	0.0011154739323704771	1.0690763751180523	-700.1863008082439	23	36.509078984671085	
1975000000	-3390.6637202189813	-2673.2170222102145	-717.446698008767	0.03807602705990391	0.8692683683115329	0.7038491429523458	37.14944232594727	-1021.2875858462527	-1070.3538598607884	-349.233293747202	-232.34228275597152	0.5425533356726057	1.555740142856594	2.099390590785127	2.765891802637829	0.03435738930472728	0.9570812824074642	0.0297670606459787	0.0020707636009493725	1.2824945675310304	-715.3801657937772	16	37.08057665855806	
1976000000	-3360.8866075392766	-2659.9027659774165	-700.98384156186	0.035323678453885274	0.8834482433898849	0.6417471607267901	38.51216870615621	-1016.9219251977398	-1073.4595718794822	-342.90768758933046	-226.61358131086416	0.6830516978142528	1.321214824492554	1.9454507022880514	2.4765455920927533	0.028710700672079165	0.9978792577204352	0.021784154351969724	0.0010159033208918193	1.197785826779507	-700.1984686143014	16	37.06590764430803	
1977000000	-3394.6197219645114	-2689.044816072883	-705.5749058916284	0.08013778080734774	0.7383168003903882	0.667600116468585	39.03191776435124	-1042.207098308106	-1076.1935096636569	-338.8066948647455	-231.83751323637458	0.5974055681156065	1.5459062901721443	1.817382153056888	2.3057188264052293	0.027416006467210628	0.8220203997166019	0.025814649309293072	7.67149080967171E-4	0.9517160694899532	-704.2876672709938	15	36.599901510398915	
1978000000	-3381.7235624767045	-2667.2676886450618	-714.4558738316425	0.025286577095609015	0.9136621536785584	0.5926085669241626	38.556339853805945	-1025.3070839202655	-1069.7540934928747	-353.2663969955218	-218.9401142363995	0.6553852260157452	1.4586517496337625	1.6229527130155228	2.3296477112204217	0.034048563006165426	1.104358981975743	0.021038324198188647	0.001653419427953762	1.3109333344319665	-713.5607290672717	16	38.17542164998564	
1979000000	-3353.2103244811974	-2655.202038330409	-698.0082861507885	0.04865906769312998	0.8466048264844351	0.6644659972528699	38.45877546993501	-1017.1446617828032	-1060.8060310720266	-349.15078883337753	-228.10055664220135	0.5633106099331403	1.4829815852704404	2.142676744167081	2.9505798415446063	0.03332618067283725	0.9670063011291072	0.023390843618172393	0.0019649744018036407	1.2943675985869718	-696.3322344697275	18	36.24417236880247	
1980000000	-3371.8695724303007	-2656.141118240071	-715.7284541902293	0.04459623987970181	0.8338819553931126	0.7185846809757449	39.478849743344426	-1028.9067932523324	-1061.983166440546	-346.4381517757284	-218.81300677146407	0.6827733675553712	1.3860915855762448	1.7804791131129443	2.1866432983146997	0.02981455398194648	0.9938529714853223	0.021677058018884175	0.001249869944571965	1.2320404900152038	-713.3816588642071	14	36.10891246964103	
1981000000	-3388.521229598392	-2692.205830526466	-696.3153990719259	0.014987082237962504	0.9549194540686786	0.635913065042554	37.50249414544989	-1030.622497452748	-1083.9061800116244	-349.8075807250278	-227.8695723370656	0.6491874800432182	1.3765622383153748	1.896135567081763	2.708140491947995	0.028674060871253376	0.9276653621250259	0.024527602828860746	0.001286008206522529	1.1658961266700159	-696.2745218686325	17	36.76031514825376	
1982000000	-3389.556649077578	-2697.011375921112	-692.545273156466	0.011368183233365092	0.9623001058564584	0.6713398709399806	37.25433192592096	-1042.6162694929112	-1068.0952446555127	-360.16831730701097	-226.13154446567734	0.6142812499096605	1.5082044761150313	1.957929001248851	2.078440214496214	0.028263460579946147	0.7968523117351438	0.026045978555703914	8.8483137078253E-4	0.9758773448076915	-692.5471962054064	15	36.98180457132408	
1983000000	-3393.095976614819	-2676.43860047668	-716.6573761381385	0.0378071781804282	0.8732435281495171	0.6765114091654234	37.14729294533518	-1042.129319503296	-1071.1682820371934	-345.03497691690785	-218.106022019283	0.6457998984564552	1.4232951874888384	1.7274911024794999	2.6470358125891944	0.025257230749257484	0.9245312832860954	0.020551284624320845	0.001041702271128125	1.2114363025117867	-716.030646296433	18	36.464715686582416	
1984000000	-3366.4141941091425	-2676.653533047161	-689.7606610619815	0.03913797232751345	0.8678324644593827	0.6781726908299287	37.31031389870585	-1032.1003650399402	-1066.300127053588	-349.44693729263975	-228.8061036609928	0.6798402697949358	1.4158127487398995	1.712975981733627	2.0930121672038084	0.03583984286606438	1.1280882587077874	0.026773428204455774	0.002611226546996457	1.4236490307476979	-687.3989444038556	21	36.52182569629318	
1985000000	-3398.8635743482328	-2702.5161543615886	-696.347419986644	0.02335003862241228	0.9197701931409215	0.6945390909653524	37.13416944790642	-1048.6863939857235	-1073.786799119744	-354.947795981028	-225.09516527509325	0.6335306417498088	1.4252799669956604	1.9925880089712957	2.3983690880934163	0.029255808918528525	0.8412649720276628	0.025005286020451878	0.0011435030481995786	1.1137105314689455	-695.5617632561731	13	36.967091520536115	
1986000000	-3358.158434089504	-2690.532855743326	-667.6255783461783	0.048198978943418666	0.8646885274328325	0.6593513265456697	37.03721728698845	-1029.5054419058056	-1077.6574614027481	-355.6294290255996	-227.7405234091724	0.6039707646205097	1.4419076756076576	2.372594193221199	2.1453465536048135	0.0346832584585372	0.8638533028460741	0.027016696146378562	0.0013016010732165508	1.0003084623899547	-666.3800688723733	21	36.82897981261427	
1987000000	-3418.3595150331166	-2707.0033213380566	-711.3561936950601	0.014419973125171215	0.9507694011915319	0.6750732017526506	40.304485019849	-1039.389872981181	-1078.241927258259	-358.6994090933622	-230.67211200525426	0.6700955265861939	1.431204481592149	1.9169051118878633	1.7827607147297397	0.03508444185782296	1.043204652912387	0.02517468345989183	0.00210410131253909	1.3577639449723793	-709.4811929591428	14	38.41434679840064	
1988000000	-3380.0464127481205	-2690.556201787001	-689.4902109611193	0.001726674030792183	0.9940824171755518	0.7072145150748327	38.968071261866776	-1039.9740530761512	-1070.4657461036434	-351.5686206365366	-228.54778197066975	0.5572916445405661	1.558094673118784	2.2392503049962245	2.2199186619173132	0.03507632946555366	0.8705789658922886	0.026846859993606743	0.001918831383556717	1.1896305750342968	-687.9827225567493	23	36.652858021564896	
1989000000	-3386.0133398165876	-2687.7032940551208	-698.3100457614668	0.015241146537889917	0.9516987038109884	0.6734573629500309	37.23961239306652	-1045.5248635656844	-1075.1874644889253	-344.0025380760886	-222.9884279244223	0.5901757289521257	1.4351261189402014	2.056081038642032	3.022384261824744	0.032421956081919154	0.8415438198273746	0.023606386365557775	7.045533345699235E-4	0.8574316369940569	-697.6651064089928	22	36.38415788427511	
1990000000	-3394.5132467368244	-2675.5846884944335	-718.928558242391	0.02069541461746306	0.9239609853571832	0.6470453509241622	38.29561100170968	-1029.176653695057	-1077.5743179096264	-344.0119460900412	-224.8217707997088	0.564983796078131	1.5193539304368784	2.1284349801198945	2.6163612853742344	0.032185558129746696	0.967086356154345	0.0236346314193395	0.0013519896189948181	1.1196015338098915	-718.0797815508723	18	37.2172564438322	
1991000000	-3392.9372195784235	-2677.6939479321513	-715.2432716462721	0.01100610891737964	0.9646269497896264	0.6456545477448661	37.03301039588369	-1029.3674468941863	-1073.700908428604	-349.0545250443174	-225.57106756504388	0.6449848960216866	1.3540703488539882	1.9089349917511689	2.96801760033797	0.031196785836	0.9236955277357084	0.02225919903862358	0.0010586836891576482	1.084227368606936	-714.9475194602228	19	36.9426576059653	
1992000000	-3403.3070574216276	-2682.571759600052	-720.7352978215757	0.04516765058469366	0.8563566565882774	0.6237655369479311	37.00319119057883	-1039.3244215018512	-1058.717874685515	-352.3921652410865	-232.1372981715989	0.6416799855817069	1.3824773409329143	2.1266678648205213	2.394115442115941	0.028184826255584217	0.9052819240399457	0.024868732308249226	9.993658831653144E-4	1.1238234230472717	-720.5140879006555	19	36.54389075554623	
1993000000	-3394.626547743718	-2687.1063077215595	-707.5202400221588	0.021874045077003086	0.9332739531018815	0.6208524350258247	37.309283445962414	-1044.091613453802	-1059.4272252122535	-352.2050433095376	-231.38242574596623	0.6148562987948509	1.4189228400432827	2.1028648844084974	2.6174112147938966	0.03263855330762424	0.8291318479511935	0.02487812079583316	0.001021091170421651	0.9885660260964981	-707.4899099732042	21	36.52752875970727	
1994000000	-3400.8006654174155	-2673.805429896583	-726.9952355208326	0.03830598010986433	0.8712407729722373	0.6543187617244193	37.602795830556786	-1025.7133180587016	-1065.0750860186731	-357.61876091976904	-225.39826489943943	0.6207876957683436	1.397893999595696	1.9296227898416318	2.9971479018178275	0.02457962992094151	0.7860614231744543	0.02075747137391431	7.759760693705203E-4	1.0387574412974656	-727.1319949017764	16	37.10400245611763	
1995000000	-3422.2197726454688	-2691.326149713486	-730.8936229319831	0.008851107848143235	0.9683117542526456	0.6382268636201743	37.00276795878538	-1035.5677542224855	-1083.0089738317627	-344.9235519676786	-227.82586969155912	0.6499709414783289	1.4570597905239784	1.740789894172813	2.2406316823940404	0.0344319312763236	0.9703580742095844	0.0285417622587139	0.0020377339960516478	1.2775061437477992	-730.2577995923856	13	36.4495065890466	
1996000000	-3406.8986762636146	-2670.6900275652815	-736.2086486983329	0.04594641164834968	0.8242441190709537	0.7080395575742763	37.16379658241459	-1031.4438635532506	-1057.0617222564565	-346.42565285338026	-235.7587889021941	0.6666238019386297	1.3633367618776382	1.8429700404540614	2.588919335473219	0.02624269334981854	0.8999270634197113	0.021719950041061063	9.717499805222411E-4	1.1755044986230003	-734.8934236826531	15	36.81668686525024	
1997000000	-3448.6983282308515	-2685.8130524511516	-762.8852757796998	0.017966831101692653	0.9333935390747368	0.6077292933834597	39.81696934026762	-1036.589510125892	-1066.9276793343495	-354.2270782320379	-228.06878475887194	0.6254339917012138	1.4867304838977617	2.011371813307839	1.9662791293089357	0.02752522021557289	0.8814465490480949	0.021199378415301378	6.65314251221675E-4	0.9693318978419396	-763.1435196087663	19	38.734450147816986	
1998000000	-3389.144688532493	-2672.0599893573794	-717.0846991751138	0.03202599933146658	0.9104921578967955	0.6039552077902599	37.9147087491035	-1029.1454874887604	-1065.4180468781606	-355.5570408634841	-221.9394141269746	0.6420195578184961	1.431375107492104	2.2746988157215275	1.6885295065075172	0.02751894379621057	0.9146327182964367	0.024601516557844903	9.093023141318015E-4	1.048249850351528	-717.2716161379632	20	36.538784466525414	
1999000000	-3400.7544719576435	-2681.6808736686708	-719.0735982889729	0.02417830358051333	0.8999046999091053	0.6970393247972801	37.39414120643402	-1027.9759661496423	-1074.692913327165	-350.2720260370324	-228.73996815483142	0.624037598784748	1.3498663310339583	2.4368087016659854	2.4800734158692337	0.029263698745525934	0.9086749657594738	0.021778645102232798	0.001195140888774188	1.1351530101810696	-717.9747035635197	20	37.345203144213485	
2000000000	-3435.5633719990556	-2685.557953147334	-750.0054188517215	0.02978142312797969	0.8972838713546781	0.5722416247247232	37.7296058926914	-1043.0527194303709	-1060.1297738500311	-348.17030352826754	-234.20515633866464	0.6353383475611979	1.4523105848738262	1.6594678810371628	2.703707340658296	0.03494103574380555	1.080226369773801	0.02816514779637566	0.002391527740724742	1.36746124574286	-749.3154391188773	15	36.46487529597676	
2001000000	-3432.7933131808204	-2700.1067723446326	-732.6865408361875	0.021451658621972947	0.9264579374335582	0.6335589637570336	38.31163257724899	-1027.6781980521303	-1089.6336902757075	-354.5620176845241	-228.23286633227082	0.5781225733248477	1.4749247285534977	2.062413720886829	2.8821245382950305	0.030478428587844074	0.9900391938341364	0.023757222316976023	0.0019063416129825	1.4190832473319968	-732.1065064047808	17	37.084238231036565	
2002000000	-3405.2950986292653	-2683.7820734301667	-721.5130251990987	0.025878635701892007	0.9195752617076808	0.6104598034720007	39.442970354043496	-1036.233888242161	-1064.6675277663435	-350.1417036229011	-232.73895379876114	0.624245419803649	1.4441926483811676	1.7947608368368388	2.7507717238362916	0.024511462267768794	0.8398146464382887	0.020809239740579175	7.30347905526749E-4	1.0388260807644496	-722.0693822361536	15	36.67568368276106	
2003000000	-3430.3681750119995	-2698.7797277375735	-731.588447274426	0.026782756265005276	0.9130717241381454	0.622874629850561	37.36416093611558	-1035.9981906953367	-1092.4624226847736	-335.0679729034634	-235.25114145400008	0.6305201859769376	1.4930909796983576	1.7505882774646322	2.2687681635904524	0.02918139376971302	0.940273831538753	0.023169120068208787	0.0010019027230895052	1.0870986081689171	-731.4385302377495	17	37.12520253224591	
